2026-08-14 22:39:20,434 click-through: hwnd=2228764 exstyle=0x080800A4
2026-08-14 22:39:20,434 hit-test hook: hwnd=2228764 old_proc=140724866741152
2026-08-14 22:39:21,694 left click mode=idle at (2074,350)
2026-08-14 22:39:25,563 left click mode=idle at (2442,114)
2026-08-14 22:39:26,522 left click mode=select_window at (1061,50)
2026-08-14 22:39:26,522 select hit: hwnd=1114858 own=False
2026-08-14 22:39:26,523 select_game_window hwnd=1114858 own_root=2820000 own_overlay=2228764
2026-08-14 22:39:26,523 tracking: rect=(28, 30, 1452, 1144) overlay_mapped=0
2026-08-14 22:39:26,525 after select: mode=idle game_hwnd=1114858
2026-08-14 22:39:26,584 tracking: rect=(28, 30, 1452, 1144) overlay_mapped=1
2026-08-14 22:39:26,691 tracking: rect=(28, 30, 1452, 1144) overlay_mapped=1
2026-08-14 22:39:26,799 tracking: rect=(28, 30, 1452, 1144) overlay_mapped=1
2026-08-14 22:39:26,908 tracking: rect=(28, 30, 1452, 1144) overlay_mapped=1
2026-08-14 22:39:27,009 tracking: rect=(28, 30, 1452, 1144) overlay_mapped=1
2026-08-14 22:39:27,110 tracking: rect=(28, 30, 1452, 1144) overlay_mapped=1
2026-08-14 22:39:27,211 tracking: rect=(28, 30, 1452, 1144) overlay_mapped=1
2026-08-14 22:39:27,312 tracking: rect=(28, 30, 1452, 1144) overlay_mapped=1
2026-08-14 22:39:27,413 tracking: rect=(28, 30, 1452, 1144) overlay_mapped=1
2026-08-14 22:39:27,514 tracking: rect=(28, 30, 1452, 1144) overlay_mapped=1
2026-08-14 22:39:27,615 tracking: rect=(28, 30, 1452, 1144) overlay_mapped=1
2026-08-14 22:39:27,716 tracking: rect=(28, 30, 1452, 1144) overlay_mapped=1
2026-08-14 22:39:27,817 tracking: rect=(28, 30, 1452, 1144) overlay_mapped=1
2026-08-14 22:39:27,919 tracking: rect=(28, 30, 1452, 1144) overlay_mapped=1
2026-08-14 22:39:28,023 tracking: rect=(28, 30, 1452, 1144) overlay_mapped=1
2026-08-14 22:39:28,028 left click mode=idle at (760,421)
2026-08-14 22:39:28,124 tracking: rect=(28, 30, 1452, 1144) overlay_mapped=1
2026-08-14 22:39:28,225 tracking: rect=(28, 30, 1452, 1144) overlay_mapped=1
2026-08-14 22:39:28,338 tracking: rect=(28, 30, 1452, 1144) overlay_mapped=1
2026-08-14 22:39:28,446 tracking: rect=(28, 30, 1452, 1144) overlay_mapped=1
2026-08-14 22:39:28,493 left click mode=idle at (842,575)
2026-08-14 22:39:28,556 tracking: rect=(28, 30, 1452, 1144) overlay_mapped=1
2026-08-14 22:39:28,657 tracking: rect=(28, 30, 1452, 1144) overlay_mapped=1
2026-08-14 22:39:28,758 tracking: rect=(28, 30, 1452, 1144) overlay_mapped=1
2026-08-14 22:39:28,859 tracking: rect=(28, 30, 1452, 1144) overlay_mapped=1
2026-08-14 22:39:28,960 tracking: rect=(28, 30, 1452, 1144) overlay_mapped=1
2026-08-14 22:39:29,061 tracking: rect=(28, 30, 1452, 1144) overlay_mapped=1
2026-08-14 22:39:29,162 tracking: rect=(28, 30, 1452, 1144) overlay_mapped=1
2026-08-14 22:39:29,264 tracking: rect=(28, 30, 1452, 1144) overlay_mapped=1
2026-08-14 22:39:29,366 tracking: rect=(28, 30, 1452, 1144) overlay_mapped=1
2026-08-14 22:39:29,469 tracking: rect=(28, 30, 1452, 1144) overlay_mapped=1
2026-08-14 22:39:29,579 tracking: rect=(28, 30, 1452, 1144) overlay_mapped=1
2026-08-14 22:39:29,687 tracking: rect=(28, 30, 1452, 1144) overlay_mapped=1
2026-08-14 22:39:29,718 left click mode=idle at (1079,91)
2026-08-14 22:39:29,796 tracking: rect=(28, 30, 1452, 1144) overlay_mapped=1
2026-08-14 22:39:29,897 tracking: rect=(28, 30, 1452, 1144) overlay_mapped=1
2026-08-14 22:39:30,000 tracking: rect=(28, 30, 1452, 1144) overlay_mapped=1
2026-08-14 22:39:30,061 left click mode=idle at (1094,48)
2026-08-14 22:39:30,104 tracking: rect=(28, 30, 1452, 1144) overlay_mapped=1
2026-08-14 22:39:30,216 tracking: rect=(28, 30, 1452, 1144) overlay_mapped=1
2026-08-14 22:39:30,247 left click mode=idle at (1095,50)
2026-08-14 22:39:30,326 tracking: rect=(28, 30, 1452, 1144) overlay_mapped=1
2026-08-14 22:39:30,426 tracking: rect=(28, 30, 1452, 1144) overlay_mapped=1
2026-08-14 22:39:30,528 tracking: rect=(28, 30, 1452, 1144) overlay_mapped=1
2026-08-14 22:39:30,637 tracking: rect=(28, 30, 1452, 1144) overlay_mapped=1
2026-08-14 22:39:30,745 tracking: rect=(28, 30, 1452, 1144) overlay_mapped=1
2026-08-14 22:39:30,853 tracking: rect=(28, 30, 1452, 1144) overlay_mapped=1
2026-08-14 22:39:30,955 tracking: rect=(28, 30, 1452, 1144) overlay_mapped=1
2026-08-14 22:39:31,056 tracking: rect=(28, 30, 1452, 1144) overlay_mapped=1
2026-08-14 22:39:31,148 left click mode=idle at (1248,1082)
2026-08-14 22:39:31,163 tracking: rect=(28, 30, 1452, 1144) overlay_mapped=1
2026-08-14 22:39:31,271 tracking: rect=(28, 30, 1452, 1144) overlay_mapped=1
2026-08-14 22:39:31,332 left click mode=idle at (1248,1081)
2026-08-14 22:39:31,378 tracking: rect=(28, 30, 1452, 1144) overlay_mapped=1
2026-08-14 22:39:31,486 tracking: rect=(28, 30, 1452, 1144) overlay_mapped=1
2026-08-14 22:39:31,596 tracking: rect=(28, 30, 1452, 1144) overlay_mapped=1
2026-08-14 22:39:31,697 tracking: rect=(28, 30, 1452, 1144) overlay_mapped=1
2026-08-14 22:39:31,798 tracking: rect=(28, 30, 1452, 1144) overlay_mapped=1
2026-08-14 22:39:31,903 tracking: rect=(28, 30, 1452, 1144) overlay_mapped=1
2026-08-14 22:39:32,012 tracking: rect=(28, 30, 1452, 1144) overlay_mapped=1
2026-08-14 22:39:32,120 tracking: rect=(28, 30, 1452, 1144) overlay_mapped=1
2026-08-14 22:39:32,229 tracking: rect=(28, 30, 1452, 1144) overlay_mapped=1
2026-08-14 22:39:32,340 tracking: rect=(28, 30, 1452, 1144) overlay_mapped=1
2026-08-14 22:39:32,447 tracking: rect=(28, 30, 1452, 1144) overlay_mapped=1
2026-08-14 22:39:32,554 tracking: rect=(28, 30, 1452, 1144) overlay_mapped=1
2026-08-14 22:39:32,666 tracking: rect=(28, 30, 1452, 1144) overlay_mapped=1
2026-08-14 22:39:32,773 tracking: rect=(28, 30, 1452, 1144) overlay_mapped=1
2026-08-14 22:39:32,881 tracking: rect=(28, 30, 1452, 1144) overlay_mapped=1
2026-08-14 22:39:32,990 tracking: rect=(28, 30, 1452, 1144) overlay_mapped=1
2026-08-14 22:39:33,099 tracking: rect=(28, 30, 1452, 1144) overlay_mapped=1
2026-08-14 22:39:33,207 tracking: rect=(28, 30, 1452, 1144) overlay_mapped=1
2026-08-14 22:39:33,315 tracking: rect=(28, 30, 1452, 1144) overlay_mapped=1
2026-08-14 22:39:33,425 tracking: rect=(28, 30, 1452, 1144) overlay_mapped=1
2026-08-14 22:39:33,533 tracking: rect=(28, 30, 1452, 1144) overlay_mapped=1
2026-08-14 22:39:33,642 tracking: rect=(28, 30, 1452, 1144) overlay_mapped=1
2026-08-14 22:39:33,750 tracking: rect=(28, 30, 1452, 1144) overlay_mapped=1
2026-08-14 22:39:33,858 tracking: rect=(28, 30, 1452, 1144) overlay_mapped=1
2026-08-14 22:39:33,966 tracking: rect=(28, 30, 1452, 1144) overlay_mapped=1
2026-08-14 22:39:34,074 tracking: rect=(28, 30, 1452, 1144) overlay_mapped=1
2026-08-14 22:39:34,182 tracking: rect=(28, 30, 1452, 1144) overlay_mapped=1
2026-08-14 22:39:34,292 tracking: rect=(28, 30, 1452, 1144) overlay_mapped=1
2026-08-14 22:39:34,400 tracking: rect=(28, 30, 1452, 1144) overlay_mapped=1
2026-08-14 22:39:34,510 tracking: rect=(28, 30, 1452, 1144) overlay_mapped=1
2026-08-14 22:39:34,620 tracking: rect=(28, 30, 1452, 1144) overlay_mapped=1
2026-08-14 22:39:34,727 tracking: rect=(28, 30, 1452, 1144) overlay_mapped=1
2026-08-14 22:39:34,836 tracking: rect=(28, 30, 1452, 1144) overlay_mapped=1
2026-08-14 22:39:34,944 tracking: rect=(28, 30, 1452, 1144) overlay_mapped=1
2026-08-14 22:39:35,053 tracking: rect=(28, 30, 1452, 1144) overlay_mapped=1
2026-08-14 22:39:35,162 tracking: rect=(28, 30, 1452, 1144) overlay_mapped=1
2026-08-14 22:39:35,270 tracking: rect=(28, 30, 1452, 1144) overlay_mapped=1
2026-08-14 22:39:35,379 tracking: rect=(28, 30, 1452, 1144) overlay_mapped=1
2026-08-14 22:39:35,488 tracking: rect=(28, 30, 1452, 1144) overlay_mapped=1
2026-08-14 22:39:35,596 tracking: rect=(28, 30, 1452, 1144) overlay_mapped=1
2026-08-14 22:39:35,698 tracking: rect=(28, 30, 1452, 1144) overlay_mapped=1
2026-08-14 22:39:35,804 tracking: rect=(28, 30, 1452, 1144) overlay_mapped=1
2026-08-14 22:39:35,812 left click mode=idle at (1260,523)
2026-08-14 22:39:35,906 tracking: rect=(28, 30, 1452, 1144) overlay_mapped=1
2026-08-14 22:39:36,012 tracking: rect=(28, 30, 1452, 1144) overlay_mapped=1
2026-08-14 22:39:36,120 tracking: rect=(28, 30, 1452, 1144) overlay_mapped=1
2026-08-14 22:39:36,221 tracking: rect=(28, 30, 1452, 1144) overlay_mapped=1
2026-08-14 22:39:36,324 tracking: rect=(28, 30, 1452, 1144) overlay_mapped=1
2026-08-14 22:39:36,432 tracking: rect=(28, 30, 1452, 1144) overlay_mapped=1
2026-08-14 22:39:36,541 tracking: rect=(28, 30, 1452, 1144) overlay_mapped=1
2026-08-14 22:39:36,649 tracking: rect=(28, 30, 1452, 1144) overlay_mapped=1
2026-08-14 22:39:36,758 tracking: rect=(28, 30, 1452, 1144) overlay_mapped=1
2026-08-14 22:39:36,866 tracking: rect=(28, 30, 1452, 1144) overlay_mapped=1
2026-08-14 22:39:36,975 tracking: rect=(28, 30, 1452, 1144) overlay_mapped=1
2026-08-14 22:39:37,084 tracking: rect=(28, 30, 1452, 1144) overlay_mapped=1
2026-08-14 22:39:37,192 tracking: rect=(28, 30, 1452, 1144) overlay_mapped=1
2026-08-14 22:39:37,194 left click mode=idle at (2014,1194)
2026-08-14 22:39:37,301 tracking: rect=(28, 30, 1452, 1144) overlay_mapped=1
2026-08-14 22:39:37,410 tracking: rect=(28, 30, 1452, 1144) overlay_mapped=1
2026-08-14 22:39:37,518 tracking: rect=(28, 30, 1452, 1144) overlay_mapped=1
2026-08-14 22:39:37,626 tracking: rect=(28, 30, 1452, 1144) overlay_mapped=1
2026-08-14 22:39:37,733 tracking: rect=(28, 30, 1452, 1144) overlay_mapped=1
2026-08-14 22:39:37,840 tracking: rect=(28, 30, 1452, 1144) overlay_mapped=1
2026-08-14 22:39:37,950 tracking: rect=(28, 30, 1452, 1144) overlay_mapped=1
2026-08-14 22:39:38,060 tracking: rect=(28, 30, 1452, 1144) overlay_mapped=1
2026-08-14 22:39:38,170 tracking: rect=(28, 30, 1452, 1144) overlay_mapped=1
2026-08-14 22:39:38,276 tracking: rect=(28, 30, 1452, 1144) overlay_mapped=1
2026-08-14 22:39:38,386 tracking: rect=(28, 30, 1452, 1144) overlay_mapped=1
2026-08-14 22:39:38,497 tracking: rect=(28, 30, 1452, 1144) overlay_mapped=1
2026-08-14 22:39:38,606 tracking: rect=(28, 30, 1452, 1144) overlay_mapped=1
2026-08-14 22:39:38,715 tracking: rect=(28, 30, 1452, 1144) overlay_mapped=1
2026-08-14 22:39:38,822 tracking: rect=(28, 30, 1452, 1144) overlay_mapped=1
2026-08-14 22:39:38,930 tracking: rect=(28, 30, 1452, 1144) overlay_mapped=1
2026-08-14 22:39:39,038 tracking: rect=(28, 30, 1452, 1144) overlay_mapped=1
2026-08-14 22:39:39,145 tracking: rect=(28, 30, 1452, 1144) overlay_mapped=1
2026-08-14 22:39:39,254 tracking: rect=(28, 30, 1452, 1144) overlay_mapped=1
2026-08-14 22:39:39,363 tracking: rect=(28, 30, 1452, 1144) overlay_mapped=1
2026-08-14 22:39:39,473 tracking: rect=(28, 30, 1452, 1144) overlay_mapped=1
2026-08-14 22:39:39,581 tracking: rect=(28, 30, 1452, 1144) overlay_mapped=1
2026-08-14 22:39:39,690 tracking: rect=(28, 30, 1452, 1144) overlay_mapped=1
2026-08-14 22:39:39,799 tracking: rect=(28, 30, 1452, 1144) overlay_mapped=1
2026-08-14 22:39:39,908 tracking: rect=(28, 30, 1452, 1144) overlay_mapped=1
2026-08-14 22:39:40,015 tracking: rect=(28, 30, 1452, 1144) overlay_mapped=1
2026-08-14 22:39:40,123 tracking: rect=(28, 30, 1452, 1144) overlay_mapped=1
2026-08-14 22:39:40,232 tracking: rect=(28, 30, 1452, 1144) overlay_mapped=1
2026-08-14 22:39:40,340 tracking: rect=(28, 30, 1452, 1144) overlay_mapped=1
2026-08-14 22:39:40,448 tracking: rect=(28, 30, 1452, 1144) overlay_mapped=1
2026-08-14 22:39:40,556 tracking: rect=(28, 30, 1452, 1144) overlay_mapped=1
2026-08-14 22:39:40,663 tracking: rect=(28, 30, 1452, 1144) overlay_mapped=1
2026-08-14 22:39:40,771 tracking: rect=(28, 30, 1452, 1144) overlay_mapped=1
2026-08-14 22:39:40,879 tracking: rect=(28, 30, 1452, 1144) overlay_mapped=1
2026-08-14 22:39:40,989 tracking: rect=(28, 30, 1452, 1144) overlay_mapped=1
2026-08-14 22:39:41,097 tracking: rect=(28, 30, 1452, 1144) overlay_mapped=1
2026-08-14 22:39:41,205 tracking: rect=(28, 30, 1452, 1144) overlay_mapped=1
2026-08-14 22:39:41,316 tracking: rect=(28, 30, 1452, 1144) overlay_mapped=1
2026-08-14 22:39:41,424 tracking: rect=(28, 30, 1452, 1144) overlay_mapped=1
2026-08-14 22:39:41,535 tracking: rect=(28, 30, 1452, 1144) overlay_mapped=1
2026-08-14 22:39:41,645 tracking: rect=(28, 30, 1452, 1144) overlay_mapped=1
2026-08-14 22:39:41,753 tracking: rect=(28, 30, 1452, 1144) overlay_mapped=1
2026-08-14 22:39:41,861 tracking: rect=(28, 30, 1452, 1144) overlay_mapped=1
2026-08-14 22:39:41,969 tracking: rect=(28, 30, 1452, 1144) overlay_mapped=1
2026-08-14 22:39:42,079 tracking: rect=(28, 30, 1452, 1144) overlay_mapped=1
2026-08-14 22:39:42,188 tracking: rect=(28, 30, 1452, 1144) overlay_mapped=1
2026-08-14 22:39:42,297 tracking: rect=(28, 30, 1452, 1144) overlay_mapped=1
2026-08-14 22:39:42,406 tracking: rect=(28, 30, 1452, 1144) overlay_mapped=1
2026-08-14 22:39:42,515 tracking: rect=(28, 30, 1452, 1144) overlay_mapped=1
2026-08-14 22:39:42,623 tracking: rect=(28, 30, 1452, 1144) overlay_mapped=1
2026-08-14 22:39:42,733 tracking: rect=(28, 30, 1452, 1144) overlay_mapped=1
2026-08-14 22:39:42,841 tracking: rect=(28, 30, 1452, 1144) overlay_mapped=1
2026-08-14 22:39:42,951 tracking: rect=(28, 30, 1452, 1144) overlay_mapped=1
2026-08-14 22:39:43,060 tracking: rect=(28, 30, 1452, 1144) overlay_mapped=1
2026-08-14 22:39:43,169 tracking: rect=(28, 30, 1452, 1144) overlay_mapped=1
2026-08-14 22:39:43,278 tracking: rect=(28, 30, 1452, 1144) overlay_mapped=1
2026-08-14 22:39:43,386 tracking: rect=(28, 30, 1452, 1144) overlay_mapped=1
2026-08-14 22:39:43,496 tracking: rect=(28, 30, 1452, 1144) overlay_mapped=1
2026-08-14 22:39:43,606 tracking: rect=(28, 30, 1452, 1144) overlay_mapped=1
2026-08-14 22:39:43,714 tracking: rect=(28, 30, 1452, 1144) overlay_mapped=1
2026-08-14 22:39:43,825 tracking: rect=(28, 30, 1452, 1144) overlay_mapped=1
2026-08-14 22:39:43,933 tracking: rect=(28, 30, 1452, 1144) overlay_mapped=1
2026-08-14 22:39:44,043 tracking: rect=(28, 30, 1452, 1144) overlay_mapped=1
2026-08-14 22:39:44,151 tracking: rect=(28, 30, 1452, 1144) overlay_mapped=1
2026-08-14 22:39:44,260 tracking: rect=(28, 30, 1452, 1144) overlay_mapped=1
2026-08-14 22:39:44,367 tracking: rect=(28, 30, 1452, 1144) overlay_mapped=1
2026-08-14 22:39:44,476 tracking: rect=(28, 30, 1452, 1144) overlay_mapped=1
2026-08-14 22:39:44,583 tracking: rect=(28, 30, 1452, 1144) overlay_mapped=1
2026-08-14 22:39:44,692 tracking: rect=(28, 30, 1452, 1144) overlay_mapped=1
2026-08-14 22:39:44,799 tracking: rect=(28, 30, 1452, 1144) overlay_mapped=1
2026-08-14 22:39:44,905 tracking: rect=(28, 30, 1452, 1144) overlay_mapped=1
2026-08-14 22:39:45,013 tracking: rect=(28, 30, 1452, 1144) overlay_mapped=1
2026-08-14 22:39:45,120 tracking: rect=(28, 30, 1452, 1144) overlay_mapped=1
2026-08-14 22:39:45,229 tracking: rect=(28, 30, 1452, 1144) overlay_mapped=1
2026-08-14 22:39:45,339 tracking: rect=(28, 30, 1452, 1144) overlay_mapped=1
2026-08-14 22:39:45,448 tracking: rect=(28, 30, 1452, 1144) overlay_mapped=1
2026-08-14 22:39:45,556 tracking: rect=(28, 30, 1452, 1144) overlay_mapped=1
2026-08-14 22:39:45,665 tracking: rect=(28, 30, 1452, 1144) overlay_mapped=1
2026-08-14 22:39:45,773 tracking: rect=(28, 30, 1452, 1144) overlay_mapped=1
2026-08-14 22:39:45,882 tracking: rect=(28, 30, 1452, 1144) overlay_mapped=1
2026-08-14 22:39:45,992 tracking: rect=(28, 30, 1452, 1144) overlay_mapped=1
2026-08-14 22:39:46,101 tracking: rect=(28, 30, 1452, 1144) overlay_mapped=1
2026-08-14 22:39:46,211 tracking: rect=(28, 30, 1452, 1144) overlay_mapped=1
2026-08-14 22:39:46,319 tracking: rect=(28, 30, 1452, 1144) overlay_mapped=1
2026-08-14 22:39:46,429 tracking: rect=(28, 30, 1452, 1144) overlay_mapped=1
2026-08-14 22:39:46,538 tracking: rect=(28, 30, 1452, 1144) overlay_mapped=1
2026-08-14 22:39:46,647 tracking: rect=(28, 30, 1452, 1144) overlay_mapped=1
2026-08-14 22:39:46,754 tracking: rect=(28, 30, 1452, 1144) overlay_mapped=1
2026-08-14 22:39:46,866 tracking: rect=(28, 30, 1452, 1144) overlay_mapped=1
2026-08-14 22:39:46,974 tracking: rect=(28, 30, 1452, 1144) overlay_mapped=1
2026-08-14 22:39:47,084 tracking: rect=(28, 30, 1452, 1144) overlay_mapped=1
2026-08-14 22:39:47,193 tracking: rect=(28, 30, 1452, 1144) overlay_mapped=1
2026-08-14 22:39:47,301 tracking: rect=(28, 30, 1452, 1144) overlay_mapped=1
2026-08-14 22:39:47,410 tracking: rect=(28, 30, 1452, 1144) overlay_mapped=1
2026-08-14 22:39:47,519 tracking: rect=(28, 30, 1452, 1144) overlay_mapped=1
2026-08-14 22:39:47,628 tracking: rect=(28, 30, 1452, 1144) overlay_mapped=1
2026-08-14 22:39:47,735 tracking: rect=(28, 30, 1452, 1144) overlay_mapped=1
2026-08-14 22:39:47,844 tracking: rect=(28, 30, 1452, 1144) overlay_mapped=1
2026-08-14 22:39:47,952 tracking: rect=(28, 30, 1452, 1144) overlay_mapped=1
2026-08-14 22:39:48,060 tracking: rect=(28, 30, 1452, 1144) overlay_mapped=1
2026-08-14 22:39:48,168 tracking: rect=(28, 30, 1452, 1144) overlay_mapped=1
2026-08-14 22:39:48,276 tracking: rect=(28, 30, 1452, 1144) overlay_mapped=1
2026-08-14 22:39:48,384 tracking: rect=(28, 30, 1452, 1144) overlay_mapped=1
2026-08-14 22:39:48,492 tracking: rect=(28, 30, 1452, 1144) overlay_mapped=1
2026-08-14 22:39:48,599 tracking: rect=(28, 30, 1452, 1144) overlay_mapped=1
2026-08-14 22:39:48,708 tracking: rect=(28, 30, 1452, 1144) overlay_mapped=1
2026-08-14 22:39:48,817 tracking: rect=(28, 30, 1452, 1144) overlay_mapped=1
2026-08-14 22:39:48,924 tracking: rect=(28, 30, 1452, 1144) overlay_mapped=1
2026-08-14 22:39:49,034 tracking: rect=(28, 30, 1452, 1144) overlay_mapped=1
2026-08-14 22:39:49,142 tracking: rect=(28, 30, 1452, 1144) overlay_mapped=1
2026-08-14 22:39:49,250 tracking: rect=(28, 30, 1452, 1144) overlay_mapped=1
2026-08-14 22:39:49,359 tracking: rect=(28, 30, 1452, 1144) overlay_mapped=1
2026-08-14 22:39:49,468 tracking: rect=(28, 30, 1452, 1144) overlay_mapped=1
2026-08-14 22:39:49,576 tracking: rect=(28, 30, 1452, 1144) overlay_mapped=1
2026-08-14 22:39:49,683 tracking: rect=(28, 30, 1452, 1144) overlay_mapped=1
2026-08-14 22:39:49,791 tracking: rect=(28, 30, 1452, 1144) overlay_mapped=1
2026-08-14 22:39:49,899 tracking: rect=(28, 30, 1452, 1144) overlay_mapped=1
2026-08-14 22:39:50,007 tracking: rect=(28, 30, 1452, 1144) overlay_mapped=1
2026-08-14 22:39:50,115 tracking: rect=(28, 30, 1452, 1144) overlay_mapped=1
2026-08-14 22:39:50,223 tracking: rect=(28, 30, 1452, 1144) overlay_mapped=1
2026-08-14 22:39:50,333 tracking: rect=(28, 30, 1452, 1144) overlay_mapped=1
2026-08-14 22:39:50,441 tracking: rect=(28, 30, 1452, 1144) overlay_mapped=1
2026-08-14 22:39:50,550 tracking: rect=(28, 30, 1452, 1144) overlay_mapped=1
2026-08-14 22:39:50,659 tracking: rect=(28, 30, 1452, 1144) overlay_mapped=1
2026-08-14 22:39:50,767 tracking: rect=(28, 30, 1452, 1144) overlay_mapped=1
2026-08-14 22:39:50,875 tracking: rect=(28, 30, 1452, 1144) overlay_mapped=1
2026-08-14 22:39:50,984 tracking: rect=(28, 30, 1452, 1144) overlay_mapped=1
2026-08-14 22:39:51,092 tracking: rect=(28, 30, 1452, 1144) overlay_mapped=1
2026-08-14 22:39:51,199 tracking: rect=(28, 30, 1452, 1144) overlay_mapped=1
2026-08-14 22:39:51,309 tracking: rect=(28, 30, 1452, 1144) overlay_mapped=1
2026-08-14 22:39:51,417 tracking: rect=(28, 30, 1452, 1144) overlay_mapped=1
2026-08-14 22:39:51,524 tracking: rect=(28, 30, 1452, 1144) overlay_mapped=1
2026-08-14 22:39:51,633 tracking: rect=(28, 30, 1452, 1144) overlay_mapped=1
2026-08-14 22:39:51,742 tracking: rect=(28, 30, 1452, 1144) overlay_mapped=1
2026-08-14 22:39:51,851 tracking: rect=(28, 30, 1452, 1144) overlay_mapped=1
2026-08-14 22:39:51,960 tracking: rect=(28, 30, 1452, 1144) overlay_mapped=1
2026-08-14 22:39:52,067 tracking: rect=(28, 30, 1452, 1144) overlay_mapped=1
2026-08-14 22:39:52,175 tracking: rect=(28, 30, 1452, 1144) overlay_mapped=1
2026-08-14 22:39:52,284 tracking: rect=(28, 30, 1452, 1144) overlay_mapped=1
2026-08-14 22:39:52,392 tracking: rect=(28, 30, 1452, 1144) overlay_mapped=1
2026-08-14 22:39:52,501 tracking: rect=(28, 30, 1452, 1144) overlay_mapped=1
2026-08-14 22:39:52,611 tracking: rect=(28, 30, 1452, 1144) overlay_mapped=1
2026-08-14 22:39:52,720 tracking: rect=(28, 30, 1452, 1144) overlay_mapped=1
2026-08-14 22:39:52,828 tracking: rect=(28, 30, 1452, 1144) overlay_mapped=1
2026-08-14 22:39:52,935 tracking: rect=(28, 30, 1452, 1144) overlay_mapped=1
2026-08-14 22:39:53,045 tracking: rect=(28, 30, 1452, 1144) overlay_mapped=1
2026-08-14 22:39:53,154 tracking: rect=(28, 30, 1452, 1144) overlay_mapped=1
2026-08-14 22:39:53,262 tracking: rect=(28, 30, 1452, 1144) overlay_mapped=1
2026-08-14 22:39:53,369 tracking: rect=(28, 30, 1452, 1144) overlay_mapped=1
2026-08-14 22:39:53,477 tracking: rect=(28, 30, 1452, 1144) overlay_mapped=1
2026-08-14 22:39:53,585 tracking: rect=(28, 30, 1452, 1144) overlay_mapped=1
2026-08-14 22:39:53,694 tracking: rect=(28, 30, 1452, 1144) overlay_mapped=1
2026-08-14 22:39:53,802 tracking: rect=(28, 30, 1452, 1144) overlay_mapped=1
2026-08-14 22:39:53,910 tracking: rect=(28, 30, 1452, 1144) overlay_mapped=1
2026-08-14 22:39:54,018 tracking: rect=(28, 30, 1452, 1144) overlay_mapped=1
2026-08-14 22:39:54,126 tracking: rect=(28, 30, 1452, 1144) overlay_mapped=1
2026-08-14 22:39:54,235 tracking: rect=(28, 30, 1452, 1144) overlay_mapped=1
2026-08-14 22:39:54,344 tracking: rect=(28, 30, 1452, 1144) overlay_mapped=1
2026-08-14 22:39:54,452 tracking: rect=(28, 30, 1452, 1144) overlay_mapped=1
2026-08-14 22:39:54,562 tracking: rect=(28, 30, 1452, 1144) overlay_mapped=1
2026-08-14 22:39:54,670 tracking: rect=(28, 30, 1452, 1144) overlay_mapped=1
2026-08-14 22:39:54,776 tracking: rect=(28, 30, 1452, 1144) overlay_mapped=1
2026-08-14 22:39:54,884 tracking: rect=(28, 30, 1452, 1144) overlay_mapped=1
2026-08-14 22:39:54,992 tracking: rect=(28, 30, 1452, 1144) overlay_mapped=1
2026-08-14 22:39:55,099 tracking: rect=(28, 30, 1452, 1144) overlay_mapped=1
2026-08-14 22:39:55,208 tracking: rect=(28, 30, 1452, 1144) overlay_mapped=1
2026-08-14 22:39:55,317 tracking: rect=(28, 30, 1452, 1144) overlay_mapped=1
2026-08-14 22:39:55,426 tracking: rect=(28, 30, 1452, 1144) overlay_mapped=1
2026-08-14 22:39:55,533 tracking: rect=(28, 30, 1452, 1144) overlay_mapped=1
2026-08-14 22:39:55,643 tracking: rect=(28, 30, 1452, 1144) overlay_mapped=1
2026-08-14 22:39:55,750 tracking: rect=(28, 30, 1452, 1144) overlay_mapped=1
2026-08-14 22:39:55,859 tracking: rect=(28, 30, 1452, 1144) overlay_mapped=1
2026-08-14 22:39:55,967 tracking: rect=(28, 30, 1452, 1144) overlay_mapped=1
2026-08-14 22:39:56,075 tracking: rect=(28, 30, 1452, 1144) overlay_mapped=1
2026-08-14 22:39:56,183 tracking: rect=(28, 30, 1452, 1144) overlay_mapped=1
2026-08-14 22:39:56,292 tracking: rect=(28, 30, 1452, 1144) overlay_mapped=1
2026-08-14 22:39:56,401 tracking: rect=(28, 30, 1452, 1144) overlay_mapped=1
2026-08-14 22:39:56,510 tracking: rect=(28, 30, 1452, 1144) overlay_mapped=1
2026-08-14 22:39:56,620 tracking: rect=(28, 30, 1452, 1144) overlay_mapped=1
2026-08-14 22:39:56,728 tracking: rect=(28, 30, 1452, 1144) overlay_mapped=1
2026-08-14 22:39:56,837 tracking: rect=(28, 30, 1452, 1144) overlay_mapped=1
2026-08-14 22:39:56,944 tracking: rect=(28, 30, 1452, 1144) overlay_mapped=1
2026-08-14 22:39:57,052 tracking: rect=(28, 30, 1452, 1144) overlay_mapped=1
2026-08-14 22:39:57,160 tracking: rect=(28, 30, 1452, 1144) overlay_mapped=1
2026-08-14 22:39:57,268 tracking: rect=(28, 30, 1452, 1144) overlay_mapped=1
2026-08-14 22:39:57,374 tracking: rect=(28, 30, 1452, 1144) overlay_mapped=1
2026-08-14 22:39:57,481 tracking: rect=(28, 30, 1452, 1144) overlay_mapped=1
2026-08-14 22:39:57,588 tracking: rect=(28, 30, 1452, 1144) overlay_mapped=1
2026-08-14 22:39:57,697 tracking: rect=(28, 30, 1452, 1144) overlay_mapped=1
2026-08-14 22:39:57,807 tracking: rect=(28, 30, 1452, 1144) overlay_mapped=1
2026-08-14 22:39:57,915 tracking: rect=(28, 30, 1452, 1144) overlay_mapped=1
2026-08-14 22:39:58,023 tracking: rect=(28, 30, 1452, 1144) overlay_mapped=1
2026-08-14 22:39:58,132 tracking: rect=(28, 30, 1452, 1144) overlay_mapped=1
2026-08-14 22:39:58,241 tracking: rect=(28, 30, 1452, 1144) overlay_mapped=1
2026-08-14 22:39:58,350 tracking: rect=(28, 30, 1452, 1144) overlay_mapped=1
2026-08-14 22:39:58,458 tracking: rect=(28, 30, 1452, 1144) overlay_mapped=1
2026-08-14 22:39:58,566 tracking: rect=(28, 30, 1452, 1144) overlay_mapped=1
2026-08-14 22:39:58,676 tracking: rect=(28, 30, 1452, 1144) overlay_mapped=1
2026-08-14 22:39:58,785 tracking: rect=(28, 30, 1452, 1144) overlay_mapped=1
2026-08-14 22:39:58,893 tracking: rect=(28, 30, 1452, 1144) overlay_mapped=1
2026-08-14 22:39:59,002 tracking: rect=(28, 30, 1452, 1144) overlay_mapped=1
2026-08-14 22:39:59,111 tracking: rect=(28, 30, 1452, 1144) overlay_mapped=1
2026-08-14 22:39:59,219 tracking: rect=(28, 30, 1452, 1144) overlay_mapped=1
2026-08-14 22:39:59,329 tracking: rect=(28, 30, 1452, 1144) overlay_mapped=1
2026-08-14 22:39:59,437 tracking: rect=(28, 30, 1452, 1144) overlay_mapped=1
2026-08-14 22:39:59,547 tracking: rect=(28, 30, 1452, 1144) overlay_mapped=1
2026-08-14 22:39:59,656 tracking: rect=(28, 30, 1452, 1144) overlay_mapped=1
2026-08-14 22:39:59,763 tracking: rect=(28, 30, 1452, 1144) overlay_mapped=1
2026-08-14 22:39:59,871 tracking: rect=(28, 30, 1452, 1144) overlay_mapped=1
2026-08-14 22:39:59,980 tracking: rect=(28, 30, 1452, 1144) overlay_mapped=1
2026-08-14 22:40:00,090 tracking: rect=(28, 30, 1452, 1144) overlay_mapped=1
2026-08-14 22:40:00,200 tracking: rect=(28, 30, 1452, 1144) overlay_mapped=1
2026-08-14 22:40:00,309 tracking: rect=(28, 30, 1452, 1144) overlay_mapped=1
2026-08-14 22:40:00,417 tracking: rect=(28, 30, 1452, 1144) overlay_mapped=1
2026-08-14 22:40:00,524 tracking: rect=(28, 30, 1452, 1144) overlay_mapped=1
2026-08-14 22:40:00,633 tracking: rect=(28, 30, 1452, 1144) overlay_mapped=1
2026-08-14 22:40:00,742 tracking: rect=(28, 30, 1452, 1144) overlay_mapped=1
2026-08-14 22:40:00,850 tracking: rect=(28, 30, 1452, 1144) overlay_mapped=1
2026-08-14 22:40:00,959 tracking: rect=(28, 30, 1452, 1144) overlay_mapped=1
2026-08-14 22:40:01,068 tracking: rect=(28, 30, 1452, 1144) overlay_mapped=1
2026-08-14 22:40:01,178 tracking: rect=(28, 30, 1452, 1144) overlay_mapped=1
2026-08-14 22:40:01,287 tracking: rect=(28, 30, 1452, 1144) overlay_mapped=1
2026-08-14 22:40:01,395 tracking: rect=(28, 30, 1452, 1144) overlay_mapped=1
2026-08-14 22:40:01,504 tracking: rect=(28, 30, 1452, 1144) overlay_mapped=1
2026-08-14 22:40:01,612 tracking: rect=(28, 30, 1452, 1144) overlay_mapped=1
2026-08-14 22:40:01,721 tracking: rect=(28, 30, 1452, 1144) overlay_mapped=1
2026-08-14 22:40:01,830 tracking: rect=(28, 30, 1452, 1144) overlay_mapped=1
2026-08-14 22:40:01,940 tracking: rect=(28, 30, 1452, 1144) overlay_mapped=1
2026-08-14 22:40:02,049 tracking: rect=(28, 30, 1452, 1144) overlay_mapped=1
2026-08-14 22:40:02,157 tracking: rect=(28, 30, 1452, 1144) overlay_mapped=1
2026-08-14 22:40:02,265 tracking: rect=(28, 30, 1452, 1144) overlay_mapped=1
2026-08-14 22:40:02,375 tracking: rect=(28, 30, 1452, 1144) overlay_mapped=1
2026-08-14 22:40:02,482 tracking: rect=(28, 30, 1452, 1144) overlay_mapped=1
2026-08-14 22:40:02,591 tracking: rect=(28, 30, 1452, 1144) overlay_mapped=1
2026-08-14 22:40:02,702 tracking: rect=(28, 30, 1452, 1144) overlay_mapped=1
2026-08-14 22:40:02,810 tracking: rect=(28, 30, 1452, 1144) overlay_mapped=1
2026-08-14 22:40:02,917 tracking: rect=(28, 30, 1452, 1144) overlay_mapped=1
2026-08-14 22:40:03,024 tracking: rect=(28, 30, 1452, 1144) overlay_mapped=1
2026-08-14 22:40:03,133 tracking: rect=(28, 30, 1452, 1144) overlay_mapped=1
2026-08-14 22:40:03,241 tracking: rect=(28, 30, 1452, 1144) overlay_mapped=1
2026-08-14 22:40:03,349 tracking: rect=(28, 30, 1452, 1144) overlay_mapped=1
2026-08-14 22:40:03,458 tracking: rect=(28, 30, 1452, 1144) overlay_mapped=1
2026-08-14 22:40:03,567 tracking: rect=(28, 30, 1452, 1144) overlay_mapped=1
2026-08-14 22:40:03,676 tracking: rect=(28, 30, 1452, 1144) overlay_mapped=1
2026-08-14 22:40:03,786 tracking: rect=(28, 30, 1452, 1144) overlay_mapped=1
2026-08-14 22:40:03,894 tracking: rect=(28, 30, 1452, 1144) overlay_mapped=1
2026-08-14 22:40:04,005 tracking: rect=(28, 30, 1452, 1144) overlay_mapped=1
2026-08-14 22:40:04,112 tracking: rect=(28, 30, 1452, 1144) overlay_mapped=1
2026-08-14 22:40:04,221 tracking: rect=(28, 30, 1452, 1144) overlay_mapped=1
2026-08-14 22:40:04,329 tracking: rect=(28, 30, 1452, 1144) overlay_mapped=1
2026-08-14 22:40:04,436 tracking: rect=(28, 30, 1452, 1144) overlay_mapped=1
2026-08-14 22:40:04,545 tracking: rect=(28, 30, 1452, 1144) overlay_mapped=1
2026-08-14 22:40:04,653 tracking: rect=(28, 30, 1452, 1144) overlay_mapped=1
2026-08-14 22:40:04,761 tracking: rect=(28, 30, 1452, 1144) overlay_mapped=1
2026-08-14 22:40:04,871 tracking: rect=(28, 30, 1452, 1144) overlay_mapped=1
2026-08-14 22:40:04,978 tracking: rect=(28, 30, 1452, 1144) overlay_mapped=1
2026-08-14 22:40:05,086 tracking: rect=(28, 30, 1452, 1144) overlay_mapped=1
2026-08-14 22:40:05,195 tracking: rect=(28, 30, 1452, 1144) overlay_mapped=1
2026-08-14 22:40:05,304 tracking: rect=(28, 30, 1452, 1144) overlay_mapped=1
2026-08-14 22:40:05,412 tracking: rect=(28, 30, 1452, 1144) overlay_mapped=1
2026-08-14 22:40:05,521 tracking: rect=(28, 30, 1452, 1144) overlay_mapped=1
2026-08-14 22:40:05,629 tracking: rect=(28, 30, 1452, 1144) overlay_mapped=1
2026-08-14 22:40:05,736 tracking: rect=(28, 30, 1452, 1144) overlay_mapped=1
2026-08-14 22:40:05,845 tracking: rect=(28, 30, 1452, 1144) overlay_mapped=1
2026-08-14 22:40:05,953 tracking: rect=(28, 30, 1452, 1144) overlay_mapped=1
2026-08-14 22:40:06,063 tracking: rect=(28, 30, 1452, 1144) overlay_mapped=1
2026-08-14 22:40:06,172 tracking: rect=(28, 30, 1452, 1144) overlay_mapped=1
2026-08-14 22:40:06,279 tracking: rect=(28, 30, 1452, 1144) overlay_mapped=1
2026-08-14 22:40:06,387 tracking: rect=(28, 30, 1452, 1144) overlay_mapped=1
2026-08-14 22:40:06,494 tracking: rect=(28, 30, 1452, 1144) overlay_mapped=1
2026-08-14 22:40:06,601 tracking: rect=(28, 30, 1452, 1144) overlay_mapped=1
2026-08-14 22:40:06,709 tracking: rect=(28, 30, 1452, 1144) overlay_mapped=1
2026-08-14 22:40:06,819 tracking: rect=(28, 30, 1452, 1144) overlay_mapped=1
2026-08-14 22:40:06,930 tracking: rect=(28, 30, 1452, 1144) overlay_mapped=1
2026-08-14 22:40:07,039 tracking: rect=(28, 30, 1452, 1144) overlay_mapped=1
2026-08-14 22:40:07,147 tracking: rect=(28, 30, 1452, 1144) overlay_mapped=1
2026-08-14 22:40:07,256 tracking: rect=(28, 30, 1452, 1144) overlay_mapped=1
2026-08-14 22:40:07,363 tracking: rect=(28, 30, 1452, 1144) overlay_mapped=1
2026-08-14 22:40:07,470 tracking: rect=(28, 30, 1452, 1144) overlay_mapped=1
2026-08-14 22:40:07,577 tracking: rect=(28, 30, 1452, 1144) overlay_mapped=1
2026-08-14 22:40:07,687 tracking: rect=(28, 30, 1452, 1144) overlay_mapped=1
2026-08-14 22:40:07,797 tracking: rect=(28, 30, 1452, 1144) overlay_mapped=1
2026-08-14 22:40:07,905 tracking: rect=(28, 30, 1452, 1144) overlay_mapped=1
2026-08-14 22:40:08,014 tracking: rect=(28, 30, 1452, 1144) overlay_mapped=1
2026-08-14 22:40:08,123 tracking: rect=(28, 30, 1452, 1144) overlay_mapped=1
2026-08-14 22:40:08,233 tracking: rect=(28, 30, 1452, 1144) overlay_mapped=1
2026-08-14 22:40:08,342 tracking: rect=(28, 30, 1452, 1144) overlay_mapped=1
2026-08-14 22:40:08,451 tracking: rect=(28, 30, 1452, 1144) overlay_mapped=1
2026-08-14 22:40:08,560 tracking: rect=(28, 30, 1452, 1144) overlay_mapped=1
2026-08-14 22:40:08,683 tracking: rect=(28, 30, 1452, 1144) overlay_mapped=1
2026-08-14 22:40:08,791 tracking: rect=(28, 30, 1452, 1144) overlay_mapped=1
2026-08-14 22:40:08,901 tracking: rect=(28, 30, 1452, 1144) overlay_mapped=1
2026-08-14 22:40:09,009 tracking: rect=(28, 30, 1452, 1144) overlay_mapped=1
2026-08-14 22:40:09,118 tracking: rect=(28, 30, 1452, 1144) overlay_mapped=1
2026-08-14 22:40:09,227 tracking: rect=(28, 30, 1452, 1144) overlay_mapped=1
2026-08-14 22:40:09,337 tracking: rect=(28, 30, 1452, 1144) overlay_mapped=1
2026-08-14 22:40:09,446 tracking: rect=(28, 30, 1452, 1144) overlay_mapped=1
2026-08-14 22:40:09,555 tracking: rect=(28, 30, 1452, 1144) overlay_mapped=1
2026-08-14 22:40:09,663 tracking: rect=(28, 30, 1452, 1144) overlay_mapped=1
2026-08-14 22:40:09,740 left click mode=idle at (2063,1170)
2026-08-14 22:40:09,771 tracking: rect=(28, 30, 1452, 1144) overlay_mapped=1
2026-08-14 22:40:09,880 tracking: rect=(28, 30, 1452, 1144) overlay_mapped=1
2026-08-14 22:40:09,989 tracking: rect=(28, 30, 1452, 1144) overlay_mapped=1
2026-08-14 22:40:10,099 tracking: rect=(28, 30, 1452, 1144) overlay_mapped=1
2026-08-14 22:40:10,207 tracking: rect=(28, 30, 1452, 1144) overlay_mapped=1
2026-08-14 22:40:10,316 tracking: rect=(28, 30, 1452, 1144) overlay_mapped=1
2026-08-14 22:40:10,424 tracking: rect=(28, 30, 1452, 1144) overlay_mapped=1
2026-08-14 22:40:10,533 tracking: rect=(28, 30, 1452, 1144) overlay_mapped=1
2026-08-14 22:40:10,642 tracking: rect=(28, 30, 1452, 1144) overlay_mapped=1
2026-08-14 22:40:10,751 tracking: rect=(28, 30, 1452, 1144) overlay_mapped=1
2026-08-14 22:40:10,859 tracking: rect=(28, 30, 1452, 1144) overlay_mapped=1
2026-08-14 22:40:10,968 tracking: rect=(28, 30, 1452, 1144) overlay_mapped=1
2026-08-14 22:40:11,077 tracking: rect=(28, 30, 1452, 1144) overlay_mapped=1
2026-08-14 22:40:11,184 tracking: rect=(28, 30, 1452, 1144) overlay_mapped=1
2026-08-14 22:40:11,293 tracking: rect=(28, 30, 1452, 1144) overlay_mapped=1
2026-08-14 22:40:11,402 tracking: rect=(28, 30, 1452, 1144) overlay_mapped=1
2026-08-14 22:40:11,511 tracking: rect=(28, 30, 1452, 1144) overlay_mapped=1
2026-08-14 22:40:11,619 tracking: rect=(28, 30, 1452, 1144) overlay_mapped=1
2026-08-14 22:40:11,728 tracking: rect=(28, 30, 1452, 1144) overlay_mapped=1
2026-08-14 22:40:11,835 tracking: rect=(28, 30, 1452, 1144) overlay_mapped=1
2026-08-14 22:40:11,942 tracking: rect=(28, 30, 1452, 1144) overlay_mapped=1
2026-08-14 22:40:12,049 tracking: rect=(28, 30, 1452, 1144) overlay_mapped=1
2026-08-14 22:40:12,158 tracking: rect=(28, 30, 1452, 1144) overlay_mapped=1
2026-08-14 22:40:12,266 tracking: rect=(28, 30, 1452, 1144) overlay_mapped=1
2026-08-14 22:40:12,375 tracking: rect=(28, 30, 1452, 1144) overlay_mapped=1
2026-08-14 22:40:12,483 tracking: rect=(28, 30, 1452, 1144) overlay_mapped=1
2026-08-14 22:40:12,591 tracking: rect=(28, 30, 1452, 1144) overlay_mapped=1
2026-08-14 22:40:12,700 tracking: rect=(28, 30, 1452, 1144) overlay_mapped=1
2026-08-14 22:40:12,810 tracking: rect=(28, 30, 1452, 1144) overlay_mapped=1
2026-08-14 22:40:12,919 tracking: rect=(28, 30, 1452, 1144) overlay_mapped=1
2026-08-14 22:40:13,026 tracking: rect=(28, 30, 1452, 1144) overlay_mapped=1
2026-08-14 22:40:13,134 tracking: rect=(28, 30, 1452, 1144) overlay_mapped=1
2026-08-14 22:40:13,242 tracking: rect=(28, 30, 1452, 1144) overlay_mapped=1
2026-08-14 22:40:13,350 tracking: rect=(28, 30, 1452, 1144) overlay_mapped=1
2026-08-14 22:40:13,460 tracking: rect=(28, 30, 1452, 1144) overlay_mapped=1
2026-08-14 22:40:13,568 tracking: rect=(28, 30, 1452, 1144) overlay_mapped=1
2026-08-14 22:40:13,677 tracking: rect=(28, 30, 1452, 1144) overlay_mapped=1
2026-08-14 22:40:13,788 tracking: rect=(28, 30, 1452, 1144) overlay_mapped=1
2026-08-14 22:40:13,896 tracking: rect=(28, 30, 1452, 1144) overlay_mapped=1
2026-08-14 22:40:14,005 tracking: rect=(28, 30, 1452, 1144) overlay_mapped=1
2026-08-14 22:40:14,114 tracking: rect=(28, 30, 1452, 1144) overlay_mapped=1
2026-08-14 22:40:14,223 tracking: rect=(28, 30, 1452, 1144) overlay_mapped=1
2026-08-14 22:40:14,270 left click mode=idle at (2421,1266)
2026-08-14 22:40:14,332 tracking: rect=(28, 30, 1452, 1144) overlay_mapped=1
2026-08-14 22:40:14,442 tracking: rect=(28, 30, 1452, 1144) overlay_mapped=1
2026-08-14 22:40:14,551 tracking: rect=(28, 30, 1452, 1144) overlay_mapped=1
2026-08-14 22:40:14,659 tracking: rect=(28, 30, 1452, 1144) overlay_mapped=1
2026-08-14 22:40:14,767 tracking: rect=(28, 30, 1452, 1144) overlay_mapped=1
2026-08-14 22:40:14,875 tracking: rect=(28, 30, 1452, 1144) overlay_mapped=1
2026-08-14 22:40:14,984 tracking: rect=(28, 30, 1452, 1144) overlay_mapped=1
2026-08-14 22:40:15,092 tracking: rect=(28, 30, 1452, 1144) overlay_mapped=1
2026-08-14 22:40:15,201 tracking: rect=(28, 30, 1452, 1144) overlay_mapped=1
2026-08-14 22:40:15,309 tracking: rect=(28, 30, 1452, 1144) overlay_mapped=1
2026-08-14 22:40:15,417 tracking: rect=(28, 30, 1452, 1144) overlay_mapped=1
2026-08-14 22:40:15,478 left click mode=idle at (2210,1103)
2026-08-14 22:40:15,526 tracking: rect=(28, 30, 1452, 1144) overlay_mapped=1
2026-08-14 22:40:15,635 tracking: rect=(28, 30, 1452, 1144) overlay_mapped=1
2026-08-14 22:40:15,744 tracking: rect=(28, 30, 1452, 1144) overlay_mapped=1
2026-08-14 22:40:15,853 tracking: rect=(28, 30, 1452, 1144) overlay_mapped=1
2026-08-14 22:40:15,961 tracking: rect=(28, 30, 1452, 1144) overlay_mapped=1
2026-08-14 22:40:16,070 tracking: rect=(28, 30, 1452, 1144) overlay_mapped=1
2026-08-14 22:40:16,177 tracking: rect=(28, 30, 1452, 1144) overlay_mapped=1
2026-08-14 22:40:16,285 tracking: rect=(28, 30, 1452, 1144) overlay_mapped=1
2026-08-14 22:40:16,394 tracking: rect=(28, 30, 1452, 1144) overlay_mapped=1
2026-08-14 22:40:16,503 tracking: rect=(28, 30, 1452, 1144) overlay_mapped=1
2026-08-14 22:40:16,612 tracking: rect=(28, 30, 1452, 1144) overlay_mapped=1
2026-08-14 22:40:16,722 tracking: rect=(28, 30, 1452, 1144) overlay_mapped=1
2026-08-14 22:40:16,832 tracking: rect=(28, 30, 1452, 1144) overlay_mapped=1
2026-08-14 22:40:16,940 tracking: rect=(28, 30, 1452, 1144) overlay_mapped=1
2026-08-14 22:40:17,048 tracking: rect=(28, 30, 1452, 1144) overlay_mapped=1
2026-08-14 22:40:17,155 tracking: rect=(28, 30, 1452, 1144) overlay_mapped=1
2026-08-14 22:40:17,265 tracking: rect=(28, 30, 1452, 1144) overlay_mapped=1
2026-08-14 22:40:17,372 tracking: rect=(28, 30, 1452, 1144) overlay_mapped=1
2026-08-14 22:40:17,482 tracking: rect=(28, 30, 1452, 1144) overlay_mapped=1
2026-08-14 22:40:17,589 tracking: rect=(28, 30, 1452, 1144) overlay_mapped=1
2026-08-14 22:40:17,699 tracking: rect=(28, 30, 1452, 1144) overlay_mapped=1
2026-08-14 22:40:17,806 tracking: rect=(28, 30, 1452, 1144) overlay_mapped=1
2026-08-14 22:40:17,915 tracking: rect=(28, 30, 1452, 1144) overlay_mapped=1
2026-08-14 22:40:18,025 tracking: rect=(28, 30, 1452, 1144) overlay_mapped=1
2026-08-14 22:40:18,134 tracking: rect=(28, 30, 1452, 1144) overlay_mapped=1
2026-08-14 22:40:18,242 tracking: rect=(28, 30, 1452, 1144) overlay_mapped=1
2026-08-14 22:40:18,349 tracking: rect=(28, 30, 1452, 1144) overlay_mapped=1
2026-08-14 22:40:18,459 tracking: rect=(28, 30, 1452, 1144) overlay_mapped=1
2026-08-14 22:40:18,568 tracking: rect=(28, 30, 1452, 1144) overlay_mapped=1
2026-08-14 22:40:18,676 tracking: rect=(28, 30, 1452, 1144) overlay_mapped=1
2026-08-14 22:40:18,785 tracking: rect=(28, 30, 1452, 1144) overlay_mapped=1
2026-08-14 22:40:18,895 tracking: rect=(28, 30, 1452, 1144) overlay_mapped=1
2026-08-14 22:40:19,002 tracking: rect=(28, 30, 1452, 1144) overlay_mapped=1
2026-08-14 22:40:19,111 tracking: rect=(28, 30, 1452, 1144) overlay_mapped=1
2026-08-14 22:40:19,219 tracking: rect=(28, 30, 1452, 1144) overlay_mapped=1
2026-08-14 22:40:19,326 tracking: rect=(28, 30, 1452, 1144) overlay_mapped=1
2026-08-14 22:40:19,435 tracking: rect=(28, 30, 1452, 1144) overlay_mapped=1
2026-08-14 22:40:19,543 tracking: rect=(28, 30, 1452, 1144) overlay_mapped=1
2026-08-14 22:40:19,652 tracking: rect=(28, 30, 1452, 1144) overlay_mapped=1
2026-08-14 22:40:19,761 tracking: rect=(28, 30, 1452, 1144) overlay_mapped=1
2026-08-14 22:40:19,868 tracking: rect=(28, 30, 1452, 1144) overlay_mapped=1
2026-08-14 22:40:19,977 tracking: rect=(28, 30, 1452, 1144) overlay_mapped=1
2026-08-14 22:40:20,084 tracking: rect=(28, 30, 1452, 1144) overlay_mapped=1
2026-08-14 22:40:20,193 tracking: rect=(28, 30, 1452, 1144) overlay_mapped=1
2026-08-14 22:40:20,303 tracking: rect=(28, 30, 1452, 1144) overlay_mapped=1
2026-08-14 22:40:20,412 tracking: rect=(28, 30, 1452, 1144) overlay_mapped=1
2026-08-14 22:40:20,520 tracking: rect=(28, 30, 1452, 1144) overlay_mapped=1
2026-08-14 22:40:20,628 tracking: rect=(28, 30, 1452, 1144) overlay_mapped=1
2026-08-14 22:40:20,739 tracking: rect=(28, 30, 1452, 1144) overlay_mapped=1
2026-08-14 22:40:20,847 tracking: rect=(28, 30, 1452, 1144) overlay_mapped=1
2026-08-14 22:40:20,956 tracking: rect=(28, 30, 1452, 1144) overlay_mapped=1
2026-08-14 22:40:21,063 tracking: rect=(28, 30, 1452, 1144) overlay_mapped=1
2026-08-14 22:40:21,174 tracking: rect=(28, 30, 1452, 1144) overlay_mapped=1
2026-08-14 22:40:21,282 tracking: rect=(28, 30, 1452, 1144) overlay_mapped=1
2026-08-14 22:40:21,392 tracking: rect=(28, 30, 1452, 1144) overlay_mapped=1
2026-08-14 22:40:21,501 tracking: rect=(28, 30, 1452, 1144) overlay_mapped=1
2026-08-14 22:40:21,610 tracking: rect=(28, 30, 1452, 1144) overlay_mapped=1
2026-08-14 22:40:21,719 tracking: rect=(28, 30, 1452, 1144) overlay_mapped=1
2026-08-14 22:40:21,826 tracking: rect=(28, 30, 1452, 1144) overlay_mapped=1
2026-08-14 22:40:21,934 tracking: rect=(28, 30, 1452, 1144) overlay_mapped=1
2026-08-14 22:40:22,043 tracking: rect=(28, 30, 1452, 1144) overlay_mapped=1
2026-08-14 22:40:22,152 tracking: rect=(28, 30, 1452, 1144) overlay_mapped=1
2026-08-14 22:40:22,261 tracking: rect=(28, 30, 1452, 1144) overlay_mapped=1
2026-08-14 22:40:22,370 tracking: rect=(28, 30, 1452, 1144) overlay_mapped=1
2026-08-14 22:40:22,479 tracking: rect=(28, 30, 1452, 1144) overlay_mapped=1
2026-08-14 22:40:22,587 tracking: rect=(28, 30, 1452, 1144) overlay_mapped=1
2026-08-14 22:40:22,695 tracking: rect=(28, 30, 1452, 1144) overlay_mapped=1
2026-08-14 22:40:22,803 tracking: rect=(28, 30, 1452, 1144) overlay_mapped=1
2026-08-14 22:40:22,912 tracking: rect=(28, 30, 1452, 1144) overlay_mapped=1
2026-08-14 22:40:23,019 tracking: rect=(28, 30, 1452, 1144) overlay_mapped=1
2026-08-14 22:40:23,127 tracking: rect=(28, 30, 1452, 1144) overlay_mapped=1
2026-08-14 22:40:23,235 tracking: rect=(28, 30, 1452, 1144) overlay_mapped=1
2026-08-14 22:40:23,343 tracking: rect=(28, 30, 1452, 1144) overlay_mapped=1
2026-08-14 22:40:23,452 tracking: rect=(28, 30, 1452, 1144) overlay_mapped=1
2026-08-14 22:40:23,562 tracking: rect=(28, 30, 1452, 1144) overlay_mapped=1
2026-08-14 22:40:23,684 tracking: rect=(28, 30, 1452, 1144) overlay_mapped=1
2026-08-14 22:40:23,792 tracking: rect=(28, 30, 1452, 1144) overlay_mapped=1
2026-08-14 22:40:23,899 tracking: rect=(28, 30, 1452, 1144) overlay_mapped=1
2026-08-14 22:40:24,000 tracking: rect=(28, 30, 1452, 1144) overlay_mapped=1
2026-08-14 22:40:24,100 tracking: rect=(28, 30, 1452, 1144) overlay_mapped=1
2026-08-14 22:40:24,206 tracking: rect=(28, 30, 1452, 1144) overlay_mapped=1
2026-08-14 22:40:24,310 tracking: rect=(28, 30, 1452, 1144) overlay_mapped=1
2026-08-14 22:40:24,314 left click mode=idle at (2423,105)
2026-08-14 22:40:24,414 tracking: rect=(28, 30, 1452, 1144) overlay_mapped=1
2026-08-14 22:40:24,516 tracking: rect=(28, 30, 1452, 1144) overlay_mapped=1
2026-08-14 22:40:24,619 tracking: rect=(28, 30, 1452, 1144) overlay_mapped=1
2026-08-14 22:40:24,732 tracking: rect=(28, 30, 1452, 1144) overlay_mapped=1
2026-08-14 22:40:24,840 tracking: rect=(28, 30, 1452, 1144) overlay_mapped=1
2026-08-14 22:40:24,951 tracking: rect=(28, 30, 1452, 1144) overlay_mapped=1
2026-08-14 22:40:25,059 tracking: rect=(28, 30, 1452, 1144) overlay_mapped=1
2026-08-14 22:40:25,169 tracking: rect=(28, 30, 1452, 1144) overlay_mapped=1
2026-08-14 22:40:25,216 left click mode=select_window at (777,51)
2026-08-14 22:40:25,216 select hit: hwnd=1116524 own=False
2026-08-14 22:40:25,216 select_game_window hwnd=1116524 own_root=2820000 own_overlay=2228764
2026-08-14 22:40:25,216 tracking: rect=(28, 30, 1452, 1144) overlay_mapped=1
2026-08-14 22:40:25,217 after select: mode=idle game_hwnd=1116524
2026-08-14 22:40:25,277 tracking: rect=(28, 30, 1452, 1144) overlay_mapped=1
2026-08-14 22:40:25,381 tracking: rect=(28, 30, 1452, 1144) overlay_mapped=1
2026-08-14 22:40:25,482 tracking: rect=(28, 30, 1452, 1144) overlay_mapped=1
2026-08-14 22:40:25,583 tracking: rect=(28, 30, 1452, 1144) overlay_mapped=1
2026-08-14 22:40:25,696 tracking: rect=(28, 30, 1452, 1144) overlay_mapped=1
2026-08-14 22:40:25,742 left click mode=idle at (723,188)
2026-08-14 22:40:25,804 tracking: rect=(28, 30, 1452, 1144) overlay_mapped=1
2026-08-14 22:40:25,905 tracking: rect=(28, 30, 1452, 1144) overlay_mapped=1
2026-08-14 22:40:25,956 left click mode=idle at (774,167)
2026-08-14 22:40:26,006 tracking: rect=(28, 30, 1452, 1144) overlay_mapped=1
2026-08-14 22:40:26,115 tracking: rect=(28, 30, 1452, 1144) overlay_mapped=1
2026-08-14 22:40:26,146 left click mode=idle at (790,163)
2026-08-14 22:40:26,223 tracking: rect=(28, 30, 1452, 1144) overlay_mapped=1
2026-08-14 22:40:26,299 left click mode=idle at (790,163)
2026-08-14 22:40:26,331 tracking: rect=(28, 30, 1452, 1144) overlay_mapped=1
2026-08-14 22:40:26,435 tracking: rect=(28, 30, 1452, 1144) overlay_mapped=1
2026-08-14 22:40:26,537 tracking: rect=(28, 30, 1452, 1144) overlay_mapped=1
2026-08-14 22:40:26,638 tracking: rect=(28, 30, 1452, 1144) overlay_mapped=1
2026-08-14 22:40:26,748 tracking: rect=(28, 30, 1452, 1144) overlay_mapped=1
2026-08-14 22:40:26,826 left click mode=idle at (753,40)
2026-08-14 22:40:26,853 tracking: rect=(28, 30, 1452, 1144) overlay_mapped=1
2026-08-14 22:40:26,954 tracking: rect=(28, 30, 1452, 1144) overlay_mapped=1
2026-08-14 22:40:27,055 tracking: rect=(28, 30, 1452, 1144) overlay_mapped=1
2026-08-14 22:40:27,156 tracking: rect=(28, 30, 1452, 1144) overlay_mapped=1
2026-08-14 22:40:27,258 tracking: rect=(28, 30, 1452, 1144) overlay_mapped=1
2026-08-14 22:40:27,320 left click mode=idle at (450,62)
2026-08-14 22:40:27,359 tracking: rect=(28, 30, 1452, 1144) overlay_mapped=1
2026-08-14 22:40:27,460 tracking: rect=(28, 30, 1452, 1144) overlay_mapped=1
2026-08-14 22:40:27,562 tracking: rect=(28, 30, 1452, 1144) overlay_mapped=1
2026-08-14 22:40:27,662 tracking: rect=(28, 30, 1452, 1144) overlay_mapped=1
2026-08-14 22:40:27,764 tracking: rect=(28, 30, 1452, 1144) overlay_mapped=1
2026-08-14 22:40:27,866 tracking: rect=(28, 30, 1452, 1144) overlay_mapped=1
2026-08-14 22:40:27,971 tracking: rect=(28, 30, 1452, 1144) overlay_mapped=1
2026-08-14 22:40:28,078 tracking: rect=(28, 30, 1452, 1144) overlay_mapped=1
2026-08-14 22:40:28,188 tracking: rect=(28, 30, 1452, 1144) overlay_mapped=1
2026-08-14 22:40:28,250 left click mode=idle at (94,40)
2026-08-14 22:40:28,290 tracking: rect=(28, 30, 1452, 1144) overlay_mapped=1
2026-08-14 22:40:28,390 tracking: rect=(28, 30, 1452, 1144) overlay_mapped=1
2026-08-14 22:40:28,465 left click mode=idle at (101,54)
2026-08-14 22:40:28,492 tracking: rect=(28, 30, 1452, 1144) overlay_mapped=1
2026-08-14 22:40:28,593 tracking: rect=(28, 30, 1452, 1144) overlay_mapped=1
2026-08-14 22:40:28,677 left click mode=idle at (113,60)
2026-08-14 22:40:28,700 tracking: rect=(28, 30, 1452, 1144) overlay_mapped=1
2026-08-14 22:40:28,809 tracking: rect=(28, 30, 1452, 1144) overlay_mapped=1
2026-08-14 22:40:28,872 left click mode=idle at (166,65)
2026-08-14 22:40:28,910 tracking: rect=(28, 30, 1452, 1144) overlay_mapped=1
2026-08-14 22:40:29,012 tracking: rect=(28, 30, 1452, 1144) overlay_mapped=1
2026-08-14 22:40:29,122 tracking: rect=(28, 30, 1452, 1144) overlay_mapped=1
2026-08-14 22:40:29,148 left click mode=idle at (145,61)
2026-08-14 22:40:29,223 tracking: rect=(28, 30, 1452, 1144) overlay_mapped=1
2026-08-14 22:40:29,324 tracking: rect=(28, 30, 1452, 1144) overlay_mapped=1
2026-08-14 22:40:29,426 tracking: rect=(28, 30, 1452, 1144) overlay_mapped=1
2026-08-14 22:40:29,427 left click mode=idle at (156,64)
2026-08-14 22:40:29,536 tracking: rect=(28, 30, 1452, 1144) overlay_mapped=1
2026-08-14 22:40:29,583 left click mode=idle at (198,66)
2026-08-14 22:40:29,637 tracking: rect=(28, 30, 1452, 1144) overlay_mapped=1
2026-08-14 22:40:29,738 tracking: rect=(28, 30, 1452, 1144) overlay_mapped=1
2026-08-14 22:40:29,840 tracking: rect=(28, 30, 1452, 1144) overlay_mapped=1
2026-08-14 22:40:29,941 tracking: rect=(28, 30, 1452, 1144) overlay_mapped=1
2026-08-14 22:40:30,043 tracking: rect=(28, 30, 1452, 1144) overlay_mapped=1
2026-08-14 22:40:30,144 tracking: rect=(28, 30, 1452, 1144) overlay_mapped=1
2026-08-14 22:40:30,245 tracking: rect=(28, 30, 1452, 1144) overlay_mapped=1
2026-08-14 22:40:30,346 tracking: rect=(28, 30, 1452, 1144) overlay_mapped=1
2026-08-14 22:40:30,447 tracking: rect=(28, 30, 1452, 1144) overlay_mapped=1
2026-08-14 22:40:30,559 tracking: rect=(28, 30, 1452, 1144) overlay_mapped=1
2026-08-14 22:40:30,669 tracking: rect=(28, 30, 1452, 1144) overlay_mapped=1
2026-08-14 22:40:30,779 tracking: rect=(28, 30, 1452, 1144) overlay_mapped=1
2026-08-14 22:40:30,887 tracking: rect=(28, 30, 1452, 1144) overlay_mapped=1
2026-08-14 22:40:30,997 tracking: rect=(28, 30, 1452, 1144) overlay_mapped=1
2026-08-14 22:40:31,105 tracking: rect=(28, 30, 1452, 1144) overlay_mapped=1
2026-08-14 22:40:31,214 tracking: rect=(28, 30, 1452, 1144) overlay_mapped=1
2026-08-14 22:40:31,322 tracking: rect=(28, 30, 1452, 1144) overlay_mapped=1
2026-08-14 22:40:31,430 tracking: rect=(28, 30, 1452, 1144) overlay_mapped=1
2026-08-14 22:40:31,539 tracking: rect=(28, 30, 1452, 1144) overlay_mapped=1
2026-08-14 22:40:31,649 tracking: rect=(28, 30, 1452, 1144) overlay_mapped=1
2026-08-14 22:40:31,757 tracking: rect=(28, 30, 1452, 1144) overlay_mapped=1
2026-08-14 22:40:31,864 tracking: rect=(28, 30, 1452, 1144) overlay_mapped=1
2026-08-14 22:40:31,966 tracking: rect=(28, 30, 1452, 1144) overlay_mapped=1
2026-08-14 22:40:32,067 tracking: rect=(28, 30, 1452, 1144) overlay_mapped=1
2026-08-14 22:40:32,177 tracking: rect=(28, 30, 1452, 1144) overlay_mapped=1
2026-08-14 22:40:32,278 tracking: rect=(28, 30, 1452, 1144) overlay_mapped=1
2026-08-14 22:40:32,379 tracking: rect=(28, 30, 1452, 1144) overlay_mapped=1
2026-08-14 22:40:32,488 tracking: rect=(28, 30, 1452, 1144) overlay_mapped=1
2026-08-14 22:40:32,596 tracking: rect=(28, 30, 1452, 1144) overlay_mapped=1
2026-08-14 22:40:32,705 tracking: rect=(28, 30, 1452, 1144) overlay_mapped=1
2026-08-14 22:40:32,813 tracking: rect=(28, 30, 1452, 1144) overlay_mapped=1
2026-08-14 22:40:32,922 tracking: rect=(28, 30, 1452, 1144) overlay_mapped=1
2026-08-14 22:40:33,032 tracking: rect=(28, 30, 1452, 1144) overlay_mapped=1
2026-08-14 22:40:33,141 tracking: rect=(28, 30, 1452, 1144) overlay_mapped=1
2026-08-14 22:40:33,250 tracking: rect=(28, 30, 1452, 1144) overlay_mapped=1
2026-08-14 22:40:33,358 tracking: rect=(28, 30, 1452, 1144) overlay_mapped=1
2026-08-14 22:40:33,435 left click mode=idle at (2051,1090)
2026-08-14 22:40:33,466 tracking: rect=(28, 30, 1452, 1144) overlay_mapped=1
2026-08-14 22:40:33,575 tracking: rect=(28, 30, 1452, 1144) overlay_mapped=1
2026-08-14 22:40:33,682 tracking: rect=(28, 30, 1452, 1144) overlay_mapped=1
2026-08-14 22:40:33,792 tracking: rect=(28, 30, 1452, 1144) overlay_mapped=1
2026-08-14 22:40:33,900 tracking: rect=(28, 30, 1452, 1144) overlay_mapped=1
2026-08-14 22:40:34,009 tracking: rect=(28, 30, 1452, 1144) overlay_mapped=1
2026-08-14 22:40:34,117 tracking: rect=(28, 30, 1452, 1144) overlay_mapped=1
2026-08-14 22:40:34,226 tracking: rect=(28, 30, 1452, 1144) overlay_mapped=1
2026-08-14 22:40:34,333 tracking: rect=(28, 30, 1452, 1144) overlay_mapped=1
2026-08-14 22:40:34,442 tracking: rect=(28, 30, 1452, 1144) overlay_mapped=1
2026-08-14 22:40:34,551 tracking: rect=(28, 30, 1452, 1144) overlay_mapped=1
2026-08-14 22:40:34,658 tracking: rect=(28, 30, 1452, 1144) overlay_mapped=1
2026-08-14 22:40:34,767 tracking: rect=(28, 30, 1452, 1144) overlay_mapped=1
2026-08-14 22:40:34,876 tracking: rect=(28, 30, 1452, 1144) overlay_mapped=1
2026-08-14 22:40:34,984 tracking: rect=(28, 30, 1452, 1144) overlay_mapped=1
2026-08-14 22:40:35,091 tracking: rect=(28, 30, 1452, 1144) overlay_mapped=1
2026-08-14 22:40:35,200 tracking: rect=(28, 30, 1452, 1144) overlay_mapped=1
2026-08-14 22:40:35,308 tracking: rect=(28, 30, 1452, 1144) overlay_mapped=1
2026-08-14 22:40:35,417 tracking: rect=(28, 30, 1452, 1144) overlay_mapped=1
2026-08-14 22:40:35,524 tracking: rect=(28, 30, 1452, 1144) overlay_mapped=1
2026-08-14 22:40:35,633 tracking: rect=(28, 30, 1452, 1144) overlay_mapped=1
2026-08-14 22:40:35,739 tracking: rect=(28, 30, 1452, 1144) overlay_mapped=1
2026-08-14 22:40:35,847 tracking: rect=(28, 30, 1452, 1144) overlay_mapped=1
2026-08-14 22:40:35,957 tracking: rect=(28, 30, 1452, 1144) overlay_mapped=1
2026-08-14 22:40:36,064 tracking: rect=(28, 30, 1452, 1144) overlay_mapped=1
2026-08-14 22:40:36,171 tracking: rect=(28, 30, 1452, 1144) overlay_mapped=1
2026-08-14 22:40:36,279 tracking: rect=(28, 30, 1452, 1144) overlay_mapped=1
2026-08-14 22:40:36,388 tracking: rect=(28, 30, 1452, 1144) overlay_mapped=1
2026-08-14 22:40:36,496 tracking: rect=(28, 30, 1452, 1144) overlay_mapped=1
2026-08-14 22:40:36,605 tracking: rect=(28, 30, 1452, 1144) overlay_mapped=1
2026-08-14 22:40:36,714 tracking: rect=(28, 30, 1452, 1144) overlay_mapped=1
2026-08-14 22:40:36,823 tracking: rect=(28, 30, 1452, 1144) overlay_mapped=1
2026-08-14 22:40:36,886 left click mode=idle at (1613,690)
2026-08-14 22:40:36,932 tracking: rect=(28, 30, 1452, 1144) overlay_mapped=1
2026-08-14 22:40:37,039 tracking: rect=(28, 30, 1452, 1144) overlay_mapped=1
2026-08-14 22:40:37,147 tracking: rect=(28, 30, 1452, 1144) overlay_mapped=1
2026-08-14 22:40:37,258 tracking: rect=(28, 30, 1452, 1144) overlay_mapped=1
2026-08-14 22:40:37,368 tracking: rect=(28, 30, 1452, 1144) overlay_mapped=1
2026-08-14 22:40:37,477 tracking: rect=(28, 30, 1452, 1144) overlay_mapped=1
2026-08-14 22:40:37,586 tracking: rect=(28, 30, 1452, 1144) overlay_mapped=1
2026-08-14 22:40:37,695 tracking: rect=(28, 30, 1452, 1144) overlay_mapped=1
2026-08-14 22:40:37,804 tracking: rect=(28, 30, 1452, 1144) overlay_mapped=1
2026-08-14 22:40:37,906 tracking: rect=(28, 30, 1452, 1144) overlay_mapped=1
2026-08-14 22:40:38,007 tracking: rect=(28, 30, 1452, 1144) overlay_mapped=1
2026-08-14 22:40:38,114 tracking: rect=(28, 30, 1452, 1144) overlay_mapped=1
2026-08-14 22:40:38,224 tracking: rect=(28, 30, 1452, 1144) overlay_mapped=1
2026-08-14 22:40:38,326 tracking: rect=(28, 30, 1452, 1144) overlay_mapped=1
2026-08-14 22:40:38,430 tracking: rect=(28, 30, 1452, 1144) overlay_mapped=1
2026-08-14 22:40:38,531 tracking: rect=(28, 30, 1452, 1144) overlay_mapped=1
2026-08-14 22:40:38,632 tracking: rect=(28, 30, 1452, 1144) overlay_mapped=1
2026-08-14 22:40:38,734 tracking: rect=(28, 30, 1452, 1144) overlay_mapped=1
2026-08-14 22:40:38,834 tracking: rect=(28, 30, 1452, 1144) overlay_mapped=1
2026-08-14 22:40:38,936 tracking: rect=(28, 30, 1452, 1144) overlay_mapped=1
2026-08-14 22:40:39,037 tracking: rect=(28, 30, 1452, 1144) overlay_mapped=1
2026-08-14 22:40:39,110 left click mode=idle at (478,113)
2026-08-14 22:40:39,141 tracking: rect=(28, 30, 1452, 1144) overlay_mapped=1
2026-08-14 22:40:39,241 tracking: rect=(28, 30, 1452, 1144) overlay_mapped=1
2026-08-14 22:40:39,343 tracking: rect=(28, 30, 1452, 1144) overlay_mapped=1
2026-08-14 22:40:39,446 tracking: rect=(28, 30, 1452, 1144) overlay_mapped=1
2026-08-14 22:40:39,547 tracking: rect=(28, 30, 1452, 1144) overlay_mapped=1
2026-08-14 22:40:39,648 tracking: rect=(28, 30, 1452, 1144) overlay_mapped=1
2026-08-14 22:40:39,749 tracking: rect=(28, 30, 1452, 1144) overlay_mapped=1
2026-08-14 22:40:39,851 tracking: rect=(28, 30, 1452, 1144) overlay_mapped=1
2026-08-14 22:40:39,962 tracking: rect=(28, 30, 1452, 1144) overlay_mapped=1
2026-08-14 22:40:39,979 left click mode=idle at (335,108)
2026-08-14 22:40:40,072 tracking: rect=(28, 30, 1452, 1144) overlay_mapped=1
2026-08-14 22:40:40,173 tracking: rect=(28, 30, 1452, 1144) overlay_mapped=1
2026-08-14 22:40:40,288 tracking: rect=(28, 30, 1452, 1144) overlay_mapped=1
2026-08-14 22:40:40,397 tracking: rect=(28, 30, 1452, 1144) overlay_mapped=1
2026-08-14 22:40:40,505 tracking: rect=(28, 30, 1452, 1144) overlay_mapped=1
2026-08-14 22:40:40,608 tracking: rect=(28, 30, 1452, 1144) overlay_mapped=1
2026-08-14 22:40:40,708 tracking: rect=(28, 30, 1452, 1144) overlay_mapped=1
2026-08-14 22:40:40,810 tracking: rect=(28, 30, 1452, 1144) overlay_mapped=1
2026-08-14 22:40:40,911 tracking: rect=(28, 30, 1452, 1144) overlay_mapped=1
2026-08-14 22:40:41,012 tracking: rect=(28, 30, 1452, 1144) overlay_mapped=1
2026-08-14 22:40:41,127 tracking: rect=(28, 30, 1452, 1144) overlay_mapped=1
2026-08-14 22:40:41,159 left click mode=idle at (487,77)
2026-08-14 22:40:41,228 tracking: rect=(28, 30, 1452, 1144) overlay_mapped=1
2026-08-14 22:40:41,331 tracking: rect=(28, 30, 1452, 1144) overlay_mapped=1
2026-08-14 22:40:41,433 tracking: rect=(28, 30, 1452, 1144) overlay_mapped=1
2026-08-14 22:40:41,534 tracking: rect=(28, 30, 1452, 1144) overlay_mapped=1
2026-08-14 22:40:41,635 tracking: rect=(28, 30, 1452, 1144) overlay_mapped=1
2026-08-14 22:40:41,736 tracking: rect=(28, 30, 1452, 1144) overlay_mapped=1
2026-08-14 22:40:41,837 tracking: rect=(28, 30, 1452, 1144) overlay_mapped=1
2026-08-14 22:40:41,941 tracking: rect=(28, 30, 1452, 1144) overlay_mapped=1
2026-08-14 22:40:42,042 tracking: rect=(28, 30, 1452, 1144) overlay_mapped=1
2026-08-14 22:40:42,153 tracking: rect=(28, 30, 1452, 1144) overlay_mapped=1
2026-08-14 22:40:42,261 tracking: rect=(28, 30, 1452, 1144) overlay_mapped=1
2026-08-14 22:40:42,369 tracking: rect=(28, 30, 1452, 1144) overlay_mapped=1
2026-08-14 22:40:42,478 tracking: rect=(28, 30, 1452, 1144) overlay_mapped=1
2026-08-14 22:40:42,588 tracking: rect=(28, 30, 1452, 1144) overlay_mapped=1
2026-08-14 22:40:42,696 tracking: rect=(28, 30, 1452, 1144) overlay_mapped=1
2026-08-14 22:40:42,805 tracking: rect=(28, 30, 1452, 1144) overlay_mapped=1
2026-08-14 22:40:42,914 tracking: rect=(28, 30, 1452, 1144) overlay_mapped=1
2026-08-14 22:40:43,025 tracking: rect=(28, 30, 1452, 1144) overlay_mapped=1
2026-08-14 22:40:43,072 left click mode=idle at (1844,1011)
2026-08-14 22:40:43,134 tracking: rect=(28, 30, 1452, 1144) overlay_mapped=1
2026-08-14 22:40:43,242 tracking: rect=(28, 30, 1452, 1144) overlay_mapped=1
2026-08-14 22:40:43,350 tracking: rect=(28, 30, 1452, 1144) overlay_mapped=1
2026-08-14 22:40:43,459 tracking: rect=(28, 30, 1452, 1144) overlay_mapped=1
2026-08-14 22:40:43,568 tracking: rect=(28, 30, 1452, 1144) overlay_mapped=1
2026-08-14 22:40:43,678 tracking: rect=(28, 30, 1452, 1144) overlay_mapped=1
2026-08-14 22:40:43,787 tracking: rect=(28, 30, 1452, 1144) overlay_mapped=1
2026-08-14 22:40:43,896 tracking: rect=(28, 30, 1452, 1144) overlay_mapped=1
2026-08-14 22:40:44,004 tracking: rect=(28, 30, 1452, 1144) overlay_mapped=1
2026-08-14 22:40:44,015 left click mode=idle at (2482,413)
2026-08-14 22:40:44,129 tracking: rect=(28, 30, 1452, 1144) overlay_mapped=1
2026-08-14 22:40:44,237 tracking: rect=(28, 30, 1452, 1144) overlay_mapped=1
2026-08-14 22:40:44,345 tracking: rect=(28, 30, 1452, 1144) overlay_mapped=1
2026-08-14 22:40:44,455 tracking: rect=(28, 30, 1452, 1144) overlay_mapped=1
2026-08-14 22:40:44,563 tracking: rect=(28, 30, 1452, 1144) overlay_mapped=1
2026-08-14 22:40:44,643 left click mode=idle at (2467,399)
2026-08-14 22:40:44,673 tracking: rect=(28, 30, 1452, 1144) overlay_mapped=1
2026-08-14 22:40:44,782 tracking: rect=(28, 30, 1452, 1144) overlay_mapped=1
2026-08-14 22:40:44,889 tracking: rect=(28, 30, 1452, 1144) overlay_mapped=1
2026-08-14 22:40:44,998 tracking: rect=(28, 30, 1452, 1144) overlay_mapped=1
2026-08-14 22:40:45,044 left click mode=idle at (2456,330)
2026-08-14 22:40:45,105 tracking: rect=(28, 30, 1452, 1144) overlay_mapped=1
2026-08-14 22:40:45,213 tracking: rect=(28, 30, 1452, 1144) overlay_mapped=1
2026-08-14 22:40:45,321 tracking: rect=(28, 30, 1452, 1144) overlay_mapped=1
2026-08-14 22:40:45,429 tracking: rect=(28, 30, 1452, 1144) overlay_mapped=1
2026-08-14 22:40:45,537 tracking: rect=(28, 30, 1452, 1144) overlay_mapped=1
2026-08-14 22:40:45,646 tracking: rect=(28, 30, 1452, 1144) overlay_mapped=1
2026-08-14 22:40:45,756 tracking: rect=(28, 30, 1452, 1144) overlay_mapped=1
2026-08-14 22:40:45,865 tracking: rect=(28, 30, 1452, 1144) overlay_mapped=1
2026-08-14 22:40:45,974 tracking: rect=(28, 30, 1452, 1144) overlay_mapped=1
2026-08-14 22:40:46,082 tracking: rect=(28, 30, 1452, 1144) overlay_mapped=1
2026-08-14 22:40:46,189 tracking: rect=(28, 30, 1452, 1144) overlay_mapped=1
2026-08-14 22:40:46,299 tracking: rect=(28, 30, 1452, 1144) overlay_mapped=1
2026-08-14 22:40:46,408 tracking: rect=(28, 30, 1452, 1144) overlay_mapped=1
2026-08-14 22:40:46,517 tracking: rect=(28, 30, 1452, 1144) overlay_mapped=1
2026-08-14 22:40:46,626 tracking: rect=(28, 30, 1452, 1144) overlay_mapped=1
2026-08-14 22:40:46,735 tracking: rect=(28, 30, 1452, 1144) overlay_mapped=1
2026-08-14 22:40:46,860 tracking: rect=(28, 30, 1452, 1144) overlay_mapped=1
2026-08-14 22:40:46,967 tracking: rect=(28, 30, 1452, 1144) overlay_mapped=1
2026-08-14 22:40:47,075 tracking: rect=(28, 30, 1452, 1144) overlay_mapped=1
2026-08-14 22:40:47,184 tracking: rect=(28, 30, 1452, 1144) overlay_mapped=1
2026-08-14 22:40:47,292 tracking: rect=(28, 30, 1452, 1144) overlay_mapped=1
2026-08-14 22:40:47,401 tracking: rect=(28, 30, 1452, 1144) overlay_mapped=1
2026-08-14 22:40:47,510 tracking: rect=(28, 30, 1452, 1144) overlay_mapped=1
2026-08-14 22:40:47,618 tracking: rect=(28, 30, 1452, 1144) overlay_mapped=1
2026-08-14 22:40:47,727 tracking: rect=(28, 30, 1452, 1144) overlay_mapped=1
2026-08-14 22:40:47,836 tracking: rect=(28, 30, 1452, 1144) overlay_mapped=1
2026-08-14 22:40:47,945 tracking: rect=(28, 30, 1452, 1144) overlay_mapped=1
2026-08-14 22:40:48,054 tracking: rect=(28, 30, 1452, 1144) overlay_mapped=1
2026-08-14 22:40:48,164 tracking: rect=(28, 30, 1452, 1144) overlay_mapped=1
2026-08-14 22:40:48,272 tracking: rect=(28, 30, 1452, 1144) overlay_mapped=1
2026-08-14 22:40:48,381 tracking: rect=(28, 30, 1452, 1144) overlay_mapped=1
2026-08-14 22:40:48,489 tracking: rect=(28, 30, 1452, 1144) overlay_mapped=1
2026-08-14 22:40:48,598 tracking: rect=(28, 30, 1452, 1144) overlay_mapped=1
2026-08-14 22:40:48,707 tracking: rect=(28, 30, 1452, 1144) overlay_mapped=1
2026-08-14 22:40:48,816 tracking: rect=(28, 30, 1452, 1144) overlay_mapped=1
2026-08-14 22:40:48,924 tracking: rect=(28, 30, 1452, 1144) overlay_mapped=1
2026-08-14 22:40:49,031 tracking: rect=(28, 30, 1452, 1144) overlay_mapped=1
2026-08-14 22:40:49,139 tracking: rect=(28, 30, 1452, 1144) overlay_mapped=1
2026-08-14 22:40:49,247 tracking: rect=(28, 30, 1452, 1144) overlay_mapped=1
2026-08-14 22:40:49,356 tracking: rect=(28, 30, 1452, 1144) overlay_mapped=1
2026-08-14 22:40:49,465 tracking: rect=(28, 30, 1452, 1144) overlay_mapped=1
2026-08-14 22:40:49,573 tracking: rect=(28, 30, 1452, 1144) overlay_mapped=1
2026-08-14 22:40:49,681 tracking: rect=(28, 30, 1452, 1144) overlay_mapped=1
2026-08-14 22:40:49,791 tracking: rect=(28, 30, 1452, 1144) overlay_mapped=1
2026-08-14 22:40:49,899 tracking: rect=(28, 30, 1452, 1144) overlay_mapped=1
2026-08-14 22:40:50,008 tracking: rect=(28, 30, 1452, 1144) overlay_mapped=1
2026-08-14 22:40:50,116 tracking: rect=(28, 30, 1452, 1144) overlay_mapped=1
2026-08-14 22:40:50,224 tracking: rect=(28, 30, 1452, 1144) overlay_mapped=1
2026-08-14 22:40:50,333 tracking: rect=(28, 30, 1452, 1144) overlay_mapped=1
2026-08-14 22:40:50,442 tracking: rect=(28, 30, 1452, 1144) overlay_mapped=1
2026-08-14 22:40:50,549 tracking: rect=(28, 30, 1452, 1144) overlay_mapped=1
2026-08-14 22:40:50,657 tracking: rect=(28, 30, 1452, 1144) overlay_mapped=1
2026-08-14 22:40:50,765 tracking: rect=(28, 30, 1452, 1144) overlay_mapped=1
2026-08-14 22:40:50,874 tracking: rect=(28, 30, 1452, 1144) overlay_mapped=1
2026-08-14 22:40:50,982 tracking: rect=(28, 30, 1452, 1144) overlay_mapped=1
2026-08-14 22:40:51,089 tracking: rect=(28, 30, 1452, 1144) overlay_mapped=1
2026-08-14 22:40:51,198 tracking: rect=(28, 30, 1452, 1144) overlay_mapped=1
2026-08-14 22:40:51,307 tracking: rect=(28, 30, 1452, 1144) overlay_mapped=1
2026-08-14 22:40:51,416 tracking: rect=(28, 30, 1452, 1144) overlay_mapped=1
2026-08-14 22:40:51,525 tracking: rect=(28, 30, 1452, 1144) overlay_mapped=1
2026-08-14 22:40:51,633 tracking: rect=(28, 30, 1452, 1144) overlay_mapped=1
2026-08-14 22:40:51,740 tracking: rect=(28, 30, 1452, 1144) overlay_mapped=1
2026-08-14 22:40:51,848 tracking: rect=(28, 30, 1452, 1144) overlay_mapped=1
2026-08-14 22:40:51,956 tracking: rect=(28, 30, 1452, 1144) overlay_mapped=1
2026-08-14 22:40:52,066 tracking: rect=(28, 30, 1452, 1144) overlay_mapped=1
2026-08-14 22:40:52,176 tracking: rect=(28, 30, 1452, 1144) overlay_mapped=1
2026-08-14 22:40:52,300 tracking: rect=(28, 30, 1452, 1144) overlay_mapped=1
2026-08-14 22:40:52,410 tracking: rect=(28, 30, 1452, 1144) overlay_mapped=1
2026-08-14 22:40:52,517 tracking: rect=(28, 30, 1452, 1144) overlay_mapped=1
2026-08-14 22:40:52,625 tracking: rect=(28, 30, 1452, 1144) overlay_mapped=1
2026-08-14 22:40:52,734 tracking: rect=(28, 30, 1452, 1144) overlay_mapped=1
2026-08-14 22:40:52,842 tracking: rect=(28, 30, 1452, 1144) overlay_mapped=1
2026-08-14 22:40:52,952 tracking: rect=(28, 30, 1452, 1144) overlay_mapped=1
2026-08-14 22:40:53,061 tracking: rect=(28, 30, 1452, 1144) overlay_mapped=1
2026-08-14 22:40:53,169 tracking: rect=(28, 30, 1452, 1144) overlay_mapped=1
2026-08-14 22:40:53,276 tracking: rect=(28, 30, 1452, 1144) overlay_mapped=1
2026-08-14 22:40:53,384 tracking: rect=(28, 30, 1452, 1144) overlay_mapped=1
2026-08-14 22:40:53,492 tracking: rect=(28, 30, 1452, 1144) overlay_mapped=1
2026-08-14 22:40:53,600 tracking: rect=(28, 30, 1452, 1144) overlay_mapped=1
2026-08-14 22:40:53,711 tracking: rect=(28, 30, 1452, 1144) overlay_mapped=1
2026-08-14 22:40:53,819 tracking: rect=(28, 30, 1452, 1144) overlay_mapped=1
2026-08-14 22:40:53,927 tracking: rect=(28, 30, 1452, 1144) overlay_mapped=1
2026-08-14 22:40:54,034 tracking: rect=(28, 30, 1452, 1144) overlay_mapped=1
2026-08-14 22:40:54,142 tracking: rect=(28, 30, 1452, 1144) overlay_mapped=1
2026-08-14 22:40:54,250 tracking: rect=(28, 30, 1452, 1144) overlay_mapped=1
2026-08-14 22:40:54,358 tracking: rect=(28, 30, 1452, 1144) overlay_mapped=1
2026-08-14 22:40:54,465 tracking: rect=(28, 30, 1452, 1144) overlay_mapped=1
2026-08-14 22:40:54,573 tracking: rect=(28, 30, 1452, 1144) overlay_mapped=1
2026-08-14 22:40:54,682 tracking: rect=(28, 30, 1452, 1144) overlay_mapped=1
2026-08-14 22:40:54,789 tracking: rect=(28, 30, 1452, 1144) overlay_mapped=1
2026-08-14 22:40:54,898 tracking: rect=(28, 30, 1452, 1144) overlay_mapped=1
2026-08-14 22:40:55,006 tracking: rect=(28, 30, 1452, 1144) overlay_mapped=1
2026-08-14 22:40:55,116 tracking: rect=(28, 30, 1452, 1144) overlay_mapped=1
2026-08-14 22:40:55,223 tracking: rect=(28, 30, 1452, 1144) overlay_mapped=1
2026-08-14 22:40:55,332 tracking: rect=(28, 30, 1452, 1144) overlay_mapped=1
2026-08-14 22:40:55,441 tracking: rect=(28, 30, 1452, 1144) overlay_mapped=1
2026-08-14 22:40:55,549 tracking: rect=(28, 30, 1452, 1144) overlay_mapped=1
2026-08-14 22:40:55,657 tracking: rect=(28, 30, 1452, 1144) overlay_mapped=1
2026-08-14 22:40:55,768 tracking: rect=(28, 30, 1452, 1144) overlay_mapped=1
2026-08-14 22:40:55,877 tracking: rect=(28, 30, 1452, 1144) overlay_mapped=1
2026-08-14 22:40:55,985 tracking: rect=(28, 30, 1452, 1144) overlay_mapped=1
2026-08-14 22:40:56,093 tracking: rect=(28, 30, 1452, 1144) overlay_mapped=1
2026-08-14 22:40:56,202 tracking: rect=(28, 30, 1452, 1144) overlay_mapped=1
2026-08-14 22:40:56,311 tracking: rect=(28, 30, 1452, 1144) overlay_mapped=1
2026-08-14 22:40:56,419 tracking: rect=(28, 30, 1452, 1144) overlay_mapped=1
2026-08-14 22:40:56,527 tracking: rect=(28, 30, 1452, 1144) overlay_mapped=1
2026-08-14 22:40:56,635 tracking: rect=(28, 30, 1452, 1144) overlay_mapped=1
2026-08-14 22:40:56,743 tracking: rect=(28, 30, 1452, 1144) overlay_mapped=1
2026-08-14 22:40:56,852 tracking: rect=(28, 30, 1452, 1144) overlay_mapped=1
2026-08-14 22:40:56,961 tracking: rect=(28, 30, 1452, 1144) overlay_mapped=1
2026-08-14 22:40:57,069 tracking: rect=(28, 30, 1452, 1144) overlay_mapped=1
2026-08-14 22:40:57,177 tracking: rect=(28, 30, 1452, 1144) overlay_mapped=1
2026-08-14 22:40:57,285 tracking: rect=(28, 30, 1452, 1144) overlay_mapped=1
2026-08-14 22:40:57,395 tracking: rect=(28, 30, 1452, 1144) overlay_mapped=1
2026-08-14 22:40:57,504 tracking: rect=(28, 30, 1452, 1144) overlay_mapped=1
2026-08-14 22:40:57,612 tracking: rect=(28, 30, 1452, 1144) overlay_mapped=1
2026-08-14 22:40:57,721 tracking: rect=(28, 30, 1452, 1144) overlay_mapped=1
2026-08-14 22:40:57,830 tracking: rect=(28, 30, 1452, 1144) overlay_mapped=1
2026-08-14 22:40:57,939 tracking: rect=(28, 30, 1452, 1144) overlay_mapped=1
2026-08-14 22:40:58,047 tracking: rect=(28, 30, 1452, 1144) overlay_mapped=1
2026-08-14 22:40:58,155 tracking: rect=(28, 30, 1452, 1144) overlay_mapped=1
2026-08-14 22:40:58,264 tracking: rect=(28, 30, 1452, 1144) overlay_mapped=1
2026-08-14 22:40:58,370 tracking: rect=(28, 30, 1452, 1144) overlay_mapped=1
2026-08-14 22:40:58,478 tracking: rect=(28, 30, 1452, 1144) overlay_mapped=1
2026-08-14 22:40:58,587 tracking: rect=(28, 30, 1452, 1144) overlay_mapped=1
2026-08-14 22:40:58,696 tracking: rect=(28, 30, 1452, 1144) overlay_mapped=1
2026-08-14 22:40:58,804 tracking: rect=(28, 30, 1452, 1144) overlay_mapped=1
2026-08-14 22:40:58,913 tracking: rect=(28, 30, 1452, 1144) overlay_mapped=1
2026-08-14 22:40:59,023 tracking: rect=(28, 30, 1452, 1144) overlay_mapped=1
2026-08-14 22:40:59,132 tracking: rect=(28, 30, 1452, 1144) overlay_mapped=1
2026-08-14 22:40:59,242 tracking: rect=(28, 30, 1452, 1144) overlay_mapped=1
2026-08-14 22:40:59,351 tracking: rect=(28, 30, 1452, 1144) overlay_mapped=1
2026-08-14 22:40:59,459 tracking: rect=(28, 30, 1452, 1144) overlay_mapped=1
2026-08-14 22:40:59,568 tracking: rect=(28, 30, 1452, 1144) overlay_mapped=1
2026-08-14 22:40:59,675 tracking: rect=(28, 30, 1452, 1144) overlay_mapped=1
2026-08-14 22:40:59,785 tracking: rect=(28, 30, 1452, 1144) overlay_mapped=1
2026-08-14 22:40:59,893 tracking: rect=(28, 30, 1452, 1144) overlay_mapped=1
2026-08-14 22:41:00,002 tracking: rect=(28, 30, 1452, 1144) overlay_mapped=1
2026-08-14 22:41:00,109 tracking: rect=(28, 30, 1452, 1144) overlay_mapped=1
2026-08-14 22:41:00,218 tracking: rect=(28, 30, 1452, 1144) overlay_mapped=1
2026-08-14 22:41:00,327 tracking: rect=(28, 30, 1452, 1144) overlay_mapped=1
2026-08-14 22:41:00,435 tracking: rect=(28, 30, 1452, 1144) overlay_mapped=1
2026-08-14 22:41:00,543 tracking: rect=(28, 30, 1452, 1144) overlay_mapped=1
2026-08-14 22:41:00,651 tracking: rect=(28, 30, 1452, 1144) overlay_mapped=1
2026-08-14 22:41:00,759 tracking: rect=(28, 30, 1452, 1144) overlay_mapped=1
2026-08-14 22:41:00,866 tracking: rect=(28, 30, 1452, 1144) overlay_mapped=1
2026-08-14 22:41:00,974 tracking: rect=(28, 30, 1452, 1144) overlay_mapped=1
2026-08-14 22:41:01,081 tracking: rect=(28, 30, 1452, 1144) overlay_mapped=1
2026-08-14 22:41:01,191 tracking: rect=(28, 30, 1452, 1144) overlay_mapped=1
2026-08-14 22:41:01,299 tracking: rect=(28, 30, 1452, 1144) overlay_mapped=1
2026-08-14 22:41:01,409 tracking: rect=(28, 30, 1452, 1144) overlay_mapped=1
2026-08-14 22:41:01,516 tracking: rect=(28, 30, 1452, 1144) overlay_mapped=1
2026-08-14 22:41:01,626 tracking: rect=(28, 30, 1452, 1144) overlay_mapped=1
2026-08-14 22:41:01,735 tracking: rect=(28, 30, 1452, 1144) overlay_mapped=1
2026-08-14 22:41:01,844 tracking: rect=(28, 30, 1452, 1144) overlay_mapped=1
2026-08-14 22:41:01,952 tracking: rect=(28, 30, 1452, 1144) overlay_mapped=1
2026-08-14 22:41:02,061 tracking: rect=(28, 30, 1452, 1144) overlay_mapped=1
2026-08-14 22:41:02,171 tracking: rect=(28, 30, 1452, 1144) overlay_mapped=1
2026-08-14 22:41:02,280 tracking: rect=(28, 30, 1452, 1144) overlay_mapped=1
2026-08-14 22:41:02,389 tracking: rect=(28, 30, 1452, 1144) overlay_mapped=1
2026-08-14 22:41:02,498 tracking: rect=(28, 30, 1452, 1144) overlay_mapped=1
2026-08-14 22:41:02,607 tracking: rect=(28, 30, 1452, 1144) overlay_mapped=1
2026-08-14 22:41:02,715 tracking: rect=(28, 30, 1452, 1144) overlay_mapped=1
2026-08-14 22:41:02,824 tracking: rect=(28, 30, 1452, 1144) overlay_mapped=1
2026-08-14 22:41:02,933 tracking: rect=(28, 30, 1452, 1144) overlay_mapped=1
2026-08-14 22:41:03,041 tracking: rect=(28, 30, 1452, 1144) overlay_mapped=1
2026-08-14 22:41:03,147 tracking: rect=(28, 30, 1452, 1144) overlay_mapped=1
2026-08-14 22:41:03,254 tracking: rect=(28, 30, 1452, 1144) overlay_mapped=1
2026-08-14 22:41:03,363 tracking: rect=(28, 30, 1452, 1144) overlay_mapped=1
2026-08-14 22:41:03,472 tracking: rect=(28, 30, 1452, 1144) overlay_mapped=1
2026-08-14 22:41:03,581 tracking: rect=(28, 30, 1452, 1144) overlay_mapped=1
2026-08-14 22:41:03,689 tracking: rect=(28, 30, 1452, 1144) overlay_mapped=1
2026-08-14 22:41:03,798 tracking: rect=(28, 30, 1452, 1144) overlay_mapped=1
2026-08-14 22:41:03,907 tracking: rect=(28, 30, 1452, 1144) overlay_mapped=1
2026-08-14 22:41:04,015 tracking: rect=(28, 30, 1452, 1144) overlay_mapped=1
2026-08-14 22:41:04,123 tracking: rect=(28, 30, 1452, 1144) overlay_mapped=1
2026-08-14 22:41:04,233 tracking: rect=(28, 30, 1452, 1144) overlay_mapped=1
2026-08-14 22:41:04,342 tracking: rect=(28, 30, 1452, 1144) overlay_mapped=1
2026-08-14 22:41:04,450 tracking: rect=(28, 30, 1452, 1144) overlay_mapped=1
2026-08-14 22:41:04,559 tracking: rect=(28, 30, 1452, 1144) overlay_mapped=1
2026-08-14 22:41:04,668 tracking: rect=(28, 30, 1452, 1144) overlay_mapped=1
2026-08-14 22:41:04,776 tracking: rect=(28, 30, 1452, 1144) overlay_mapped=1
2026-08-14 22:41:04,886 tracking: rect=(28, 30, 1452, 1144) overlay_mapped=1
2026-08-14 22:41:04,995 tracking: rect=(28, 30, 1452, 1144) overlay_mapped=1
2026-08-14 22:41:05,104 tracking: rect=(28, 30, 1452, 1144) overlay_mapped=1
2026-08-14 22:41:05,213 tracking: rect=(28, 30, 1452, 1144) overlay_mapped=1
2026-08-14 22:41:05,321 tracking: rect=(28, 30, 1452, 1144) overlay_mapped=1
2026-08-14 22:41:05,429 tracking: rect=(28, 30, 1452, 1144) overlay_mapped=1
2026-08-14 22:41:05,539 tracking: rect=(28, 30, 1452, 1144) overlay_mapped=1
2026-08-14 22:41:05,647 tracking: rect=(28, 30, 1452, 1144) overlay_mapped=1
2026-08-14 22:41:05,755 tracking: rect=(28, 30, 1452, 1144) overlay_mapped=1
2026-08-14 22:41:05,865 tracking: rect=(28, 30, 1452, 1144) overlay_mapped=1
2026-08-14 22:41:05,974 tracking: rect=(28, 30, 1452, 1144) overlay_mapped=1
2026-08-14 22:41:06,082 tracking: rect=(28, 30, 1452, 1144) overlay_mapped=1
2026-08-14 22:41:06,189 tracking: rect=(28, 30, 1452, 1144) overlay_mapped=1
2026-08-14 22:41:06,299 tracking: rect=(28, 30, 1452, 1144) overlay_mapped=1
2026-08-14 22:41:06,406 tracking: rect=(28, 30, 1452, 1144) overlay_mapped=1
2026-08-14 22:41:06,515 tracking: rect=(28, 30, 1452, 1144) overlay_mapped=1
2026-08-14 22:41:06,624 tracking: rect=(28, 30, 1452, 1144) overlay_mapped=1
2026-08-14 22:41:06,730 tracking: rect=(28, 30, 1452, 1144) overlay_mapped=1
2026-08-14 22:41:06,838 tracking: rect=(28, 30, 1452, 1144) overlay_mapped=1
2026-08-14 22:41:06,946 tracking: rect=(28, 30, 1452, 1144) overlay_mapped=1
2026-08-14 22:41:07,053 tracking: rect=(28, 30, 1452, 1144) overlay_mapped=1
2026-08-14 22:41:07,161 tracking: rect=(28, 30, 1452, 1144) overlay_mapped=1
2026-08-14 22:41:07,270 tracking: rect=(28, 30, 1452, 1144) overlay_mapped=1
2026-08-14 22:41:07,378 tracking: rect=(28, 30, 1452, 1144) overlay_mapped=1
2026-08-14 22:41:07,487 tracking: rect=(28, 30, 1452, 1144) overlay_mapped=1
2026-08-14 22:41:07,595 tracking: rect=(28, 30, 1452, 1144) overlay_mapped=1
2026-08-14 22:41:07,705 tracking: rect=(28, 30, 1452, 1144) overlay_mapped=1
2026-08-14 22:41:07,814 tracking: rect=(28, 30, 1452, 1144) overlay_mapped=1
2026-08-14 22:41:07,925 tracking: rect=(28, 30, 1452, 1144) overlay_mapped=1
2026-08-14 22:41:08,034 tracking: rect=(28, 30, 1452, 1144) overlay_mapped=1
2026-08-14 22:41:08,143 tracking: rect=(28, 30, 1452, 1144) overlay_mapped=1
2026-08-14 22:41:08,252 tracking: rect=(28, 30, 1452, 1144) overlay_mapped=1
2026-08-14 22:41:08,362 tracking: rect=(28, 30, 1452, 1144) overlay_mapped=1
2026-08-14 22:41:08,470 tracking: rect=(28, 30, 1452, 1144) overlay_mapped=1
2026-08-14 22:41:08,579 tracking: rect=(28, 30, 1452, 1144) overlay_mapped=1
2026-08-14 22:41:08,687 tracking: rect=(28, 30, 1452, 1144) overlay_mapped=1
2026-08-14 22:41:08,797 tracking: rect=(28, 30, 1452, 1144) overlay_mapped=1
2026-08-14 22:41:08,907 tracking: rect=(28, 30, 1452, 1144) overlay_mapped=1
2026-08-14 22:41:09,013 tracking: rect=(28, 30, 1452, 1144) overlay_mapped=1
2026-08-14 22:41:09,121 tracking: rect=(28, 30, 1452, 1144) overlay_mapped=1
2026-08-14 22:41:09,228 tracking: rect=(28, 30, 1452, 1144) overlay_mapped=1
2026-08-14 22:41:09,338 tracking: rect=(28, 30, 1452, 1144) overlay_mapped=1
2026-08-14 22:41:09,448 tracking: rect=(28, 30, 1452, 1144) overlay_mapped=1
2026-08-14 22:41:09,555 tracking: rect=(28, 30, 1452, 1144) overlay_mapped=1
2026-08-14 22:41:09,664 tracking: rect=(28, 30, 1452, 1144) overlay_mapped=1
2026-08-14 22:41:09,774 tracking: rect=(28, 30, 1452, 1144) overlay_mapped=1
2026-08-14 22:41:09,881 tracking: rect=(28, 30, 1452, 1144) overlay_mapped=1
2026-08-14 22:41:09,990 tracking: rect=(28, 30, 1452, 1144) overlay_mapped=1
2026-08-14 22:41:10,099 tracking: rect=(28, 30, 1452, 1144) overlay_mapped=1
2026-08-14 22:41:10,208 tracking: rect=(28, 30, 1452, 1144) overlay_mapped=1
2026-08-14 22:41:10,317 tracking: rect=(28, 30, 1452, 1144) overlay_mapped=1
2026-08-14 22:41:10,425 tracking: rect=(28, 30, 1452, 1144) overlay_mapped=1
2026-08-14 22:41:10,533 tracking: rect=(28, 30, 1452, 1144) overlay_mapped=1
2026-08-14 22:41:10,642 tracking: rect=(28, 30, 1452, 1144) overlay_mapped=1
2026-08-14 22:41:10,752 tracking: rect=(28, 30, 1452, 1144) overlay_mapped=1
2026-08-14 22:41:10,861 tracking: rect=(28, 30, 1452, 1144) overlay_mapped=1
2026-08-14 22:41:10,969 tracking: rect=(28, 30, 1452, 1144) overlay_mapped=1
2026-08-14 22:41:11,078 tracking: rect=(28, 30, 1452, 1144) overlay_mapped=1
2026-08-14 22:41:11,188 tracking: rect=(28, 30, 1452, 1144) overlay_mapped=1
2026-08-14 22:41:11,297 tracking: rect=(28, 30, 1452, 1144) overlay_mapped=1
2026-08-14 22:41:11,404 tracking: rect=(28, 30, 1452, 1144) overlay_mapped=1
2026-08-14 22:41:11,512 tracking: rect=(28, 30, 1452, 1144) overlay_mapped=1
2026-08-14 22:41:11,620 tracking: rect=(28, 30, 1452, 1144) overlay_mapped=1
2026-08-14 22:41:11,730 tracking: rect=(28, 30, 1452, 1144) overlay_mapped=1
2026-08-14 22:41:11,839 tracking: rect=(28, 30, 1452, 1144) overlay_mapped=1
2026-08-14 22:41:11,948 tracking: rect=(28, 30, 1452, 1144) overlay_mapped=1
2026-08-14 22:41:12,057 tracking: rect=(28, 30, 1452, 1144) overlay_mapped=1
2026-08-14 22:41:12,163 tracking: rect=(28, 30, 1452, 1144) overlay_mapped=1
2026-08-14 22:41:12,273 tracking: rect=(28, 30, 1452, 1144) overlay_mapped=1
2026-08-14 22:41:12,381 tracking: rect=(28, 30, 1452, 1144) overlay_mapped=1
2026-08-14 22:41:12,489 tracking: rect=(28, 30, 1452, 1144) overlay_mapped=1
2026-08-14 22:41:12,598 tracking: rect=(28, 30, 1452, 1144) overlay_mapped=1
2026-08-14 22:41:12,708 tracking: rect=(28, 30, 1452, 1144) overlay_mapped=1
2026-08-14 22:41:12,816 tracking: rect=(28, 30, 1452, 1144) overlay_mapped=1
2026-08-14 22:41:12,924 tracking: rect=(28, 30, 1452, 1144) overlay_mapped=1
2026-08-14 22:41:13,033 tracking: rect=(28, 30, 1452, 1144) overlay_mapped=1
2026-08-14 22:41:13,142 tracking: rect=(28, 30, 1452, 1144) overlay_mapped=1
2026-08-14 22:41:13,249 tracking: rect=(28, 30, 1452, 1144) overlay_mapped=1
2026-08-14 22:41:13,356 tracking: rect=(28, 30, 1452, 1144) overlay_mapped=1
2026-08-14 22:41:13,464 tracking: rect=(28, 30, 1452, 1144) overlay_mapped=1
2026-08-14 22:41:13,573 tracking: rect=(28, 30, 1452, 1144) overlay_mapped=1
2026-08-14 22:41:13,682 tracking: rect=(28, 30, 1452, 1144) overlay_mapped=1
2026-08-14 22:41:13,791 tracking: rect=(28, 30, 1452, 1144) overlay_mapped=1
2026-08-14 22:41:13,899 tracking: rect=(28, 30, 1452, 1144) overlay_mapped=1
2026-08-14 22:41:14,008 tracking: rect=(28, 30, 1452, 1144) overlay_mapped=1
2026-08-14 22:41:14,115 tracking: rect=(28, 30, 1452, 1144) overlay_mapped=1
2026-08-14 22:41:14,222 tracking: rect=(28, 30, 1452, 1144) overlay_mapped=1
2026-08-14 22:41:14,330 tracking: rect=(28, 30, 1452, 1144) overlay_mapped=1
2026-08-14 22:41:14,439 tracking: rect=(28, 30, 1452, 1144) overlay_mapped=1
2026-08-14 22:41:14,547 tracking: rect=(28, 30, 1452, 1144) overlay_mapped=1
2026-08-14 22:41:14,657 tracking: rect=(28, 30, 1452, 1144) overlay_mapped=1
2026-08-14 22:41:14,767 tracking: rect=(28, 30, 1452, 1144) overlay_mapped=1
2026-08-14 22:41:14,876 tracking: rect=(28, 30, 1452, 1144) overlay_mapped=1
2026-08-14 22:41:14,984 tracking: rect=(28, 30, 1452, 1144) overlay_mapped=1
2026-08-14 22:41:15,092 tracking: rect=(28, 30, 1452, 1144) overlay_mapped=1
2026-08-14 22:41:15,201 tracking: rect=(28, 30, 1452, 1144) overlay_mapped=1
2026-08-14 22:41:15,310 tracking: rect=(28, 30, 1452, 1144) overlay_mapped=1
2026-08-14 22:41:15,418 tracking: rect=(28, 30, 1452, 1144) overlay_mapped=1
2026-08-14 22:41:15,525 tracking: rect=(28, 30, 1452, 1144) overlay_mapped=1
2026-08-14 22:41:15,633 tracking: rect=(28, 30, 1452, 1144) overlay_mapped=1
2026-08-14 22:41:15,742 tracking: rect=(28, 30, 1452, 1144) overlay_mapped=1
2026-08-14 22:41:15,851 tracking: rect=(28, 30, 1452, 1144) overlay_mapped=1
2026-08-14 22:41:15,960 tracking: rect=(28, 30, 1452, 1144) overlay_mapped=1
2026-08-14 22:41:16,068 tracking: rect=(28, 30, 1452, 1144) overlay_mapped=1
2026-08-14 22:41:16,177 tracking: rect=(28, 30, 1452, 1144) overlay_mapped=1
2026-08-14 22:41:16,288 tracking: rect=(28, 30, 1452, 1144) overlay_mapped=1
2026-08-14 22:41:16,394 tracking: rect=(28, 30, 1452, 1144) overlay_mapped=1
2026-08-14 22:41:16,501 tracking: rect=(28, 30, 1452, 1144) overlay_mapped=1
2026-08-14 22:41:16,610 tracking: rect=(28, 30, 1452, 1144) overlay_mapped=1
2026-08-14 22:41:16,718 tracking: rect=(28, 30, 1452, 1144) overlay_mapped=1
2026-08-14 22:41:16,843 tracking: rect=(28, 30, 1452, 1144) overlay_mapped=1
2026-08-14 22:41:16,951 tracking: rect=(28, 30, 1452, 1144) overlay_mapped=1
2026-08-14 22:41:17,060 tracking: rect=(28, 30, 1452, 1144) overlay_mapped=1
2026-08-14 22:41:17,169 tracking: rect=(28, 30, 1452, 1144) overlay_mapped=1
2026-08-14 22:41:17,278 tracking: rect=(28, 30, 1452, 1144) overlay_mapped=1
2026-08-14 22:41:17,386 tracking: rect=(28, 30, 1452, 1144) overlay_mapped=1
2026-08-14 22:41:17,497 tracking: rect=(28, 30, 1452, 1144) overlay_mapped=1
2026-08-14 22:41:17,604 tracking: rect=(28, 30, 1452, 1144) overlay_mapped=1
2026-08-14 22:41:17,714 tracking: rect=(28, 30, 1452, 1144) overlay_mapped=1
2026-08-14 22:41:17,822 tracking: rect=(28, 30, 1452, 1144) overlay_mapped=1
2026-08-14 22:41:17,931 tracking: rect=(28, 30, 1452, 1144) overlay_mapped=1
2026-08-14 22:41:18,039 tracking: rect=(28, 30, 1452, 1144) overlay_mapped=1
2026-08-14 22:41:18,148 tracking: rect=(28, 30, 1452, 1144) overlay_mapped=1
2026-08-14 22:41:18,257 tracking: rect=(28, 30, 1452, 1144) overlay_mapped=1
2026-08-14 22:41:18,366 tracking: rect=(28, 30, 1452, 1144) overlay_mapped=1
2026-08-14 22:41:18,474 tracking: rect=(28, 30, 1452, 1144) overlay_mapped=1
2026-08-14 22:41:18,583 tracking: rect=(28, 30, 1452, 1144) overlay_mapped=1
2026-08-14 22:41:18,692 tracking: rect=(28, 30, 1452, 1144) overlay_mapped=1
2026-08-14 22:41:18,802 tracking: rect=(28, 30, 1452, 1144) overlay_mapped=1
2026-08-14 22:41:18,910 tracking: rect=(28, 30, 1452, 1144) overlay_mapped=1
2026-08-14 22:41:19,020 tracking: rect=(28, 30, 1452, 1144) overlay_mapped=1
2026-08-14 22:41:19,128 tracking: rect=(28, 30, 1452, 1144) overlay_mapped=1
2026-08-14 22:41:19,236 tracking: rect=(28, 30, 1452, 1144) overlay_mapped=1
2026-08-14 22:41:19,345 tracking: rect=(28, 30, 1452, 1144) overlay_mapped=1
2026-08-14 22:41:19,455 tracking: rect=(28, 30, 1452, 1144) overlay_mapped=1
2026-08-14 22:41:19,565 tracking: rect=(28, 30, 1452, 1144) overlay_mapped=1
2026-08-14 22:41:19,674 tracking: rect=(28, 30, 1452, 1144) overlay_mapped=1
2026-08-14 22:41:19,784 tracking: rect=(28, 30, 1452, 1144) overlay_mapped=1
2026-08-14 22:41:19,892 tracking: rect=(28, 30, 1452, 1144) overlay_mapped=1
2026-08-14 22:41:20,001 tracking: rect=(28, 30, 1452, 1144) overlay_mapped=1
2026-08-14 22:41:20,109 tracking: rect=(28, 30, 1452, 1144) overlay_mapped=1
2026-08-14 22:41:20,217 tracking: rect=(28, 30, 1452, 1144) overlay_mapped=1
2026-08-14 22:41:20,325 tracking: rect=(28, 30, 1452, 1144) overlay_mapped=1
2026-08-14 22:41:20,432 tracking: rect=(28, 30, 1452, 1144) overlay_mapped=1
2026-08-14 22:41:20,541 tracking: rect=(28, 30, 1452, 1144) overlay_mapped=1
2026-08-14 22:41:20,650 tracking: rect=(28, 30, 1452, 1144) overlay_mapped=1
2026-08-14 22:41:20,759 tracking: rect=(28, 30, 1452, 1144) overlay_mapped=1
2026-08-14 22:41:20,866 tracking: rect=(28, 30, 1452, 1144) overlay_mapped=1
2026-08-14 22:41:20,975 tracking: rect=(28, 30, 1452, 1144) overlay_mapped=1
2026-08-14 22:41:21,084 tracking: rect=(28, 30, 1452, 1144) overlay_mapped=1
2026-08-14 22:41:21,193 tracking: rect=(28, 30, 1452, 1144) overlay_mapped=1
2026-08-14 22:41:21,303 tracking: rect=(28, 30, 1452, 1144) overlay_mapped=1
2026-08-14 22:41:21,413 tracking: rect=(28, 30, 1452, 1144) overlay_mapped=1
2026-08-14 22:41:21,521 tracking: rect=(28, 30, 1452, 1144) overlay_mapped=1
2026-08-14 22:41:21,630 tracking: rect=(28, 30, 1452, 1144) overlay_mapped=1
2026-08-14 22:41:21,738 tracking: rect=(28, 30, 1452, 1144) overlay_mapped=1
2026-08-14 22:41:21,848 tracking: rect=(28, 30, 1452, 1144) overlay_mapped=1
2026-08-14 22:41:21,955 tracking: rect=(28, 30, 1452, 1144) overlay_mapped=1
2026-08-14 22:41:22,063 tracking: rect=(28, 30, 1452, 1144) overlay_mapped=1
2026-08-14 22:41:22,172 tracking: rect=(28, 30, 1452, 1144) overlay_mapped=1
2026-08-14 22:41:22,282 tracking: rect=(28, 30, 1452, 1144) overlay_mapped=1
2026-08-14 22:41:22,391 tracking: rect=(28, 30, 1452, 1144) overlay_mapped=1
2026-08-14 22:41:22,500 tracking: rect=(28, 30, 1452, 1144) overlay_mapped=1
2026-08-14 22:41:22,608 tracking: rect=(28, 30, 1452, 1144) overlay_mapped=1
2026-08-14 22:41:22,716 tracking: rect=(28, 30, 1452, 1144) overlay_mapped=1
2026-08-14 22:41:22,825 tracking: rect=(28, 30, 1452, 1144) overlay_mapped=1
2026-08-14 22:41:22,934 tracking: rect=(28, 30, 1452, 1144) overlay_mapped=1
2026-08-14 22:41:23,042 tracking: rect=(28, 30, 1452, 1144) overlay_mapped=1
2026-08-14 22:41:23,153 tracking: rect=(28, 30, 1452, 1144) overlay_mapped=1
2026-08-14 22:41:23,260 tracking: rect=(28, 30, 1452, 1144) overlay_mapped=1
2026-08-14 22:41:23,369 tracking: rect=(28, 30, 1452, 1144) overlay_mapped=1
2026-08-14 22:41:23,478 tracking: rect=(28, 30, 1452, 1144) overlay_mapped=1
2026-08-14 22:41:23,586 tracking: rect=(28, 30, 1452, 1144) overlay_mapped=1
2026-08-14 22:41:23,696 tracking: rect=(28, 30, 1452, 1144) overlay_mapped=1
2026-08-14 22:41:23,803 tracking: rect=(28, 30, 1452, 1144) overlay_mapped=1
2026-08-14 22:41:23,913 tracking: rect=(28, 30, 1452, 1144) overlay_mapped=1
2026-08-14 22:41:24,023 tracking: rect=(28, 30, 1452, 1144) overlay_mapped=1
2026-08-14 22:41:24,131 tracking: rect=(28, 30, 1452, 1144) overlay_mapped=1
2026-08-14 22:41:24,240 tracking: rect=(28, 30, 1452, 1144) overlay_mapped=1
2026-08-14 22:41:24,348 tracking: rect=(28, 30, 1452, 1144) overlay_mapped=1
2026-08-14 22:41:24,457 tracking: rect=(28, 30, 1452, 1144) overlay_mapped=1
2026-08-14 22:41:24,566 tracking: rect=(28, 30, 1452, 1144) overlay_mapped=1
2026-08-14 22:41:24,674 tracking: rect=(28, 30, 1452, 1144) overlay_mapped=1
2026-08-14 22:41:24,781 tracking: rect=(28, 30, 1452, 1144) overlay_mapped=1
2026-08-14 22:41:24,890 tracking: rect=(28, 30, 1452, 1144) overlay_mapped=1
2026-08-14 22:41:25,000 tracking: rect=(28, 30, 1452, 1144) overlay_mapped=1
2026-08-14 22:41:25,109 tracking: rect=(28, 30, 1452, 1144) overlay_mapped=1
2026-08-14 22:41:25,218 tracking: rect=(28, 30, 1452, 1144) overlay_mapped=1
2026-08-14 22:41:25,327 tracking: rect=(28, 30, 1452, 1144) overlay_mapped=1
2026-08-14 22:41:25,435 tracking: rect=(28, 30, 1452, 1144) overlay_mapped=1
2026-08-14 22:41:25,543 tracking: rect=(28, 30, 1452, 1144) overlay_mapped=1
2026-08-14 22:41:25,652 tracking: rect=(28, 30, 1452, 1144) overlay_mapped=1
2026-08-14 22:41:25,759 tracking: rect=(28, 30, 1452, 1144) overlay_mapped=1
2026-08-14 22:41:25,868 tracking: rect=(28, 30, 1452, 1144) overlay_mapped=1
2026-08-14 22:41:25,978 tracking: rect=(28, 30, 1452, 1144) overlay_mapped=1
2026-08-14 22:41:26,088 tracking: rect=(28, 30, 1452, 1144) overlay_mapped=1
2026-08-14 22:41:26,197 tracking: rect=(28, 30, 1452, 1144) overlay_mapped=1
2026-08-14 22:41:26,306 tracking: rect=(28, 30, 1452, 1144) overlay_mapped=1
2026-08-14 22:41:26,415 tracking: rect=(28, 30, 1452, 1144) overlay_mapped=1
2026-08-14 22:41:26,523 tracking: rect=(28, 30, 1452, 1144) overlay_mapped=1
2026-08-14 22:41:26,632 tracking: rect=(28, 30, 1452, 1144) overlay_mapped=1
2026-08-14 22:41:26,741 tracking: rect=(28, 30, 1452, 1144) overlay_mapped=1
2026-08-14 22:41:26,849 tracking: rect=(28, 30, 1452, 1144) overlay_mapped=1
2026-08-14 22:41:26,957 tracking: rect=(28, 30, 1452, 1144) overlay_mapped=1
2026-08-14 22:41:27,066 tracking: rect=(28, 30, 1452, 1144) overlay_mapped=1
2026-08-14 22:41:27,174 tracking: rect=(28, 30, 1452, 1144) overlay_mapped=1
2026-08-14 22:41:27,284 tracking: rect=(28, 30, 1452, 1144) overlay_mapped=1
2026-08-14 22:41:27,393 tracking: rect=(28, 30, 1452, 1144) overlay_mapped=1
2026-08-14 22:41:27,501 tracking: rect=(28, 30, 1452, 1144) overlay_mapped=1
2026-08-14 22:41:27,610 tracking: rect=(28, 30, 1452, 1144) overlay_mapped=1
2026-08-14 22:41:27,719 tracking: rect=(28, 30, 1452, 1144) overlay_mapped=1
2026-08-14 22:41:27,828 tracking: rect=(28, 30, 1452, 1144) overlay_mapped=1
2026-08-14 22:41:27,937 tracking: rect=(28, 30, 1452, 1144) overlay_mapped=1
2026-08-14 22:41:28,045 tracking: rect=(28, 30, 1452, 1144) overlay_mapped=1
2026-08-14 22:41:28,153 tracking: rect=(28, 30, 1452, 1144) overlay_mapped=1
2026-08-14 22:41:28,261 tracking: rect=(28, 30, 1452, 1144) overlay_mapped=1
2026-08-14 22:41:28,371 tracking: rect=(28, 30, 1452, 1144) overlay_mapped=1
2026-08-14 22:41:28,480 tracking: rect=(28, 30, 1452, 1144) overlay_mapped=1
2026-08-14 22:41:28,588 tracking: rect=(28, 30, 1452, 1144) overlay_mapped=1
2026-08-14 22:41:28,696 tracking: rect=(28, 30, 1452, 1144) overlay_mapped=1
2026-08-14 22:41:28,802 tracking: rect=(28, 30, 1452, 1144) overlay_mapped=1
2026-08-14 22:41:28,910 tracking: rect=(28, 30, 1452, 1144) overlay_mapped=1
2026-08-14 22:41:29,019 tracking: rect=(28, 30, 1452, 1144) overlay_mapped=1
2026-08-14 22:41:29,126 tracking: rect=(28, 30, 1452, 1144) overlay_mapped=1
2026-08-14 22:41:29,235 tracking: rect=(28, 30, 1452, 1144) overlay_mapped=1
2026-08-14 22:41:29,344 tracking: rect=(28, 30, 1452, 1144) overlay_mapped=1
2026-08-14 22:41:29,453 tracking: rect=(28, 30, 1452, 1144) overlay_mapped=1
2026-08-14 22:41:29,562 tracking: rect=(28, 30, 1452, 1144) overlay_mapped=1
2026-08-14 22:41:29,669 tracking: rect=(28, 30, 1452, 1144) overlay_mapped=1
2026-08-14 22:41:29,778 tracking: rect=(28, 30, 1452, 1144) overlay_mapped=1
2026-08-14 22:41:29,887 tracking: rect=(28, 30, 1452, 1144) overlay_mapped=1
2026-08-14 22:41:29,996 tracking: rect=(28, 30, 1452, 1144) overlay_mapped=1
2026-08-14 22:41:30,106 tracking: rect=(28, 30, 1452, 1144) overlay_mapped=1
2026-08-14 22:41:30,215 tracking: rect=(28, 30, 1452, 1144) overlay_mapped=1
2026-08-14 22:41:30,323 tracking: rect=(28, 30, 1452, 1144) overlay_mapped=1
2026-08-14 22:41:30,434 tracking: rect=(28, 30, 1452, 1144) overlay_mapped=1
2026-08-14 22:41:30,543 tracking: rect=(28, 30, 1452, 1144) overlay_mapped=1
2026-08-14 22:41:30,652 tracking: rect=(28, 30, 1452, 1144) overlay_mapped=1
2026-08-14 22:41:30,759 tracking: rect=(28, 30, 1452, 1144) overlay_mapped=1
2026-08-14 22:41:30,868 tracking: rect=(28, 30, 1452, 1144) overlay_mapped=1
2026-08-14 22:41:30,977 tracking: rect=(28, 30, 1452, 1144) overlay_mapped=1
2026-08-14 22:41:31,084 tracking: rect=(28, 30, 1452, 1144) overlay_mapped=1
2026-08-14 22:41:31,194 tracking: rect=(28, 30, 1452, 1144) overlay_mapped=1
2026-08-14 22:41:31,301 tracking: rect=(28, 30, 1452, 1144) overlay_mapped=1
2026-08-14 22:41:31,410 tracking: rect=(28, 30, 1452, 1144) overlay_mapped=1
2026-08-14 22:41:31,519 tracking: rect=(28, 30, 1452, 1144) overlay_mapped=1
2026-08-14 22:41:31,627 tracking: rect=(28, 30, 1452, 1144) overlay_mapped=1
2026-08-14 22:41:31,735 tracking: rect=(28, 30, 1452, 1144) overlay_mapped=1
2026-08-14 22:41:31,844 tracking: rect=(28, 30, 1452, 1144) overlay_mapped=1
2026-08-14 22:41:31,953 tracking: rect=(28, 30, 1452, 1144) overlay_mapped=1
2026-08-14 22:41:32,061 tracking: rect=(28, 30, 1452, 1144) overlay_mapped=1
2026-08-14 22:41:32,168 tracking: rect=(28, 30, 1452, 1144) overlay_mapped=1
2026-08-14 22:41:32,278 tracking: rect=(28, 30, 1452, 1144) overlay_mapped=1
2026-08-14 22:41:32,388 tracking: rect=(28, 30, 1452, 1144) overlay_mapped=1
2026-08-14 22:41:32,496 tracking: rect=(28, 30, 1452, 1144) overlay_mapped=1
2026-08-14 22:41:32,605 tracking: rect=(28, 30, 1452, 1144) overlay_mapped=1
2026-08-14 22:41:32,714 tracking: rect=(28, 30, 1452, 1144) overlay_mapped=1
2026-08-14 22:41:32,823 tracking: rect=(28, 30, 1452, 1144) overlay_mapped=1
2026-08-14 22:41:32,933 tracking: rect=(28, 30, 1452, 1144) overlay_mapped=1
2026-08-14 22:41:33,040 tracking: rect=(28, 30, 1452, 1144) overlay_mapped=1
2026-08-14 22:41:33,148 tracking: rect=(28, 30, 1452, 1144) overlay_mapped=1
2026-08-14 22:41:33,258 tracking: rect=(28, 30, 1452, 1144) overlay_mapped=1
2026-08-14 22:41:33,369 tracking: rect=(28, 30, 1452, 1144) overlay_mapped=1
2026-08-14 22:41:33,478 tracking: rect=(28, 30, 1452, 1144) overlay_mapped=1
2026-08-14 22:41:33,587 tracking: rect=(28, 30, 1452, 1144) overlay_mapped=1
2026-08-14 22:41:33,694 tracking: rect=(28, 30, 1452, 1144) overlay_mapped=1
2026-08-14 22:41:33,801 tracking: rect=(28, 30, 1452, 1144) overlay_mapped=1
2026-08-14 22:41:33,911 tracking: rect=(28, 30, 1452, 1144) overlay_mapped=1
2026-08-14 22:41:34,020 tracking: rect=(28, 30, 1452, 1144) overlay_mapped=1
2026-08-14 22:41:34,128 tracking: rect=(28, 30, 1452, 1144) overlay_mapped=1
2026-08-14 22:41:34,237 tracking: rect=(28, 30, 1452, 1144) overlay_mapped=1
2026-08-14 22:41:34,344 tracking: rect=(28, 30, 1452, 1144) overlay_mapped=1
2026-08-14 22:41:34,453 tracking: rect=(28, 30, 1452, 1144) overlay_mapped=1
2026-08-14 22:41:34,563 tracking: rect=(28, 30, 1452, 1144) overlay_mapped=1
2026-08-14 22:41:34,671 tracking: rect=(28, 30, 1452, 1144) overlay_mapped=1
2026-08-14 22:41:34,780 tracking: rect=(28, 30, 1452, 1144) overlay_mapped=1
2026-08-14 22:41:34,889 tracking: rect=(28, 30, 1452, 1144) overlay_mapped=1
2026-08-14 22:41:34,998 tracking: rect=(28, 30, 1452, 1144) overlay_mapped=1
2026-08-14 22:41:35,106 tracking: rect=(28, 30, 1452, 1144) overlay_mapped=1
2026-08-14 22:41:35,216 tracking: rect=(28, 30, 1452, 1144) overlay_mapped=1
2026-08-14 22:41:35,325 tracking: rect=(28, 30, 1452, 1144) overlay_mapped=1
2026-08-14 22:41:35,435 tracking: rect=(28, 30, 1452, 1144) overlay_mapped=1
2026-08-14 22:41:35,544 tracking: rect=(28, 30, 1452, 1144) overlay_mapped=1
2026-08-14 22:41:35,653 tracking: rect=(28, 30, 1452, 1144) overlay_mapped=1
2026-08-14 22:41:35,762 tracking: rect=(28, 30, 1452, 1144) overlay_mapped=1
2026-08-14 22:41:35,870 tracking: rect=(28, 30, 1452, 1144) overlay_mapped=1
2026-08-14 22:41:35,979 tracking: rect=(28, 30, 1452, 1144) overlay_mapped=1
2026-08-14 22:41:36,088 tracking: rect=(28, 30, 1452, 1144) overlay_mapped=1
2026-08-14 22:41:36,198 tracking: rect=(28, 30, 1452, 1144) overlay_mapped=1
2026-08-14 22:41:36,306 tracking: rect=(28, 30, 1452, 1144) overlay_mapped=1
2026-08-14 22:41:36,414 tracking: rect=(28, 30, 1452, 1144) overlay_mapped=1
2026-08-14 22:41:36,524 tracking: rect=(28, 30, 1452, 1144) overlay_mapped=1
2026-08-14 22:41:36,632 tracking: rect=(28, 30, 1452, 1144) overlay_mapped=1
2026-08-14 22:41:36,741 tracking: rect=(28, 30, 1452, 1144) overlay_mapped=1
2026-08-14 22:41:36,850 tracking: rect=(28, 30, 1452, 1144) overlay_mapped=1
2026-08-14 22:41:36,958 tracking: rect=(28, 30, 1452, 1144) overlay_mapped=1
2026-08-14 22:41:37,069 tracking: rect=(28, 30, 1452, 1144) overlay_mapped=1
2026-08-14 22:41:37,177 tracking: rect=(28, 30, 1452, 1144) overlay_mapped=1
2026-08-14 22:41:37,286 tracking: rect=(28, 30, 1452, 1144) overlay_mapped=1
2026-08-14 22:41:37,394 tracking: rect=(28, 30, 1452, 1144) overlay_mapped=1
2026-08-14 22:41:37,503 tracking: rect=(28, 30, 1452, 1144) overlay_mapped=1
2026-08-14 22:41:37,612 tracking: rect=(28, 30, 1452, 1144) overlay_mapped=1
2026-08-14 22:41:37,720 tracking: rect=(28, 30, 1452, 1144) overlay_mapped=1
2026-08-14 22:41:37,828 tracking: rect=(28, 30, 1452, 1144) overlay_mapped=1
2026-08-14 22:41:37,937 tracking: rect=(28, 30, 1452, 1144) overlay_mapped=1
2026-08-14 22:41:38,045 tracking: rect=(28, 30, 1452, 1144) overlay_mapped=1
2026-08-14 22:41:38,154 tracking: rect=(28, 30, 1452, 1144) overlay_mapped=1
2026-08-14 22:41:38,261 tracking: rect=(28, 30, 1452, 1144) overlay_mapped=1
2026-08-14 22:41:38,371 tracking: rect=(28, 30, 1452, 1144) overlay_mapped=1
2026-08-14 22:41:38,479 tracking: rect=(28, 30, 1452, 1144) overlay_mapped=1
2026-08-14 22:41:38,586 tracking: rect=(28, 30, 1452, 1144) overlay_mapped=1
2026-08-14 22:41:38,694 tracking: rect=(28, 30, 1452, 1144) overlay_mapped=1
2026-08-14 22:41:38,803 tracking: rect=(28, 30, 1452, 1144) overlay_mapped=1
2026-08-14 22:41:38,914 tracking: rect=(28, 30, 1452, 1144) overlay_mapped=1
2026-08-14 22:41:39,023 tracking: rect=(28, 30, 1452, 1144) overlay_mapped=1
2026-08-14 22:41:39,132 tracking: rect=(28, 30, 1452, 1144) overlay_mapped=1
2026-08-14 22:41:39,239 tracking: rect=(28, 30, 1452, 1144) overlay_mapped=1
2026-08-14 22:41:39,347 tracking: rect=(28, 30, 1452, 1144) overlay_mapped=1
2026-08-14 22:41:39,455 tracking: rect=(28, 30, 1452, 1144) overlay_mapped=1
2026-08-14 22:41:39,561 tracking: rect=(28, 30, 1452, 1144) overlay_mapped=1
2026-08-14 22:41:39,671 tracking: rect=(28, 30, 1452, 1144) overlay_mapped=1
2026-08-14 22:41:39,780 tracking: rect=(28, 30, 1452, 1144) overlay_mapped=1
2026-08-14 22:41:39,888 tracking: rect=(28, 30, 1452, 1144) overlay_mapped=1
2026-08-14 22:41:40,011 tracking: rect=(28, 30, 1452, 1144) overlay_mapped=1
2026-08-14 22:41:40,119 tracking: rect=(28, 30, 1452, 1144) overlay_mapped=1
2026-08-14 22:41:40,228 tracking: rect=(28, 30, 1452, 1144) overlay_mapped=1
2026-08-14 22:41:40,336 tracking: rect=(28, 30, 1452, 1144) overlay_mapped=1
2026-08-14 22:41:40,444 tracking: rect=(28, 30, 1452, 1144) overlay_mapped=1
2026-08-14 22:41:40,552 tracking: rect=(28, 30, 1452, 1144) overlay_mapped=1
2026-08-14 22:41:40,661 tracking: rect=(28, 30, 1452, 1144) overlay_mapped=1
2026-08-14 22:41:40,770 tracking: rect=(28, 30, 1452, 1144) overlay_mapped=1
2026-08-14 22:41:40,879 tracking: rect=(28, 30, 1452, 1144) overlay_mapped=1
2026-08-14 22:41:40,987 tracking: rect=(28, 30, 1452, 1144) overlay_mapped=1
2026-08-14 22:41:41,097 tracking: rect=(28, 30, 1452, 1144) overlay_mapped=1
2026-08-14 22:41:41,203 tracking: rect=(28, 30, 1452, 1144) overlay_mapped=1
2026-08-14 22:41:41,312 tracking: rect=(28, 30, 1452, 1144) overlay_mapped=1
2026-08-14 22:41:41,421 tracking: rect=(28, 30, 1452, 1144) overlay_mapped=1
2026-08-14 22:41:41,530 tracking: rect=(28, 30, 1452, 1144) overlay_mapped=1
2026-08-14 22:41:41,638 tracking: rect=(28, 30, 1452, 1144) overlay_mapped=1
2026-08-14 22:41:41,746 tracking: rect=(28, 30, 1452, 1144) overlay_mapped=1
2026-08-14 22:41:41,854 tracking: rect=(28, 30, 1452, 1144) overlay_mapped=1
2026-08-14 22:41:41,961 tracking: rect=(28, 30, 1452, 1144) overlay_mapped=1
2026-08-14 22:41:42,071 tracking: rect=(28, 30, 1452, 1144) overlay_mapped=1
2026-08-14 22:41:42,179 tracking: rect=(28, 30, 1452, 1144) overlay_mapped=1
2026-08-14 22:41:42,289 tracking: rect=(28, 30, 1452, 1144) overlay_mapped=1
2026-08-14 22:41:42,397 tracking: rect=(28, 30, 1452, 1144) overlay_mapped=1
2026-08-14 22:41:42,506 tracking: rect=(28, 30, 1452, 1144) overlay_mapped=1
2026-08-14 22:41:42,615 tracking: rect=(28, 30, 1452, 1144) overlay_mapped=1
2026-08-14 22:41:42,739 tracking: rect=(28, 30, 1452, 1144) overlay_mapped=1
2026-08-14 22:41:42,847 tracking: rect=(28, 30, 1452, 1144) overlay_mapped=1
2026-08-14 22:41:42,955 tracking: rect=(28, 30, 1452, 1144) overlay_mapped=1
2026-08-14 22:41:43,063 tracking: rect=(28, 30, 1452, 1144) overlay_mapped=1
2026-08-14 22:41:43,172 tracking: rect=(28, 30, 1452, 1144) overlay_mapped=1
2026-08-14 22:41:43,280 tracking: rect=(28, 30, 1452, 1144) overlay_mapped=1
2026-08-14 22:41:43,389 tracking: rect=(28, 30, 1452, 1144) overlay_mapped=1
2026-08-14 22:41:43,497 tracking: rect=(28, 30, 1452, 1144) overlay_mapped=1
2026-08-14 22:41:43,608 tracking: rect=(28, 30, 1452, 1144) overlay_mapped=1
2026-08-14 22:41:43,717 tracking: rect=(28, 30, 1452, 1144) overlay_mapped=1
2026-08-14 22:41:43,826 tracking: rect=(28, 30, 1452, 1144) overlay_mapped=1
2026-08-14 22:41:43,934 tracking: rect=(28, 30, 1452, 1144) overlay_mapped=1
2026-08-14 22:41:44,041 tracking: rect=(28, 30, 1452, 1144) overlay_mapped=1
2026-08-14 22:41:44,149 tracking: rect=(28, 30, 1452, 1144) overlay_mapped=1
2026-08-14 22:41:44,258 tracking: rect=(28, 30, 1452, 1144) overlay_mapped=1
2026-08-14 22:41:44,366 tracking: rect=(28, 30, 1452, 1144) overlay_mapped=1
2026-08-14 22:41:44,474 tracking: rect=(28, 30, 1452, 1144) overlay_mapped=1
2026-08-14 22:41:44,581 tracking: rect=(28, 30, 1452, 1144) overlay_mapped=1
2026-08-14 22:41:44,690 tracking: rect=(28, 30, 1452, 1144) overlay_mapped=1
2026-08-14 22:41:44,797 tracking: rect=(28, 30, 1452, 1144) overlay_mapped=1
2026-08-14 22:41:44,906 tracking: rect=(28, 30, 1452, 1144) overlay_mapped=1
2026-08-14 22:41:45,014 tracking: rect=(28, 30, 1452, 1144) overlay_mapped=1
2026-08-14 22:41:45,123 tracking: rect=(28, 30, 1452, 1144) overlay_mapped=1
2026-08-14 22:41:45,231 tracking: rect=(28, 30, 1452, 1144) overlay_mapped=1
2026-08-14 22:41:45,341 tracking: rect=(28, 30, 1452, 1144) overlay_mapped=1
2026-08-14 22:41:45,450 tracking: rect=(28, 30, 1452, 1144) overlay_mapped=1
2026-08-14 22:41:45,558 tracking: rect=(28, 30, 1452, 1144) overlay_mapped=1
2026-08-14 22:41:45,668 tracking: rect=(28, 30, 1452, 1144) overlay_mapped=1
2026-08-14 22:41:45,776 tracking: rect=(28, 30, 1452, 1144) overlay_mapped=1
2026-08-14 22:41:45,882 tracking: rect=(28, 30, 1452, 1144) overlay_mapped=1
2026-08-14 22:41:45,990 tracking: rect=(28, 30, 1452, 1144) overlay_mapped=1
2026-08-14 22:41:46,099 tracking: rect=(28, 30, 1452, 1144) overlay_mapped=1
2026-08-14 22:41:46,208 tracking: rect=(28, 30, 1452, 1144) overlay_mapped=1
2026-08-14 22:41:46,318 tracking: rect=(28, 30, 1452, 1144) overlay_mapped=1
2026-08-14 22:41:46,425 tracking: rect=(28, 30, 1452, 1144) overlay_mapped=1
2026-08-14 22:41:46,534 tracking: rect=(28, 30, 1452, 1144) overlay_mapped=1
2026-08-14 22:41:46,643 tracking: rect=(28, 30, 1452, 1144) overlay_mapped=1
2026-08-14 22:41:46,751 tracking: rect=(28, 30, 1452, 1144) overlay_mapped=1
2026-08-14 22:41:46,860 tracking: rect=(28, 30, 1452, 1144) overlay_mapped=1
2026-08-14 22:41:46,969 tracking: rect=(28, 30, 1452, 1144) overlay_mapped=1
2026-08-14 22:41:47,078 tracking: rect=(28, 30, 1452, 1144) overlay_mapped=1
2026-08-14 22:41:47,187 tracking: rect=(28, 30, 1452, 1144) overlay_mapped=1
2026-08-14 22:41:47,295 tracking: rect=(28, 30, 1452, 1144) overlay_mapped=1
2026-08-14 22:41:47,405 tracking: rect=(28, 30, 1452, 1144) overlay_mapped=1
2026-08-14 22:41:47,514 tracking: rect=(28, 30, 1452, 1144) overlay_mapped=1
2026-08-14 22:41:47,623 tracking: rect=(28, 30, 1452, 1144) overlay_mapped=1
2026-08-14 22:41:47,733 tracking: rect=(28, 30, 1452, 1144) overlay_mapped=1
2026-08-14 22:41:47,841 tracking: rect=(28, 30, 1452, 1144) overlay_mapped=1
2026-08-14 22:41:47,951 tracking: rect=(28, 30, 1452, 1144) overlay_mapped=1
2026-08-14 22:41:48,059 tracking: rect=(28, 30, 1452, 1144) overlay_mapped=1
2026-08-14 22:41:48,169 tracking: rect=(28, 30, 1452, 1144) overlay_mapped=1
2026-08-14 22:41:48,279 tracking: rect=(28, 30, 1452, 1144) overlay_mapped=1
2026-08-14 22:41:48,388 tracking: rect=(28, 30, 1452, 1144) overlay_mapped=1
2026-08-14 22:41:48,495 tracking: rect=(28, 30, 1452, 1144) overlay_mapped=1
2026-08-14 22:41:48,603 tracking: rect=(28, 30, 1452, 1144) overlay_mapped=1
2026-08-14 22:41:48,711 tracking: rect=(28, 30, 1452, 1144) overlay_mapped=1
2026-08-14 22:41:48,820 tracking: rect=(28, 30, 1452, 1144) overlay_mapped=1
2026-08-14 22:41:48,929 tracking: rect=(28, 30, 1452, 1144) overlay_mapped=1
2026-08-14 22:41:49,037 tracking: rect=(28, 30, 1452, 1144) overlay_mapped=1
2026-08-14 22:41:49,144 tracking: rect=(28, 30, 1452, 1144) overlay_mapped=1
2026-08-14 22:41:49,253 tracking: rect=(28, 30, 1452, 1144) overlay_mapped=1
2026-08-14 22:41:49,364 tracking: rect=(28, 30, 1452, 1144) overlay_mapped=1
2026-08-14 22:41:49,473 tracking: rect=(28, 30, 1452, 1144) overlay_mapped=1
2026-08-14 22:41:49,582 tracking: rect=(28, 30, 1452, 1144) overlay_mapped=1
2026-08-14 22:41:49,690 tracking: rect=(28, 30, 1452, 1144) overlay_mapped=1
2026-08-14 22:41:49,798 tracking: rect=(28, 30, 1452, 1144) overlay_mapped=1
2026-08-14 22:41:49,907 tracking: rect=(28, 30, 1452, 1144) overlay_mapped=1
2026-08-14 22:41:50,015 tracking: rect=(28, 30, 1452, 1144) overlay_mapped=1
2026-08-14 22:41:50,124 tracking: rect=(28, 30, 1452, 1144) overlay_mapped=1
2026-08-14 22:41:50,234 tracking: rect=(28, 30, 1452, 1144) overlay_mapped=1
2026-08-14 22:41:50,342 tracking: rect=(28, 30, 1452, 1144) overlay_mapped=1
2026-08-14 22:41:50,450 tracking: rect=(28, 30, 1452, 1144) overlay_mapped=1
2026-08-14 22:41:50,559 tracking: rect=(28, 30, 1452, 1144) overlay_mapped=1
2026-08-14 22:41:50,667 tracking: rect=(28, 30, 1452, 1144) overlay_mapped=1
2026-08-14 22:41:50,775 tracking: rect=(28, 30, 1452, 1144) overlay_mapped=1
2026-08-14 22:41:50,884 tracking: rect=(28, 30, 1452, 1144) overlay_mapped=1
2026-08-14 22:41:50,991 tracking: rect=(28, 30, 1452, 1144) overlay_mapped=1
2026-08-14 22:41:51,101 tracking: rect=(28, 30, 1452, 1144) overlay_mapped=1
2026-08-14 22:41:51,208 tracking: rect=(28, 30, 1452, 1144) overlay_mapped=1
2026-08-14 22:41:51,316 tracking: rect=(28, 30, 1452, 1144) overlay_mapped=1
2026-08-14 22:41:51,424 tracking: rect=(28, 30, 1452, 1144) overlay_mapped=1
2026-08-14 22:41:51,534 tracking: rect=(28, 30, 1452, 1144) overlay_mapped=1
2026-08-14 22:41:51,642 tracking: rect=(28, 30, 1452, 1144) overlay_mapped=1
2026-08-14 22:41:51,750 tracking: rect=(28, 30, 1452, 1144) overlay_mapped=1
2026-08-14 22:41:51,857 tracking: rect=(28, 30, 1452, 1144) overlay_mapped=1
2026-08-14 22:41:51,966 tracking: rect=(28, 30, 1452, 1144) overlay_mapped=1
2026-08-14 22:41:52,075 tracking: rect=(28, 30, 1452, 1144) overlay_mapped=1
2026-08-14 22:41:52,183 tracking: rect=(28, 30, 1452, 1144) overlay_mapped=1
2026-08-14 22:41:52,291 tracking: rect=(28, 30, 1452, 1144) overlay_mapped=1
2026-08-14 22:41:52,399 tracking: rect=(28, 30, 1452, 1144) overlay_mapped=1
2026-08-14 22:41:52,507 tracking: rect=(28, 30, 1452, 1144) overlay_mapped=1
2026-08-14 22:41:52,615 tracking: rect=(28, 30, 1452, 1144) overlay_mapped=1
2026-08-14 22:41:52,724 tracking: rect=(28, 30, 1452, 1144) overlay_mapped=1
2026-08-14 22:41:52,832 tracking: rect=(28, 30, 1452, 1144) overlay_mapped=1
2026-08-14 22:41:52,940 tracking: rect=(28, 30, 1452, 1144) overlay_mapped=1
2026-08-14 22:41:53,048 tracking: rect=(28, 30, 1452, 1144) overlay_mapped=1
2026-08-14 22:41:53,157 tracking: rect=(28, 30, 1452, 1144) overlay_mapped=1
2026-08-14 22:41:53,265 tracking: rect=(28, 30, 1452, 1144) overlay_mapped=1
2026-08-14 22:41:53,374 tracking: rect=(28, 30, 1452, 1144) overlay_mapped=1
2026-08-14 22:41:53,482 tracking: rect=(28, 30, 1452, 1144) overlay_mapped=1
2026-08-14 22:41:53,592 tracking: rect=(28, 30, 1452, 1144) overlay_mapped=1
2026-08-14 22:41:53,701 tracking: rect=(28, 30, 1452, 1144) overlay_mapped=1
2026-08-14 22:41:53,808 tracking: rect=(28, 30, 1452, 1144) overlay_mapped=1
2026-08-14 22:41:53,917 tracking: rect=(28, 30, 1452, 1144) overlay_mapped=1
2026-08-14 22:41:54,025 tracking: rect=(28, 30, 1452, 1144) overlay_mapped=1
2026-08-14 22:41:54,133 tracking: rect=(28, 30, 1452, 1144) overlay_mapped=1
2026-08-14 22:41:54,243 tracking: rect=(28, 30, 1452, 1144) overlay_mapped=1
2026-08-14 22:41:54,351 tracking: rect=(28, 30, 1452, 1144) overlay_mapped=1
2026-08-14 22:41:54,458 tracking: rect=(28, 30, 1452, 1144) overlay_mapped=1
2026-08-14 22:41:54,567 tracking: rect=(28, 30, 1452, 1144) overlay_mapped=1
2026-08-14 22:41:54,674 tracking: rect=(28, 30, 1452, 1144) overlay_mapped=1
2026-08-14 22:41:54,784 tracking: rect=(28, 30, 1452, 1144) overlay_mapped=1
2026-08-14 22:41:54,894 tracking: rect=(28, 30, 1452, 1144) overlay_mapped=1
2026-08-14 22:41:55,019 tracking: rect=(28, 30, 1452, 1144) overlay_mapped=1
2026-08-14 22:41:55,126 tracking: rect=(28, 30, 1452, 1144) overlay_mapped=1
2026-08-14 22:41:55,235 tracking: rect=(28, 30, 1452, 1144) overlay_mapped=1
2026-08-14 22:41:55,343 tracking: rect=(28, 30, 1452, 1144) overlay_mapped=1
2026-08-14 22:41:55,453 tracking: rect=(28, 30, 1452, 1144) overlay_mapped=1
2026-08-14 22:41:55,561 tracking: rect=(28, 30, 1452, 1144) overlay_mapped=1
2026-08-14 22:41:55,668 tracking: rect=(28, 30, 1452, 1144) overlay_mapped=1
2026-08-14 22:41:55,777 tracking: rect=(28, 30, 1452, 1144) overlay_mapped=1
2026-08-14 22:41:55,884 tracking: rect=(28, 30, 1452, 1144) overlay_mapped=1
2026-08-14 22:41:55,993 tracking: rect=(28, 30, 1452, 1144) overlay_mapped=1
2026-08-14 22:41:56,099 tracking: rect=(28, 30, 1452, 1144) overlay_mapped=1
2026-08-14 22:41:56,207 tracking: rect=(28, 30, 1452, 1144) overlay_mapped=1
2026-08-14 22:41:56,315 tracking: rect=(28, 30, 1452, 1144) overlay_mapped=1
2026-08-14 22:41:56,423 tracking: rect=(28, 30, 1452, 1144) overlay_mapped=1
2026-08-14 22:41:56,532 tracking: rect=(28, 30, 1452, 1144) overlay_mapped=1
2026-08-14 22:41:56,643 tracking: rect=(28, 30, 1452, 1144) overlay_mapped=1
2026-08-14 22:41:56,750 tracking: rect=(28, 30, 1452, 1144) overlay_mapped=1
2026-08-14 22:41:56,859 tracking: rect=(28, 30, 1452, 1144) overlay_mapped=1
2026-08-14 22:41:56,968 tracking: rect=(28, 30, 1452, 1144) overlay_mapped=1
2026-08-14 22:41:57,077 tracking: rect=(28, 30, 1452, 1144) overlay_mapped=1
2026-08-14 22:41:57,185 tracking: rect=(28, 30, 1452, 1144) overlay_mapped=1
2026-08-14 22:41:57,294 tracking: rect=(28, 30, 1452, 1144) overlay_mapped=1
2026-08-14 22:41:57,402 tracking: rect=(28, 30, 1452, 1144) overlay_mapped=1
2026-08-14 22:41:57,510 tracking: rect=(28, 30, 1452, 1144) overlay_mapped=1
2026-08-14 22:41:57,620 tracking: rect=(28, 30, 1452, 1144) overlay_mapped=1
2026-08-14 22:41:57,727 tracking: rect=(28, 30, 1452, 1144) overlay_mapped=1
2026-08-14 22:41:57,838 tracking: rect=(28, 30, 1452, 1144) overlay_mapped=1
2026-08-14 22:41:57,946 tracking: rect=(28, 30, 1452, 1144) overlay_mapped=1
2026-08-14 22:41:58,054 tracking: rect=(28, 30, 1452, 1144) overlay_mapped=1
2026-08-14 22:41:58,161 tracking: rect=(28, 30, 1452, 1144) overlay_mapped=1
2026-08-14 22:41:58,270 tracking: rect=(28, 30, 1452, 1144) overlay_mapped=1
2026-08-14 22:41:58,379 tracking: rect=(28, 30, 1452, 1144) overlay_mapped=1
2026-08-14 22:41:58,487 tracking: rect=(28, 30, 1452, 1144) overlay_mapped=1
2026-08-14 22:41:58,594 tracking: rect=(28, 30, 1452, 1144) overlay_mapped=1
2026-08-14 22:41:58,702 tracking: rect=(28, 30, 1452, 1144) overlay_mapped=1
2026-08-14 22:41:58,810 tracking: rect=(28, 30, 1452, 1144) overlay_mapped=1
2026-08-14 22:41:58,919 tracking: rect=(28, 30, 1452, 1144) overlay_mapped=1
2026-08-14 22:41:59,029 tracking: rect=(28, 30, 1452, 1144) overlay_mapped=1
2026-08-14 22:41:59,137 tracking: rect=(28, 30, 1452, 1144) overlay_mapped=1
2026-08-14 22:41:59,247 tracking: rect=(28, 30, 1452, 1144) overlay_mapped=1
2026-08-14 22:41:59,356 tracking: rect=(28, 30, 1452, 1144) overlay_mapped=1
2026-08-14 22:41:59,466 tracking: rect=(28, 30, 1452, 1144) overlay_mapped=1
2026-08-14 22:41:59,575 tracking: rect=(28, 30, 1452, 1144) overlay_mapped=1
2026-08-14 22:41:59,683 tracking: rect=(28, 30, 1452, 1144) overlay_mapped=1
2026-08-14 22:41:59,791 tracking: rect=(28, 30, 1452, 1144) overlay_mapped=1
2026-08-14 22:41:59,900 tracking: rect=(28, 30, 1452, 1144) overlay_mapped=1
2026-08-14 22:42:00,009 tracking: rect=(28, 30, 1452, 1144) overlay_mapped=1
2026-08-14 22:42:00,117 tracking: rect=(28, 30, 1452, 1144) overlay_mapped=1
2026-08-14 22:42:00,225 tracking: rect=(28, 30, 1452, 1144) overlay_mapped=1
2026-08-14 22:42:00,334 tracking: rect=(28, 30, 1452, 1144) overlay_mapped=1
2026-08-14 22:42:00,444 tracking: rect=(28, 30, 1452, 1144) overlay_mapped=1
2026-08-14 22:42:00,553 tracking: rect=(28, 30, 1452, 1144) overlay_mapped=1
2026-08-14 22:42:00,662 tracking: rect=(28, 30, 1452, 1144) overlay_mapped=1
2026-08-14 22:42:00,770 tracking: rect=(28, 30, 1452, 1144) overlay_mapped=1
2026-08-14 22:42:00,878 tracking: rect=(28, 30, 1452, 1144) overlay_mapped=1
2026-08-14 22:42:00,987 tracking: rect=(28, 30, 1452, 1144) overlay_mapped=1
2026-08-14 22:42:01,095 tracking: rect=(28, 30, 1452, 1144) overlay_mapped=1
2026-08-14 22:42:01,205 tracking: rect=(28, 30, 1452, 1144) overlay_mapped=1
2026-08-14 22:42:01,314 tracking: rect=(28, 30, 1452, 1144) overlay_mapped=1
2026-08-14 22:42:01,423 tracking: rect=(28, 30, 1452, 1144) overlay_mapped=1
2026-08-14 22:42:01,533 tracking: rect=(28, 30, 1452, 1144) overlay_mapped=1
2026-08-14 22:42:01,641 tracking: rect=(28, 30, 1452, 1144) overlay_mapped=1
2026-08-14 22:42:01,750 tracking: rect=(28, 30, 1452, 1144) overlay_mapped=1
2026-08-14 22:42:01,860 tracking: rect=(28, 30, 1452, 1144) overlay_mapped=1
2026-08-14 22:42:01,969 tracking: rect=(28, 30, 1452, 1144) overlay_mapped=1
2026-08-14 22:42:02,077 tracking: rect=(28, 30, 1452, 1144) overlay_mapped=1
2026-08-14 22:42:02,186 tracking: rect=(28, 30, 1452, 1144) overlay_mapped=1
2026-08-14 22:42:02,295 tracking: rect=(28, 30, 1452, 1144) overlay_mapped=1
2026-08-14 22:42:02,403 tracking: rect=(28, 30, 1452, 1144) overlay_mapped=1
2026-08-14 22:42:02,512 tracking: rect=(28, 30, 1452, 1144) overlay_mapped=1
2026-08-14 22:42:02,621 tracking: rect=(28, 30, 1452, 1144) overlay_mapped=1
2026-08-14 22:42:02,729 tracking: rect=(28, 30, 1452, 1144) overlay_mapped=1
2026-08-14 22:42:02,838 tracking: rect=(28, 30, 1452, 1144) overlay_mapped=1
2026-08-14 22:42:02,948 tracking: rect=(28, 30, 1452, 1144) overlay_mapped=1
2026-08-14 22:42:03,055 tracking: rect=(28, 30, 1452, 1144) overlay_mapped=1
2026-08-14 22:42:03,163 tracking: rect=(28, 30, 1452, 1144) overlay_mapped=1
2026-08-14 22:42:03,271 tracking: rect=(28, 30, 1452, 1144) overlay_mapped=1
2026-08-14 22:42:03,383 tracking: rect=(28, 30, 1452, 1144) overlay_mapped=1
2026-08-14 22:42:03,491 tracking: rect=(28, 30, 1452, 1144) overlay_mapped=1
2026-08-14 22:42:03,600 tracking: rect=(28, 30, 1452, 1144) overlay_mapped=1
2026-08-14 22:42:03,707 tracking: rect=(28, 30, 1452, 1144) overlay_mapped=1
2026-08-14 22:42:03,814 tracking: rect=(28, 30, 1452, 1144) overlay_mapped=1
2026-08-14 22:42:03,922 tracking: rect=(28, 30, 1452, 1144) overlay_mapped=1
2026-08-14 22:42:04,030 tracking: rect=(28, 30, 1452, 1144) overlay_mapped=1
2026-08-14 22:42:04,140 tracking: rect=(28, 30, 1452, 1144) overlay_mapped=1
2026-08-14 22:42:04,249 tracking: rect=(28, 30, 1452, 1144) overlay_mapped=1
2026-08-14 22:42:04,358 tracking: rect=(28, 30, 1452, 1144) overlay_mapped=1
2026-08-14 22:42:04,467 tracking: rect=(28, 30, 1452, 1144) overlay_mapped=1
2026-08-14 22:42:04,576 tracking: rect=(28, 30, 1452, 1144) overlay_mapped=1
2026-08-14 22:42:04,685 tracking: rect=(28, 30, 1452, 1144) overlay_mapped=1
2026-08-14 22:42:04,794 tracking: rect=(28, 30, 1452, 1144) overlay_mapped=1
2026-08-14 22:42:04,903 tracking: rect=(28, 30, 1452, 1144) overlay_mapped=1
2026-08-14 22:42:05,010 tracking: rect=(28, 30, 1452, 1144) overlay_mapped=1
2026-08-14 22:42:05,119 tracking: rect=(28, 30, 1452, 1144) overlay_mapped=1
2026-08-14 22:42:05,227 tracking: rect=(28, 30, 1452, 1144) overlay_mapped=1
2026-08-14 22:42:05,336 tracking: rect=(28, 30, 1452, 1144) overlay_mapped=1
2026-08-14 22:42:05,445 tracking: rect=(28, 30, 1452, 1144) overlay_mapped=1
2026-08-14 22:42:05,553 tracking: rect=(28, 30, 1452, 1144) overlay_mapped=1
2026-08-14 22:42:05,661 tracking: rect=(28, 30, 1452, 1144) overlay_mapped=1
2026-08-14 22:42:05,770 tracking: rect=(28, 30, 1452, 1144) overlay_mapped=1
2026-08-14 22:42:05,880 tracking: rect=(28, 30, 1452, 1144) overlay_mapped=1
2026-08-14 22:42:05,987 tracking: rect=(28, 30, 1452, 1144) overlay_mapped=1
2026-08-14 22:42:06,095 tracking: rect=(28, 30, 1452, 1144) overlay_mapped=1
2026-08-14 22:42:06,203 tracking: rect=(28, 30, 1452, 1144) overlay_mapped=1
2026-08-14 22:42:06,311 tracking: rect=(28, 30, 1452, 1144) overlay_mapped=1
2026-08-14 22:42:06,419 tracking: rect=(28, 30, 1452, 1144) overlay_mapped=1
2026-08-14 22:42:06,527 tracking: rect=(28, 30, 1452, 1144) overlay_mapped=1
2026-08-14 22:42:06,636 tracking: rect=(28, 30, 1452, 1144) overlay_mapped=1
2026-08-14 22:42:06,745 tracking: rect=(28, 30, 1452, 1144) overlay_mapped=1
2026-08-14 22:42:06,852 tracking: rect=(28, 30, 1452, 1144) overlay_mapped=1
2026-08-14 22:42:06,961 tracking: rect=(28, 30, 1452, 1144) overlay_mapped=1
2026-08-14 22:42:07,068 tracking: rect=(28, 30, 1452, 1144) overlay_mapped=1
2026-08-14 22:42:07,177 tracking: rect=(28, 30, 1452, 1144) overlay_mapped=1
2026-08-14 22:42:07,284 tracking: rect=(28, 30, 1452, 1144) overlay_mapped=1
2026-08-14 22:42:07,393 tracking: rect=(28, 30, 1452, 1144) overlay_mapped=1
2026-08-14 22:42:07,501 tracking: rect=(28, 30, 1452, 1144) overlay_mapped=1
2026-08-14 22:42:07,608 tracking: rect=(28, 30, 1452, 1144) overlay_mapped=1
2026-08-14 22:42:07,716 tracking: rect=(28, 30, 1452, 1144) overlay_mapped=1
2026-08-14 22:42:07,824 tracking: rect=(28, 30, 1452, 1144) overlay_mapped=1
2026-08-14 22:42:07,932 tracking: rect=(28, 30, 1452, 1144) overlay_mapped=1
2026-08-14 22:42:08,041 tracking: rect=(28, 30, 1452, 1144) overlay_mapped=1
2026-08-14 22:42:08,150 tracking: rect=(28, 30, 1452, 1144) overlay_mapped=1
2026-08-14 22:42:08,259 tracking: rect=(28, 30, 1452, 1144) overlay_mapped=1
2026-08-14 22:42:08,366 tracking: rect=(28, 30, 1452, 1144) overlay_mapped=1
2026-08-14 22:42:08,474 tracking: rect=(28, 30, 1452, 1144) overlay_mapped=1
2026-08-14 22:42:08,582 tracking: rect=(28, 30, 1452, 1144) overlay_mapped=1
2026-08-14 22:42:08,693 tracking: rect=(28, 30, 1452, 1144) overlay_mapped=1
2026-08-14 22:42:08,801 tracking: rect=(28, 30, 1452, 1144) overlay_mapped=1
2026-08-14 22:42:08,909 tracking: rect=(28, 30, 1452, 1144) overlay_mapped=1
2026-08-14 22:42:09,017 tracking: rect=(28, 30, 1452, 1144) overlay_mapped=1
2026-08-14 22:42:09,126 tracking: rect=(28, 30, 1452, 1144) overlay_mapped=1
2026-08-14 22:42:09,233 tracking: rect=(28, 30, 1452, 1144) overlay_mapped=1
2026-08-14 22:42:09,342 tracking: rect=(28, 30, 1452, 1144) overlay_mapped=1
2026-08-14 22:42:09,450 tracking: rect=(28, 30, 1452, 1144) overlay_mapped=1
2026-08-14 22:42:09,558 tracking: rect=(28, 30, 1452, 1144) overlay_mapped=1
2026-08-14 22:42:09,666 tracking: rect=(28, 30, 1452, 1144) overlay_mapped=1
2026-08-14 22:42:09,774 tracking: rect=(28, 30, 1452, 1144) overlay_mapped=1
2026-08-14 22:42:09,884 tracking: rect=(28, 30, 1452, 1144) overlay_mapped=1
2026-08-14 22:42:09,990 tracking: rect=(28, 30, 1452, 1144) overlay_mapped=1
2026-08-14 22:42:10,099 tracking: rect=(28, 30, 1452, 1144) overlay_mapped=1
2026-08-14 22:42:10,206 tracking: rect=(28, 30, 1452, 1144) overlay_mapped=1
2026-08-14 22:42:10,314 tracking: rect=(28, 30, 1452, 1144) overlay_mapped=1
2026-08-14 22:42:10,423 tracking: rect=(28, 30, 1452, 1144) overlay_mapped=1
2026-08-14 22:42:10,532 tracking: rect=(28, 30, 1452, 1144) overlay_mapped=1
2026-08-14 22:42:10,639 tracking: rect=(28, 30, 1452, 1144) overlay_mapped=1
2026-08-14 22:42:10,748 tracking: rect=(28, 30, 1452, 1144) overlay_mapped=1
2026-08-14 22:42:10,857 tracking: rect=(28, 30, 1452, 1144) overlay_mapped=1
2026-08-14 22:42:10,966 tracking: rect=(28, 30, 1452, 1144) overlay_mapped=1
2026-08-14 22:42:11,075 tracking: rect=(28, 30, 1452, 1144) overlay_mapped=1
2026-08-14 22:42:11,183 tracking: rect=(28, 30, 1452, 1144) overlay_mapped=1
2026-08-14 22:42:11,291 tracking: rect=(28, 30, 1452, 1144) overlay_mapped=1
2026-08-14 22:42:11,399 tracking: rect=(28, 30, 1452, 1144) overlay_mapped=1
2026-08-14 22:42:11,506 tracking: rect=(28, 30, 1452, 1144) overlay_mapped=1
2026-08-14 22:42:11,613 tracking: rect=(28, 30, 1452, 1144) overlay_mapped=1
2026-08-14 22:42:11,721 tracking: rect=(28, 30, 1452, 1144) overlay_mapped=1
2026-08-14 22:42:11,830 tracking: rect=(28, 30, 1452, 1144) overlay_mapped=1
2026-08-14 22:42:11,937 tracking: rect=(28, 30, 1452, 1144) overlay_mapped=1
2026-08-14 22:42:12,045 tracking: rect=(28, 30, 1452, 1144) overlay_mapped=1
2026-08-14 22:42:12,153 tracking: rect=(28, 30, 1452, 1144) overlay_mapped=1
2026-08-14 22:42:12,264 tracking: rect=(28, 30, 1452, 1144) overlay_mapped=1
2026-08-14 22:42:12,372 tracking: rect=(28, 30, 1452, 1144) overlay_mapped=1
2026-08-14 22:42:12,481 tracking: rect=(28, 30, 1452, 1144) overlay_mapped=1
2026-08-14 22:42:12,589 tracking: rect=(28, 30, 1452, 1144) overlay_mapped=1
2026-08-14 22:42:12,697 tracking: rect=(28, 30, 1452, 1144) overlay_mapped=1
2026-08-14 22:42:12,806 tracking: rect=(28, 30, 1452, 1144) overlay_mapped=1
2026-08-14 22:42:12,915 tracking: rect=(28, 30, 1452, 1144) overlay_mapped=1
2026-08-14 22:42:13,023 tracking: rect=(28, 30, 1452, 1144) overlay_mapped=1
2026-08-14 22:42:13,131 tracking: rect=(28, 30, 1452, 1144) overlay_mapped=1
2026-08-14 22:42:13,239 tracking: rect=(28, 30, 1452, 1144) overlay_mapped=1
2026-08-14 22:42:13,349 tracking: rect=(28, 30, 1452, 1144) overlay_mapped=1
2026-08-14 22:42:13,458 tracking: rect=(28, 30, 1452, 1144) overlay_mapped=1
2026-08-14 22:42:13,566 tracking: rect=(28, 30, 1452, 1144) overlay_mapped=1
2026-08-14 22:42:13,676 tracking: rect=(28, 30, 1452, 1144) overlay_mapped=1
2026-08-14 22:42:13,784 tracking: rect=(28, 30, 1452, 1144) overlay_mapped=1
2026-08-14 22:42:13,892 tracking: rect=(28, 30, 1452, 1144) overlay_mapped=1
2026-08-14 22:42:14,001 tracking: rect=(28, 30, 1452, 1144) overlay_mapped=1
2026-08-14 22:42:14,108 tracking: rect=(28, 30, 1452, 1144) overlay_mapped=1
2026-08-14 22:42:14,217 tracking: rect=(28, 30, 1452, 1144) overlay_mapped=1
2026-08-14 22:42:14,326 tracking: rect=(28, 30, 1452, 1144) overlay_mapped=1
2026-08-14 22:42:14,434 tracking: rect=(28, 30, 1452, 1144) overlay_mapped=1
2026-08-14 22:42:14,544 tracking: rect=(28, 30, 1452, 1144) overlay_mapped=1
2026-08-14 22:42:14,653 tracking: rect=(28, 30, 1452, 1144) overlay_mapped=1
2026-08-14 22:42:14,761 tracking: rect=(28, 30, 1452, 1144) overlay_mapped=1
2026-08-14 22:42:14,869 tracking: rect=(28, 30, 1452, 1144) overlay_mapped=1
2026-08-14 22:42:14,979 tracking: rect=(28, 30, 1452, 1144) overlay_mapped=1
2026-08-14 22:42:15,088 tracking: rect=(28, 30, 1452, 1144) overlay_mapped=1
2026-08-14 22:42:15,197 tracking: rect=(28, 30, 1452, 1144) overlay_mapped=1
2026-08-14 22:42:15,307 tracking: rect=(28, 30, 1452, 1144) overlay_mapped=1
2026-08-14 22:42:15,417 tracking: rect=(28, 30, 1452, 1144) overlay_mapped=1
2026-08-14 22:42:15,526 tracking: rect=(28, 30, 1452, 1144) overlay_mapped=1
2026-08-14 22:42:15,635 tracking: rect=(28, 30, 1452, 1144) overlay_mapped=1
2026-08-14 22:42:15,745 tracking: rect=(28, 30, 1452, 1144) overlay_mapped=1
2026-08-14 22:42:15,852 tracking: rect=(28, 30, 1452, 1144) overlay_mapped=1
2026-08-14 22:42:15,960 tracking: rect=(28, 30, 1452, 1144) overlay_mapped=1
2026-08-14 22:42:16,070 tracking: rect=(28, 30, 1452, 1144) overlay_mapped=1
2026-08-14 22:42:16,179 tracking: rect=(28, 30, 1452, 1144) overlay_mapped=1
2026-08-14 22:42:16,288 tracking: rect=(28, 30, 1452, 1144) overlay_mapped=1
2026-08-14 22:42:16,397 tracking: rect=(28, 30, 1452, 1144) overlay_mapped=1
2026-08-14 22:42:16,507 tracking: rect=(28, 30, 1452, 1144) overlay_mapped=1
2026-08-14 22:42:16,615 tracking: rect=(28, 30, 1452, 1144) overlay_mapped=1
2026-08-14 22:42:16,724 tracking: rect=(28, 30, 1452, 1144) overlay_mapped=1
2026-08-14 22:42:16,830 tracking: rect=(28, 30, 1452, 1144) overlay_mapped=1
2026-08-14 22:42:16,939 tracking: rect=(28, 30, 1452, 1144) overlay_mapped=1
2026-08-14 22:42:17,048 tracking: rect=(28, 30, 1452, 1144) overlay_mapped=1
2026-08-14 22:42:17,157 tracking: rect=(28, 30, 1452, 1144) overlay_mapped=1
2026-08-14 22:42:17,266 tracking: rect=(28, 30, 1452, 1144) overlay_mapped=1
2026-08-14 22:42:17,374 tracking: rect=(28, 30, 1452, 1144) overlay_mapped=1
2026-08-14 22:42:17,483 tracking: rect=(28, 30, 1452, 1144) overlay_mapped=1
2026-08-14 22:42:17,591 tracking: rect=(28, 30, 1452, 1144) overlay_mapped=1
2026-08-14 22:42:17,698 tracking: rect=(28, 30, 1452, 1144) overlay_mapped=1
2026-08-14 22:42:17,806 tracking: rect=(28, 30, 1452, 1144) overlay_mapped=1
2026-08-14 22:42:17,915 tracking: rect=(28, 30, 1452, 1144) overlay_mapped=1
2026-08-14 22:42:18,023 tracking: rect=(28, 30, 1452, 1144) overlay_mapped=1
2026-08-14 22:42:18,131 tracking: rect=(28, 30, 1452, 1144) overlay_mapped=1
2026-08-14 22:42:18,239 tracking: rect=(28, 30, 1452, 1144) overlay_mapped=1
2026-08-14 22:42:18,348 tracking: rect=(28, 30, 1452, 1144) overlay_mapped=1
2026-08-14 22:42:18,454 tracking: rect=(28, 30, 1452, 1144) overlay_mapped=1
2026-08-14 22:42:18,562 tracking: rect=(28, 30, 1452, 1144) overlay_mapped=1
2026-08-14 22:42:18,671 tracking: rect=(28, 30, 1452, 1144) overlay_mapped=1
2026-08-14 22:42:18,780 tracking: rect=(28, 30, 1452, 1144) overlay_mapped=1
2026-08-14 22:42:18,888 tracking: rect=(28, 30, 1452, 1144) overlay_mapped=1
2026-08-14 22:42:18,996 tracking: rect=(28, 30, 1452, 1144) overlay_mapped=1
2026-08-14 22:42:19,104 tracking: rect=(28, 30, 1452, 1144) overlay_mapped=1
2026-08-14 22:42:19,214 tracking: rect=(28, 30, 1452, 1144) overlay_mapped=1
2026-08-14 22:42:19,322 tracking: rect=(28, 30, 1452, 1144) overlay_mapped=1
2026-08-14 22:42:19,431 tracking: rect=(28, 30, 1452, 1144) overlay_mapped=1
2026-08-14 22:42:19,537 tracking: rect=(28, 30, 1452, 1144) overlay_mapped=1
2026-08-14 22:42:19,645 tracking: rect=(28, 30, 1452, 1144) overlay_mapped=1
2026-08-14 22:42:19,752 tracking: rect=(28, 30, 1452, 1144) overlay_mapped=1
2026-08-14 22:42:19,861 tracking: rect=(28, 30, 1452, 1144) overlay_mapped=1
2026-08-14 22:42:19,971 tracking: rect=(28, 30, 1452, 1144) overlay_mapped=1
2026-08-14 22:42:20,080 tracking: rect=(28, 30, 1452, 1144) overlay_mapped=1
2026-08-14 22:42:20,188 tracking: rect=(28, 30, 1452, 1144) overlay_mapped=1
2026-08-14 22:42:20,298 tracking: rect=(28, 30, 1452, 1144) overlay_mapped=1
2026-08-14 22:42:20,405 tracking: rect=(28, 30, 1452, 1144) overlay_mapped=1
2026-08-14 22:42:20,515 tracking: rect=(28, 30, 1452, 1144) overlay_mapped=1
2026-08-14 22:42:20,623 tracking: rect=(28, 30, 1452, 1144) overlay_mapped=1
2026-08-14 22:42:20,731 tracking: rect=(28, 30, 1452, 1144) overlay_mapped=1
2026-08-14 22:42:20,840 tracking: rect=(28, 30, 1452, 1144) overlay_mapped=1
2026-08-14 22:42:20,947 tracking: rect=(28, 30, 1452, 1144) overlay_mapped=1
2026-08-14 22:42:21,056 tracking: rect=(28, 30, 1452, 1144) overlay_mapped=1
2026-08-14 22:42:21,164 tracking: rect=(28, 30, 1452, 1144) overlay_mapped=1
2026-08-14 22:42:21,271 tracking: rect=(28, 30, 1452, 1144) overlay_mapped=1
2026-08-14 22:42:21,378 tracking: rect=(28, 30, 1452, 1144) overlay_mapped=1
2026-08-14 22:42:21,487 tracking: rect=(28, 30, 1452, 1144) overlay_mapped=1
2026-08-14 22:42:21,595 tracking: rect=(28, 30, 1452, 1144) overlay_mapped=1
2026-08-14 22:42:21,703 tracking: rect=(28, 30, 1452, 1144) overlay_mapped=1
2026-08-14 22:42:21,812 tracking: rect=(28, 30, 1452, 1144) overlay_mapped=1
2026-08-14 22:42:21,921 tracking: rect=(28, 30, 1452, 1144) overlay_mapped=1
2026-08-14 22:42:22,029 tracking: rect=(28, 30, 1452, 1144) overlay_mapped=1
2026-08-14 22:42:22,138 tracking: rect=(28, 30, 1452, 1144) overlay_mapped=1
2026-08-14 22:42:22,247 tracking: rect=(28, 30, 1452, 1144) overlay_mapped=1
2026-08-14 22:42:22,355 tracking: rect=(28, 30, 1452, 1144) overlay_mapped=1
2026-08-14 22:42:22,465 tracking: rect=(28, 30, 1452, 1144) overlay_mapped=1
2026-08-14 22:42:22,574 tracking: rect=(28, 30, 1452, 1144) overlay_mapped=1
2026-08-14 22:42:22,684 tracking: rect=(28, 30, 1452, 1144) overlay_mapped=1
2026-08-14 22:42:22,791 tracking: rect=(28, 30, 1452, 1144) overlay_mapped=1
2026-08-14 22:42:22,901 tracking: rect=(28, 30, 1452, 1144) overlay_mapped=1
2026-08-14 22:42:23,010 tracking: rect=(28, 30, 1452, 1144) overlay_mapped=1
2026-08-14 22:42:23,119 tracking: rect=(28, 30, 1452, 1144) overlay_mapped=1
2026-08-14 22:42:23,227 tracking: rect=(28, 30, 1452, 1144) overlay_mapped=1
2026-08-14 22:42:23,337 tracking: rect=(28, 30, 1452, 1144) overlay_mapped=1
2026-08-14 22:42:23,444 tracking: rect=(28, 30, 1452, 1144) overlay_mapped=1
2026-08-14 22:42:23,553 tracking: rect=(28, 30, 1452, 1144) overlay_mapped=1
2026-08-14 22:42:23,662 tracking: rect=(28, 30, 1452, 1144) overlay_mapped=1
2026-08-14 22:42:23,770 tracking: rect=(28, 30, 1452, 1144) overlay_mapped=1
2026-08-14 22:42:23,879 tracking: rect=(28, 30, 1452, 1144) overlay_mapped=1
2026-08-14 22:42:23,988 tracking: rect=(28, 30, 1452, 1144) overlay_mapped=1
2026-08-14 22:42:24,096 tracking: rect=(28, 30, 1452, 1144) overlay_mapped=1
2026-08-14 22:42:24,204 tracking: rect=(28, 30, 1452, 1144) overlay_mapped=1
2026-08-14 22:42:24,312 tracking: rect=(28, 30, 1452, 1144) overlay_mapped=1
2026-08-14 22:42:24,422 tracking: rect=(28, 30, 1452, 1144) overlay_mapped=1
2026-08-14 22:42:24,530 tracking: rect=(28, 30, 1452, 1144) overlay_mapped=1
2026-08-14 22:42:24,639 tracking: rect=(28, 30, 1452, 1144) overlay_mapped=1
2026-08-14 22:42:24,746 tracking: rect=(28, 30, 1452, 1144) overlay_mapped=1
2026-08-14 22:42:24,855 tracking: rect=(28, 30, 1452, 1144) overlay_mapped=1
2026-08-14 22:42:24,964 tracking: rect=(28, 30, 1452, 1144) overlay_mapped=1
2026-08-14 22:42:25,073 tracking: rect=(28, 30, 1452, 1144) overlay_mapped=1
2026-08-14 22:42:25,182 tracking: rect=(28, 30, 1452, 1144) overlay_mapped=1
2026-08-14 22:42:25,290 tracking: rect=(28, 30, 1452, 1144) overlay_mapped=1
2026-08-14 22:42:25,397 tracking: rect=(28, 30, 1452, 1144) overlay_mapped=1
2026-08-14 22:42:25,505 tracking: rect=(28, 30, 1452, 1144) overlay_mapped=1
2026-08-14 22:42:25,613 tracking: rect=(28, 30, 1452, 1144) overlay_mapped=1
2026-08-14 22:42:25,721 tracking: rect=(28, 30, 1452, 1144) overlay_mapped=1
2026-08-14 22:42:25,830 tracking: rect=(28, 30, 1452, 1144) overlay_mapped=1
2026-08-14 22:42:25,937 tracking: rect=(28, 30, 1452, 1144) overlay_mapped=1
2026-08-14 22:42:26,045 tracking: rect=(28, 30, 1452, 1144) overlay_mapped=1
2026-08-14 22:42:26,155 tracking: rect=(28, 30, 1452, 1144) overlay_mapped=1
2026-08-14 22:42:26,264 tracking: rect=(28, 30, 1452, 1144) overlay_mapped=1
2026-08-14 22:42:26,372 tracking: rect=(28, 30, 1452, 1144) overlay_mapped=1
2026-08-14 22:42:26,481 tracking: rect=(28, 30, 1452, 1144) overlay_mapped=1
2026-08-14 22:42:26,589 tracking: rect=(28, 30, 1452, 1144) overlay_mapped=1
2026-08-14 22:42:26,698 tracking: rect=(28, 30, 1452, 1144) overlay_mapped=1
2026-08-14 22:42:26,807 tracking: rect=(28, 30, 1452, 1144) overlay_mapped=1
2026-08-14 22:42:26,915 tracking: rect=(28, 30, 1452, 1144) overlay_mapped=1
2026-08-14 22:42:27,024 tracking: rect=(28, 30, 1452, 1144) overlay_mapped=1
2026-08-14 22:42:27,134 tracking: rect=(28, 30, 1452, 1144) overlay_mapped=1
2026-08-14 22:42:27,242 tracking: rect=(28, 30, 1452, 1144) overlay_mapped=1
2026-08-14 22:42:27,351 tracking: rect=(28, 30, 1452, 1144) overlay_mapped=1
2026-08-14 22:42:27,460 tracking: rect=(28, 30, 1452, 1144) overlay_mapped=1
2026-08-14 22:42:27,569 tracking: rect=(28, 30, 1452, 1144) overlay_mapped=1
2026-08-14 22:42:27,679 tracking: rect=(28, 30, 1452, 1144) overlay_mapped=1
2026-08-14 22:42:27,787 tracking: rect=(28, 30, 1452, 1144) overlay_mapped=1
2026-08-14 22:42:27,895 tracking: rect=(28, 30, 1452, 1144) overlay_mapped=1
2026-08-14 22:42:28,002 tracking: rect=(28, 30, 1452, 1144) overlay_mapped=1
2026-08-14 22:42:28,111 tracking: rect=(28, 30, 1452, 1144) overlay_mapped=1
2026-08-14 22:42:28,219 tracking: rect=(28, 30, 1452, 1144) overlay_mapped=1
2026-08-14 22:42:28,328 tracking: rect=(28, 30, 1452, 1144) overlay_mapped=1
2026-08-14 22:42:28,437 tracking: rect=(28, 30, 1452, 1144) overlay_mapped=1
2026-08-14 22:42:28,544 tracking: rect=(28, 30, 1452, 1144) overlay_mapped=1
2026-08-14 22:42:28,651 tracking: rect=(28, 30, 1452, 1144) overlay_mapped=1
2026-08-14 22:42:28,760 tracking: rect=(28, 30, 1452, 1144) overlay_mapped=1
2026-08-14 22:42:28,870 tracking: rect=(28, 30, 1452, 1144) overlay_mapped=1
2026-08-14 22:42:28,978 tracking: rect=(28, 30, 1452, 1144) overlay_mapped=1
2026-08-14 22:42:29,085 tracking: rect=(28, 30, 1452, 1144) overlay_mapped=1
2026-08-14 22:42:29,195 tracking: rect=(28, 30, 1452, 1144) overlay_mapped=1
2026-08-14 22:42:29,304 tracking: rect=(28, 30, 1452, 1144) overlay_mapped=1
2026-08-14 22:42:29,413 tracking: rect=(28, 30, 1452, 1144) overlay_mapped=1
2026-08-14 22:42:29,522 tracking: rect=(28, 30, 1452, 1144) overlay_mapped=1
2026-08-14 22:42:29,631 tracking: rect=(28, 30, 1452, 1144) overlay_mapped=1
2026-08-14 22:42:29,738 tracking: rect=(28, 30, 1452, 1144) overlay_mapped=1
2026-08-14 22:42:29,847 tracking: rect=(28, 30, 1452, 1144) overlay_mapped=1
2026-08-14 22:42:29,957 tracking: rect=(28, 30, 1452, 1144) overlay_mapped=1
2026-08-14 22:42:30,065 tracking: rect=(28, 30, 1452, 1144) overlay_mapped=1
2026-08-14 22:42:30,174 tracking: rect=(28, 30, 1452, 1144) overlay_mapped=1
2026-08-14 22:42:30,283 tracking: rect=(28, 30, 1452, 1144) overlay_mapped=1
2026-08-14 22:42:30,393 tracking: rect=(28, 30, 1452, 1144) overlay_mapped=1
2026-08-14 22:42:30,501 tracking: rect=(28, 30, 1452, 1144) overlay_mapped=1
2026-08-14 22:42:30,610 tracking: rect=(28, 30, 1452, 1144) overlay_mapped=1
2026-08-14 22:42:30,718 tracking: rect=(28, 30, 1452, 1144) overlay_mapped=1
2026-08-14 22:42:30,825 tracking: rect=(28, 30, 1452, 1144) overlay_mapped=1
2026-08-14 22:42:30,934 tracking: rect=(28, 30, 1452, 1144) overlay_mapped=1
2026-08-14 22:42:31,042 tracking: rect=(28, 30, 1452, 1144) overlay_mapped=1
2026-08-14 22:42:31,149 tracking: rect=(28, 30, 1452, 1144) overlay_mapped=1
2026-08-14 22:42:31,260 tracking: rect=(28, 30, 1452, 1144) overlay_mapped=1
2026-08-14 22:42:31,369 tracking: rect=(28, 30, 1452, 1144) overlay_mapped=1
2026-08-14 22:42:31,478 tracking: rect=(28, 30, 1452, 1144) overlay_mapped=1
2026-08-14 22:42:31,588 tracking: rect=(28, 30, 1452, 1144) overlay_mapped=1
2026-08-14 22:42:31,697 tracking: rect=(28, 30, 1452, 1144) overlay_mapped=1
2026-08-14 22:42:31,820 tracking: rect=(28, 30, 1452, 1144) overlay_mapped=1
2026-08-14 22:42:31,927 tracking: rect=(28, 30, 1452, 1144) overlay_mapped=1
2026-08-14 22:42:32,036 tracking: rect=(28, 30, 1452, 1144) overlay_mapped=1
2026-08-14 22:42:32,145 tracking: rect=(28, 30, 1452, 1144) overlay_mapped=1
2026-08-14 22:42:32,253 tracking: rect=(28, 30, 1452, 1144) overlay_mapped=1
2026-08-14 22:42:32,361 tracking: rect=(28, 30, 1452, 1144) overlay_mapped=1
2026-08-14 22:42:32,469 tracking: rect=(28, 30, 1452, 1144) overlay_mapped=1
2026-08-14 22:42:32,577 tracking: rect=(28, 30, 1452, 1144) overlay_mapped=1
2026-08-14 22:42:32,685 tracking: rect=(28, 30, 1452, 1144) overlay_mapped=1
2026-08-14 22:42:32,793 tracking: rect=(28, 30, 1452, 1144) overlay_mapped=1
2026-08-14 22:42:32,901 tracking: rect=(28, 30, 1452, 1144) overlay_mapped=1
2026-08-14 22:42:33,010 tracking: rect=(28, 30, 1452, 1144) overlay_mapped=1
2026-08-14 22:42:33,120 tracking: rect=(28, 30, 1452, 1144) overlay_mapped=1
2026-08-14 22:42:33,228 tracking: rect=(28, 30, 1452, 1144) overlay_mapped=1
2026-08-14 22:42:33,339 tracking: rect=(28, 30, 1452, 1144) overlay_mapped=1
2026-08-14 22:42:33,446 tracking: rect=(28, 30, 1452, 1144) overlay_mapped=1
2026-08-14 22:42:33,554 tracking: rect=(28, 30, 1452, 1144) overlay_mapped=1
2026-08-14 22:42:33,662 tracking: rect=(28, 30, 1452, 1144) overlay_mapped=1
2026-08-14 22:42:33,771 tracking: rect=(28, 30, 1452, 1144) overlay_mapped=1
2026-08-14 22:42:33,880 tracking: rect=(28, 30, 1452, 1144) overlay_mapped=1
2026-08-14 22:42:33,988 tracking: rect=(28, 30, 1452, 1144) overlay_mapped=1
2026-08-14 22:42:34,097 tracking: rect=(28, 30, 1452, 1144) overlay_mapped=1
2026-08-14 22:42:34,205 tracking: rect=(28, 30, 1452, 1144) overlay_mapped=1
2026-08-14 22:42:34,313 tracking: rect=(28, 30, 1452, 1144) overlay_mapped=1
2026-08-14 22:42:34,420 tracking: rect=(28, 30, 1452, 1144) overlay_mapped=1
2026-08-14 22:42:34,531 tracking: rect=(28, 30, 1452, 1144) overlay_mapped=1
2026-08-14 22:42:34,640 tracking: rect=(28, 30, 1452, 1144) overlay_mapped=1
2026-08-14 22:42:34,749 tracking: rect=(28, 30, 1452, 1144) overlay_mapped=1
2026-08-14 22:42:34,856 tracking: rect=(28, 30, 1452, 1144) overlay_mapped=1
2026-08-14 22:42:34,966 tracking: rect=(28, 30, 1452, 1144) overlay_mapped=1
2026-08-14 22:42:35,075 tracking: rect=(28, 30, 1452, 1144) overlay_mapped=1
2026-08-14 22:42:35,183 tracking: rect=(28, 30, 1452, 1144) overlay_mapped=1
2026-08-14 22:42:35,292 tracking: rect=(28, 30, 1452, 1144) overlay_mapped=1
2026-08-14 22:42:35,400 tracking: rect=(28, 30, 1452, 1144) overlay_mapped=1
2026-08-14 22:42:35,508 tracking: rect=(28, 30, 1452, 1144) overlay_mapped=1
2026-08-14 22:42:35,617 tracking: rect=(28, 30, 1452, 1144) overlay_mapped=1
2026-08-14 22:42:35,725 tracking: rect=(28, 30, 1452, 1144) overlay_mapped=1
2026-08-14 22:42:35,834 tracking: rect=(28, 30, 1452, 1144) overlay_mapped=1
2026-08-14 22:42:35,942 tracking: rect=(28, 30, 1452, 1144) overlay_mapped=1
2026-08-14 22:42:36,050 tracking: rect=(28, 30, 1452, 1144) overlay_mapped=1
2026-08-14 22:42:36,159 tracking: rect=(28, 30, 1452, 1144) overlay_mapped=1
2026-08-14 22:42:36,268 tracking: rect=(28, 30, 1452, 1144) overlay_mapped=1
2026-08-14 22:42:36,379 tracking: rect=(28, 30, 1452, 1144) overlay_mapped=1
2026-08-14 22:42:36,488 tracking: rect=(28, 30, 1452, 1144) overlay_mapped=1
2026-08-14 22:42:36,597 tracking: rect=(28, 30, 1452, 1144) overlay_mapped=1
2026-08-14 22:42:36,705 tracking: rect=(28, 30, 1452, 1144) overlay_mapped=1
2026-08-14 22:42:36,814 tracking: rect=(28, 30, 1452, 1144) overlay_mapped=1
2026-08-14 22:42:36,922 tracking: rect=(28, 30, 1452, 1144) overlay_mapped=1
2026-08-14 22:42:37,030 tracking: rect=(28, 30, 1452, 1144) overlay_mapped=1
2026-08-14 22:42:37,138 tracking: rect=(28, 30, 1452, 1144) overlay_mapped=1
2026-08-14 22:42:37,246 tracking: rect=(28, 30, 1452, 1144) overlay_mapped=1
2026-08-14 22:42:37,353 tracking: rect=(28, 30, 1452, 1144) overlay_mapped=1
2026-08-14 22:42:37,461 tracking: rect=(28, 30, 1452, 1144) overlay_mapped=1
2026-08-14 22:42:37,570 tracking: rect=(28, 30, 1452, 1144) overlay_mapped=1
2026-08-14 22:42:37,678 tracking: rect=(28, 30, 1452, 1144) overlay_mapped=1
2026-08-14 22:42:37,786 tracking: rect=(28, 30, 1452, 1144) overlay_mapped=1
2026-08-14 22:42:37,895 tracking: rect=(28, 30, 1452, 1144) overlay_mapped=1
2026-08-14 22:42:38,003 tracking: rect=(28, 30, 1452, 1144) overlay_mapped=1
2026-08-14 22:42:38,112 tracking: rect=(28, 30, 1452, 1144) overlay_mapped=1
2026-08-14 22:42:38,222 tracking: rect=(28, 30, 1452, 1144) overlay_mapped=1
2026-08-14 22:42:38,332 tracking: rect=(28, 30, 1452, 1144) overlay_mapped=1
2026-08-14 22:42:38,440 tracking: rect=(28, 30, 1452, 1144) overlay_mapped=1
2026-08-14 22:42:38,548 tracking: rect=(28, 30, 1452, 1144) overlay_mapped=1
2026-08-14 22:42:38,657 tracking: rect=(28, 30, 1452, 1144) overlay_mapped=1
2026-08-14 22:42:38,766 tracking: rect=(28, 30, 1452, 1144) overlay_mapped=1
2026-08-14 22:42:38,875 tracking: rect=(28, 30, 1452, 1144) overlay_mapped=1
2026-08-14 22:42:38,983 tracking: rect=(28, 30, 1452, 1144) overlay_mapped=1
2026-08-14 22:42:39,093 tracking: rect=(28, 30, 1452, 1144) overlay_mapped=1
2026-08-14 22:42:39,201 tracking: rect=(28, 30, 1452, 1144) overlay_mapped=1
2026-08-14 22:42:39,311 tracking: rect=(28, 30, 1452, 1144) overlay_mapped=1
2026-08-14 22:42:39,420 tracking: rect=(28, 30, 1452, 1144) overlay_mapped=1
2026-08-14 22:42:39,528 tracking: rect=(28, 30, 1452, 1144) overlay_mapped=1
2026-08-14 22:42:39,636 tracking: rect=(28, 30, 1452, 1144) overlay_mapped=1
2026-08-14 22:42:39,744 tracking: rect=(28, 30, 1452, 1144) overlay_mapped=1
2026-08-14 22:42:39,852 tracking: rect=(28, 30, 1452, 1144) overlay_mapped=1
2026-08-14 22:42:39,960 tracking: rect=(28, 30, 1452, 1144) overlay_mapped=1
2026-08-14 22:42:40,068 tracking: rect=(28, 30, 1452, 1144) overlay_mapped=1
2026-08-14 22:42:40,178 tracking: rect=(28, 30, 1452, 1144) overlay_mapped=1
2026-08-14 22:42:40,287 tracking: rect=(28, 30, 1452, 1144) overlay_mapped=1
2026-08-14 22:42:40,396 tracking: rect=(28, 30, 1452, 1144) overlay_mapped=1
2026-08-14 22:42:40,505 tracking: rect=(28, 30, 1452, 1144) overlay_mapped=1
2026-08-14 22:42:40,614 tracking: rect=(28, 30, 1452, 1144) overlay_mapped=1
2026-08-14 22:42:40,723 tracking: rect=(28, 30, 1452, 1144) overlay_mapped=1
2026-08-14 22:42:40,833 tracking: rect=(28, 30, 1452, 1144) overlay_mapped=1
2026-08-14 22:42:40,940 tracking: rect=(28, 30, 1452, 1144) overlay_mapped=1
2026-08-14 22:42:41,050 tracking: rect=(28, 30, 1452, 1144) overlay_mapped=1
2026-08-14 22:42:41,158 tracking: rect=(28, 30, 1452, 1144) overlay_mapped=1
2026-08-14 22:42:41,265 tracking: rect=(28, 30, 1452, 1144) overlay_mapped=1
2026-08-14 22:42:41,374 tracking: rect=(28, 30, 1452, 1144) overlay_mapped=1
2026-08-14 22:42:41,483 tracking: rect=(28, 30, 1452, 1144) overlay_mapped=1
2026-08-14 22:42:41,591 tracking: rect=(28, 30, 1452, 1144) overlay_mapped=1
2026-08-14 22:42:41,699 tracking: rect=(28, 30, 1452, 1144) overlay_mapped=1
2026-08-14 22:42:41,807 tracking: rect=(28, 30, 1452, 1144) overlay_mapped=1
2026-08-14 22:42:41,916 tracking: rect=(28, 30, 1452, 1144) overlay_mapped=1
2026-08-14 22:42:42,025 tracking: rect=(28, 30, 1452, 1144) overlay_mapped=1
2026-08-14 22:42:42,134 tracking: rect=(28, 30, 1452, 1144) overlay_mapped=1
2026-08-14 22:42:42,243 tracking: rect=(28, 30, 1452, 1144) overlay_mapped=1
2026-08-14 22:42:42,352 tracking: rect=(28, 30, 1452, 1144) overlay_mapped=1
2026-08-14 22:42:42,459 tracking: rect=(28, 30, 1452, 1144) overlay_mapped=1
2026-08-14 22:42:42,566 tracking: rect=(28, 30, 1452, 1144) overlay_mapped=1
2026-08-14 22:42:42,675 tracking: rect=(28, 30, 1452, 1144) overlay_mapped=1
2026-08-14 22:42:42,784 tracking: rect=(28, 30, 1452, 1144) overlay_mapped=1
2026-08-14 22:42:42,892 tracking: rect=(28, 30, 1452, 1144) overlay_mapped=1
2026-08-14 22:42:42,999 tracking: rect=(28, 30, 1452, 1144) overlay_mapped=1
2026-08-14 22:42:43,107 tracking: rect=(28, 30, 1452, 1144) overlay_mapped=1
2026-08-14 22:42:43,215 tracking: rect=(28, 30, 1452, 1144) overlay_mapped=1
2026-08-14 22:42:43,324 tracking: rect=(28, 30, 1452, 1144) overlay_mapped=1
2026-08-14 22:42:43,432 tracking: rect=(28, 30, 1452, 1144) overlay_mapped=1
2026-08-14 22:42:43,540 tracking: rect=(28, 30, 1452, 1144) overlay_mapped=1
2026-08-14 22:42:43,648 tracking: rect=(28, 30, 1452, 1144) overlay_mapped=1
2026-08-14 22:42:43,756 tracking: rect=(28, 30, 1452, 1144) overlay_mapped=1
2026-08-14 22:42:43,865 tracking: rect=(28, 30, 1452, 1144) overlay_mapped=1
2026-08-14 22:42:43,973 tracking: rect=(28, 30, 1452, 1144) overlay_mapped=1
2026-08-14 22:42:44,082 tracking: rect=(28, 30, 1452, 1144) overlay_mapped=1
2026-08-14 22:42:44,190 tracking: rect=(28, 30, 1452, 1144) overlay_mapped=1
2026-08-14 22:42:44,299 tracking: rect=(28, 30, 1452, 1144) overlay_mapped=1
2026-08-14 22:42:44,407 tracking: rect=(28, 30, 1452, 1144) overlay_mapped=1
2026-08-14 22:42:44,515 tracking: rect=(28, 30, 1452, 1144) overlay_mapped=1
2026-08-14 22:42:44,623 tracking: rect=(28, 30, 1452, 1144) overlay_mapped=1
2026-08-14 22:42:44,730 tracking: rect=(28, 30, 1452, 1144) overlay_mapped=1
2026-08-14 22:42:44,839 tracking: rect=(28, 30, 1452, 1144) overlay_mapped=1
2026-08-14 22:42:44,947 tracking: rect=(28, 30, 1452, 1144) overlay_mapped=1
2026-08-14 22:42:45,056 tracking: rect=(28, 30, 1452, 1144) overlay_mapped=1
2026-08-14 22:42:45,165 tracking: rect=(28, 30, 1452, 1144) overlay_mapped=1
2026-08-14 22:42:45,272 tracking: rect=(28, 30, 1452, 1144) overlay_mapped=1
2026-08-14 22:42:45,379 tracking: rect=(28, 30, 1452, 1144) overlay_mapped=1
2026-08-14 22:42:45,488 tracking: rect=(28, 30, 1452, 1144) overlay_mapped=1
2026-08-14 22:42:45,597 tracking: rect=(28, 30, 1452, 1144) overlay_mapped=1
2026-08-14 22:42:45,706 tracking: rect=(28, 30, 1452, 1144) overlay_mapped=1
2026-08-14 22:42:45,815 tracking: rect=(28, 30, 1452, 1144) overlay_mapped=1
2026-08-14 22:42:45,923 tracking: rect=(28, 30, 1452, 1144) overlay_mapped=1
2026-08-14 22:42:46,033 tracking: rect=(28, 30, 1452, 1144) overlay_mapped=1
2026-08-14 22:42:46,142 tracking: rect=(28, 30, 1452, 1144) overlay_mapped=1
2026-08-14 22:42:46,252 tracking: rect=(28, 30, 1452, 1144) overlay_mapped=1
2026-08-14 22:42:46,361 tracking: rect=(28, 30, 1452, 1144) overlay_mapped=1
2026-08-14 22:42:46,469 tracking: rect=(28, 30, 1452, 1144) overlay_mapped=1
2026-08-14 22:42:46,577 tracking: rect=(28, 30, 1452, 1144) overlay_mapped=1
2026-08-14 22:42:46,685 tracking: rect=(28, 30, 1452, 1144) overlay_mapped=1
2026-08-14 22:42:46,808 tracking: rect=(28, 30, 1452, 1144) overlay_mapped=1
2026-08-14 22:42:46,916 tracking: rect=(28, 30, 1452, 1144) overlay_mapped=1
2026-08-14 22:42:47,025 tracking: rect=(28, 30, 1452, 1144) overlay_mapped=1
2026-08-14 22:42:47,135 tracking: rect=(28, 30, 1452, 1144) overlay_mapped=1
2026-08-14 22:42:47,242 tracking: rect=(28, 30, 1452, 1144) overlay_mapped=1
2026-08-14 22:42:47,351 tracking: rect=(28, 30, 1452, 1144) overlay_mapped=1
2026-08-14 22:42:47,459 tracking: rect=(28, 30, 1452, 1144) overlay_mapped=1
2026-08-14 22:42:47,566 tracking: rect=(28, 30, 1452, 1144) overlay_mapped=1
2026-08-14 22:42:47,675 tracking: rect=(28, 30, 1452, 1144) overlay_mapped=1
2026-08-14 22:42:47,783 tracking: rect=(28, 30, 1452, 1144) overlay_mapped=1
2026-08-14 22:42:47,891 tracking: rect=(28, 30, 1452, 1144) overlay_mapped=1
2026-08-14 22:42:47,999 tracking: rect=(28, 30, 1452, 1144) overlay_mapped=1
2026-08-14 22:42:48,110 tracking: rect=(28, 30, 1452, 1144) overlay_mapped=1
2026-08-14 22:42:48,219 tracking: rect=(28, 30, 1452, 1144) overlay_mapped=1
2026-08-14 22:42:48,328 tracking: rect=(28, 30, 1452, 1144) overlay_mapped=1
2026-08-14 22:42:48,437 tracking: rect=(28, 30, 1452, 1144) overlay_mapped=1
2026-08-14 22:42:48,545 tracking: rect=(28, 30, 1452, 1144) overlay_mapped=1
2026-08-14 22:42:48,654 tracking: rect=(28, 30, 1452, 1144) overlay_mapped=1
2026-08-14 22:42:48,761 tracking: rect=(28, 30, 1452, 1144) overlay_mapped=1
2026-08-14 22:42:48,869 tracking: rect=(28, 30, 1452, 1144) overlay_mapped=1
2026-08-14 22:42:48,979 tracking: rect=(28, 30, 1452, 1144) overlay_mapped=1
2026-08-14 22:42:49,088 tracking: rect=(28, 30, 1452, 1144) overlay_mapped=1
2026-08-14 22:42:49,196 tracking: rect=(28, 30, 1452, 1144) overlay_mapped=1
2026-08-14 22:42:49,306 tracking: rect=(28, 30, 1452, 1144) overlay_mapped=1
2026-08-14 22:42:49,415 tracking: rect=(28, 30, 1452, 1144) overlay_mapped=1
2026-08-14 22:42:49,525 tracking: rect=(28, 30, 1452, 1144) overlay_mapped=1
2026-08-14 22:42:49,634 tracking: rect=(28, 30, 1452, 1144) overlay_mapped=1
2026-08-14 22:42:49,742 tracking: rect=(28, 30, 1452, 1144) overlay_mapped=1
2026-08-14 22:42:49,850 tracking: rect=(28, 30, 1452, 1144) overlay_mapped=1
2026-08-14 22:42:49,958 tracking: rect=(28, 30, 1452, 1144) overlay_mapped=1
2026-08-14 22:42:50,066 tracking: rect=(28, 30, 1452, 1144) overlay_mapped=1
2026-08-14 22:42:50,174 tracking: rect=(28, 30, 1452, 1144) overlay_mapped=1
2026-08-14 22:42:50,283 tracking: rect=(28, 30, 1452, 1144) overlay_mapped=1
2026-08-14 22:42:50,393 tracking: rect=(28, 30, 1452, 1144) overlay_mapped=1
2026-08-14 22:42:50,502 tracking: rect=(28, 30, 1452, 1144) overlay_mapped=1
2026-08-14 22:42:50,612 tracking: rect=(28, 30, 1452, 1144) overlay_mapped=1
2026-08-14 22:42:50,720 tracking: rect=(28, 30, 1452, 1144) overlay_mapped=1
2026-08-14 22:42:50,830 tracking: rect=(28, 30, 1452, 1144) overlay_mapped=1
2026-08-14 22:42:50,939 tracking: rect=(28, 30, 1452, 1144) overlay_mapped=1
2026-08-14 22:42:51,047 tracking: rect=(28, 30, 1452, 1144) overlay_mapped=1
2026-08-14 22:42:51,156 tracking: rect=(28, 30, 1452, 1144) overlay_mapped=1
2026-08-14 22:42:51,264 tracking: rect=(28, 30, 1452, 1144) overlay_mapped=1
2026-08-14 22:42:51,373 tracking: rect=(28, 30, 1452, 1144) overlay_mapped=1
2026-08-14 22:42:51,482 tracking: rect=(28, 30, 1452, 1144) overlay_mapped=1
2026-08-14 22:42:51,588 tracking: rect=(28, 30, 1452, 1144) overlay_mapped=1
2026-08-14 22:42:51,699 tracking: rect=(28, 30, 1452, 1144) overlay_mapped=1
2026-08-14 22:42:51,807 tracking: rect=(28, 30, 1452, 1144) overlay_mapped=1
2026-08-14 22:42:51,915 tracking: rect=(28, 30, 1452, 1144) overlay_mapped=1
2026-08-14 22:42:52,024 tracking: rect=(28, 30, 1452, 1144) overlay_mapped=1
2026-08-14 22:42:52,132 tracking: rect=(28, 30, 1452, 1144) overlay_mapped=1
2026-08-14 22:42:52,241 tracking: rect=(28, 30, 1452, 1144) overlay_mapped=1
2026-08-14 22:42:52,349 tracking: rect=(28, 30, 1452, 1144) overlay_mapped=1
2026-08-14 22:42:52,458 tracking: rect=(28, 30, 1452, 1144) overlay_mapped=1
2026-08-14 22:42:52,568 tracking: rect=(28, 30, 1452, 1144) overlay_mapped=1
2026-08-14 22:42:52,676 tracking: rect=(28, 30, 1452, 1144) overlay_mapped=1
2026-08-14 22:42:52,786 tracking: rect=(28, 30, 1452, 1144) overlay_mapped=1
2026-08-14 22:42:52,894 tracking: rect=(28, 30, 1452, 1144) overlay_mapped=1
2026-08-14 22:42:53,003 tracking: rect=(28, 30, 1452, 1144) overlay_mapped=1
2026-08-14 22:42:53,110 tracking: rect=(28, 30, 1452, 1144) overlay_mapped=1
2026-08-14 22:42:53,219 tracking: rect=(28, 30, 1452, 1144) overlay_mapped=1
2026-08-14 22:42:53,326 tracking: rect=(28, 30, 1452, 1144) overlay_mapped=1
2026-08-14 22:42:53,435 tracking: rect=(28, 30, 1452, 1144) overlay_mapped=1
2026-08-14 22:42:53,542 tracking: rect=(28, 30, 1452, 1144) overlay_mapped=1
2026-08-14 22:42:53,652 tracking: rect=(28, 30, 1452, 1144) overlay_mapped=1
2026-08-14 22:42:53,761 tracking: rect=(28, 30, 1452, 1144) overlay_mapped=1
2026-08-14 22:42:53,870 tracking: rect=(28, 30, 1452, 1144) overlay_mapped=1
2026-08-14 22:42:53,979 tracking: rect=(28, 30, 1452, 1144) overlay_mapped=1
2026-08-14 22:42:54,086 tracking: rect=(28, 30, 1452, 1144) overlay_mapped=1
2026-08-14 22:42:54,194 tracking: rect=(28, 30, 1452, 1144) overlay_mapped=1
2026-08-14 22:42:54,303 tracking: rect=(28, 30, 1452, 1144) overlay_mapped=1
2026-08-14 22:42:54,412 tracking: rect=(28, 30, 1452, 1144) overlay_mapped=1
2026-08-14 22:42:54,519 tracking: rect=(28, 30, 1452, 1144) overlay_mapped=1
2026-08-14 22:42:54,629 tracking: rect=(28, 30, 1452, 1144) overlay_mapped=1
2026-08-14 22:42:54,737 tracking: rect=(28, 30, 1452, 1144) overlay_mapped=1
2026-08-14 22:42:54,845 tracking: rect=(28, 30, 1452, 1144) overlay_mapped=1
2026-08-14 22:42:54,954 tracking: rect=(28, 30, 1452, 1144) overlay_mapped=1
2026-08-14 22:42:55,062 tracking: rect=(28, 30, 1452, 1144) overlay_mapped=1
2026-08-14 22:42:55,171 tracking: rect=(28, 30, 1452, 1144) overlay_mapped=1
2026-08-14 22:42:55,279 tracking: rect=(28, 30, 1452, 1144) overlay_mapped=1
2026-08-14 22:42:55,389 tracking: rect=(28, 30, 1452, 1144) overlay_mapped=1
2026-08-14 22:42:55,497 tracking: rect=(28, 30, 1452, 1144) overlay_mapped=1
2026-08-14 22:42:55,605 tracking: rect=(28, 30, 1452, 1144) overlay_mapped=1
2026-08-14 22:42:55,713 tracking: rect=(28, 30, 1452, 1144) overlay_mapped=1
2026-08-14 22:42:55,820 tracking: rect=(28, 30, 1452, 1144) overlay_mapped=1
2026-08-14 22:42:55,929 tracking: rect=(28, 30, 1452, 1144) overlay_mapped=1
2026-08-14 22:42:56,037 tracking: rect=(28, 30, 1452, 1144) overlay_mapped=1
2026-08-14 22:42:56,145 tracking: rect=(28, 30, 1452, 1144) overlay_mapped=1
2026-08-14 22:42:56,251 tracking: rect=(28, 30, 1452, 1144) overlay_mapped=1
2026-08-14 22:42:56,362 tracking: rect=(28, 30, 1452, 1144) overlay_mapped=1
2026-08-14 22:42:56,470 tracking: rect=(28, 30, 1452, 1144) overlay_mapped=1
2026-08-14 22:42:56,579 tracking: rect=(28, 30, 1452, 1144) overlay_mapped=1
2026-08-14 22:42:56,689 tracking: rect=(28, 30, 1452, 1144) overlay_mapped=1
2026-08-14 22:42:56,798 tracking: rect=(28, 30, 1452, 1144) overlay_mapped=1
2026-08-14 22:42:56,907 tracking: rect=(28, 30, 1452, 1144) overlay_mapped=1
2026-08-14 22:42:57,016 tracking: rect=(28, 30, 1452, 1144) overlay_mapped=1
2026-08-14 22:42:57,125 tracking: rect=(28, 30, 1452, 1144) overlay_mapped=1
2026-08-14 22:42:57,232 tracking: rect=(28, 30, 1452, 1144) overlay_mapped=1
2026-08-14 22:42:57,341 tracking: rect=(28, 30, 1452, 1144) overlay_mapped=1
2026-08-14 22:42:57,451 tracking: rect=(28, 30, 1452, 1144) overlay_mapped=1
2026-08-14 22:42:57,559 tracking: rect=(28, 30, 1452, 1144) overlay_mapped=1
2026-08-14 22:42:57,669 tracking: rect=(28, 30, 1452, 1144) overlay_mapped=1
2026-08-14 22:42:57,778 tracking: rect=(28, 30, 1452, 1144) overlay_mapped=1
2026-08-14 22:42:57,887 tracking: rect=(28, 30, 1452, 1144) overlay_mapped=1
2026-08-14 22:42:57,994 tracking: rect=(28, 30, 1452, 1144) overlay_mapped=1
2026-08-14 22:42:58,103 tracking: rect=(28, 30, 1452, 1144) overlay_mapped=1
2026-08-14 22:42:58,214 tracking: rect=(28, 30, 1452, 1144) overlay_mapped=1
2026-08-14 22:42:58,323 tracking: rect=(28, 30, 1452, 1144) overlay_mapped=1
2026-08-14 22:42:58,433 tracking: rect=(28, 30, 1452, 1144) overlay_mapped=1
2026-08-14 22:42:58,543 tracking: rect=(28, 30, 1452, 1144) overlay_mapped=1
2026-08-14 22:42:58,650 tracking: rect=(28, 30, 1452, 1144) overlay_mapped=1
2026-08-14 22:42:58,759 tracking: rect=(28, 30, 1452, 1144) overlay_mapped=1
2026-08-14 22:42:58,867 tracking: rect=(28, 30, 1452, 1144) overlay_mapped=1
2026-08-14 22:42:58,976 tracking: rect=(28, 30, 1452, 1144) overlay_mapped=1
2026-08-14 22:42:59,084 tracking: rect=(28, 30, 1452, 1144) overlay_mapped=1
2026-08-14 22:42:59,194 tracking: rect=(28, 30, 1452, 1144) overlay_mapped=1
2026-08-14 22:42:59,303 tracking: rect=(28, 30, 1452, 1144) overlay_mapped=1
2026-08-14 22:42:59,411 tracking: rect=(28, 30, 1452, 1144) overlay_mapped=1
2026-08-14 22:42:59,519 tracking: rect=(28, 30, 1452, 1144) overlay_mapped=1
2026-08-14 22:42:59,628 tracking: rect=(28, 30, 1452, 1144) overlay_mapped=1
2026-08-14 22:42:59,737 tracking: rect=(28, 30, 1452, 1144) overlay_mapped=1
2026-08-14 22:42:59,845 tracking: rect=(28, 30, 1452, 1144) overlay_mapped=1
2026-08-14 22:42:59,954 tracking: rect=(28, 30, 1452, 1144) overlay_mapped=1
2026-08-14 22:43:00,063 tracking: rect=(28, 30, 1452, 1144) overlay_mapped=1
2026-08-14 22:43:00,171 tracking: rect=(28, 30, 1452, 1144) overlay_mapped=1
2026-08-14 22:43:00,281 tracking: rect=(28, 30, 1452, 1144) overlay_mapped=1
2026-08-14 22:43:00,389 tracking: rect=(28, 30, 1452, 1144) overlay_mapped=1
2026-08-14 22:43:00,498 tracking: rect=(28, 30, 1452, 1144) overlay_mapped=1
2026-08-14 22:43:00,606 tracking: rect=(28, 30, 1452, 1144) overlay_mapped=1
2026-08-14 22:43:00,715 tracking: rect=(28, 30, 1452, 1144) overlay_mapped=1
2026-08-14 22:43:00,824 tracking: rect=(28, 30, 1452, 1144) overlay_mapped=1
2026-08-14 22:43:00,935 tracking: rect=(28, 30, 1452, 1144) overlay_mapped=1
2026-08-14 22:43:01,045 tracking: rect=(28, 30, 1452, 1144) overlay_mapped=1
2026-08-14 22:43:01,153 tracking: rect=(28, 30, 1452, 1144) overlay_mapped=1
2026-08-14 22:43:01,261 tracking: rect=(28, 30, 1452, 1144) overlay_mapped=1
2026-08-14 22:43:01,370 tracking: rect=(28, 30, 1452, 1144) overlay_mapped=1
2026-08-14 22:43:01,479 tracking: rect=(28, 30, 1452, 1144) overlay_mapped=1
2026-08-14 22:43:01,586 tracking: rect=(28, 30, 1452, 1144) overlay_mapped=1
2026-08-14 22:43:01,694 tracking: rect=(28, 30, 1452, 1144) overlay_mapped=1
2026-08-14 22:43:01,802 tracking: rect=(28, 30, 1452, 1144) overlay_mapped=1
2026-08-14 22:43:01,912 tracking: rect=(28, 30, 1452, 1144) overlay_mapped=1
2026-08-14 22:43:02,021 tracking: rect=(28, 30, 1452, 1144) overlay_mapped=1
2026-08-14 22:43:02,130 tracking: rect=(28, 30, 1452, 1144) overlay_mapped=1
2026-08-14 22:43:02,239 tracking: rect=(28, 30, 1452, 1144) overlay_mapped=1
2026-08-14 22:43:02,346 tracking: rect=(28, 30, 1452, 1144) overlay_mapped=1
2026-08-14 22:43:02,457 tracking: rect=(28, 30, 1452, 1144) overlay_mapped=1
2026-08-14 22:43:02,565 tracking: rect=(28, 30, 1452, 1144) overlay_mapped=1
2026-08-14 22:43:02,675 tracking: rect=(28, 30, 1452, 1144) overlay_mapped=1
2026-08-14 22:43:02,783 tracking: rect=(28, 30, 1452, 1144) overlay_mapped=1
2026-08-14 22:43:02,891 tracking: rect=(28, 30, 1452, 1144) overlay_mapped=1
2026-08-14 22:43:02,998 tracking: rect=(28, 30, 1452, 1144) overlay_mapped=1
2026-08-14 22:43:03,106 tracking: rect=(28, 30, 1452, 1144) overlay_mapped=1
2026-08-14 22:43:03,213 tracking: rect=(28, 30, 1452, 1144) overlay_mapped=1
2026-08-14 22:43:03,323 tracking: rect=(28, 30, 1452, 1144) overlay_mapped=1
2026-08-14 22:43:03,432 tracking: rect=(28, 30, 1452, 1144) overlay_mapped=1
2026-08-14 22:43:03,541 tracking: rect=(28, 30, 1452, 1144) overlay_mapped=1
2026-08-14 22:43:03,651 tracking: rect=(28, 30, 1452, 1144) overlay_mapped=1
2026-08-14 22:43:03,759 tracking: rect=(28, 30, 1452, 1144) overlay_mapped=1
2026-08-14 22:43:03,869 tracking: rect=(28, 30, 1452, 1144) overlay_mapped=1
2026-08-14 22:43:03,979 tracking: rect=(28, 30, 1452, 1144) overlay_mapped=1
2026-08-14 22:43:04,086 tracking: rect=(28, 30, 1452, 1144) overlay_mapped=1
2026-08-14 22:43:04,195 tracking: rect=(28, 30, 1452, 1144) overlay_mapped=1
2026-08-14 22:43:04,303 tracking: rect=(28, 30, 1452, 1144) overlay_mapped=1
2026-08-14 22:43:04,413 tracking: rect=(28, 30, 1452, 1144) overlay_mapped=1
2026-08-14 22:43:04,522 tracking: rect=(28, 30, 1452, 1144) overlay_mapped=1
2026-08-14 22:43:04,629 tracking: rect=(28, 30, 1452, 1144) overlay_mapped=1
2026-08-14 22:43:04,736 tracking: rect=(28, 30, 1452, 1144) overlay_mapped=1
2026-08-14 22:43:04,845 tracking: rect=(28, 30, 1452, 1144) overlay_mapped=1
2026-08-14 22:43:04,954 tracking: rect=(28, 30, 1452, 1144) overlay_mapped=1
2026-08-14 22:43:05,063 tracking: rect=(28, 30, 1452, 1144) overlay_mapped=1
2026-08-14 22:43:05,171 tracking: rect=(28, 30, 1452, 1144) overlay_mapped=1
2026-08-14 22:43:05,279 tracking: rect=(28, 30, 1452, 1144) overlay_mapped=1
2026-08-14 22:43:05,386 tracking: rect=(28, 30, 1452, 1144) overlay_mapped=1
2026-08-14 22:43:05,495 tracking: rect=(28, 30, 1452, 1144) overlay_mapped=1
2026-08-14 22:43:05,604 tracking: rect=(28, 30, 1452, 1144) overlay_mapped=1
2026-08-14 22:43:05,712 tracking: rect=(28, 30, 1452, 1144) overlay_mapped=1
2026-08-14 22:43:05,819 tracking: rect=(28, 30, 1452, 1144) overlay_mapped=1
2026-08-14 22:43:05,928 tracking: rect=(28, 30, 1452, 1144) overlay_mapped=1
2026-08-14 22:43:06,036 tracking: rect=(28, 30, 1452, 1144) overlay_mapped=1
2026-08-14 22:43:06,145 tracking: rect=(28, 30, 1452, 1144) overlay_mapped=1
2026-08-14 22:43:06,253 tracking: rect=(28, 30, 1452, 1144) overlay_mapped=1
2026-08-14 22:43:06,362 tracking: rect=(28, 30, 1452, 1144) overlay_mapped=1
2026-08-14 22:43:06,470 tracking: rect=(28, 30, 1452, 1144) overlay_mapped=1
2026-08-14 22:43:06,579 tracking: rect=(28, 30, 1452, 1144) overlay_mapped=1
2026-08-14 22:43:06,688 tracking: rect=(28, 30, 1452, 1144) overlay_mapped=1
2026-08-14 22:43:06,797 tracking: rect=(28, 30, 1452, 1144) overlay_mapped=1
2026-08-14 22:43:06,905 tracking: rect=(28, 30, 1452, 1144) overlay_mapped=1
2026-08-14 22:43:07,014 tracking: rect=(28, 30, 1452, 1144) overlay_mapped=1
2026-08-14 22:43:07,122 tracking: rect=(28, 30, 1452, 1144) overlay_mapped=1
2026-08-14 22:43:07,232 tracking: rect=(28, 30, 1452, 1144) overlay_mapped=1
2026-08-14 22:43:07,339 tracking: rect=(28, 30, 1452, 1144) overlay_mapped=1
2026-08-14 22:43:07,447 tracking: rect=(28, 30, 1452, 1144) overlay_mapped=1
2026-08-14 22:43:07,557 tracking: rect=(28, 30, 1452, 1144) overlay_mapped=1
2026-08-14 22:43:07,665 tracking: rect=(28, 30, 1452, 1144) overlay_mapped=1
2026-08-14 22:43:07,774 tracking: rect=(28, 30, 1452, 1144) overlay_mapped=1
2026-08-14 22:43:07,884 tracking: rect=(28, 30, 1452, 1144) overlay_mapped=1
2026-08-14 22:43:07,995 tracking: rect=(28, 30, 1452, 1144) overlay_mapped=1
2026-08-14 22:43:08,102 tracking: rect=(28, 30, 1452, 1144) overlay_mapped=1
2026-08-14 22:43:08,212 tracking: rect=(28, 30, 1452, 1144) overlay_mapped=1
2026-08-14 22:43:08,322 tracking: rect=(28, 30, 1452, 1144) overlay_mapped=1
2026-08-14 22:43:08,430 tracking: rect=(28, 30, 1452, 1144) overlay_mapped=1
2026-08-14 22:43:08,539 tracking: rect=(28, 30, 1452, 1144) overlay_mapped=1
2026-08-14 22:43:08,647 tracking: rect=(28, 30, 1452, 1144) overlay_mapped=1
2026-08-14 22:43:08,756 tracking: rect=(28, 30, 1452, 1144) overlay_mapped=1
2026-08-14 22:43:08,864 tracking: rect=(28, 30, 1452, 1144) overlay_mapped=1
2026-08-14 22:43:08,972 tracking: rect=(28, 30, 1452, 1144) overlay_mapped=1
2026-08-14 22:43:09,081 tracking: rect=(28, 30, 1452, 1144) overlay_mapped=1
2026-08-14 22:43:09,191 tracking: rect=(28, 30, 1452, 1144) overlay_mapped=1
2026-08-14 22:43:09,299 tracking: rect=(28, 30, 1452, 1144) overlay_mapped=1
2026-08-14 22:43:09,407 tracking: rect=(28, 30, 1452, 1144) overlay_mapped=1
2026-08-14 22:43:09,515 tracking: rect=(28, 30, 1452, 1144) overlay_mapped=1
2026-08-14 22:43:09,624 tracking: rect=(28, 30, 1452, 1144) overlay_mapped=1
2026-08-14 22:43:09,732 tracking: rect=(28, 30, 1452, 1144) overlay_mapped=1
2026-08-14 22:43:09,841 tracking: rect=(28, 30, 1452, 1144) overlay_mapped=1
2026-08-14 22:43:09,950 tracking: rect=(28, 30, 1452, 1144) overlay_mapped=1
2026-08-14 22:43:10,056 tracking: rect=(28, 30, 1452, 1144) overlay_mapped=1
2026-08-14 22:43:10,164 tracking: rect=(28, 30, 1452, 1144) overlay_mapped=1
2026-08-14 22:43:10,274 tracking: rect=(28, 30, 1452, 1144) overlay_mapped=1
2026-08-14 22:43:10,383 tracking: rect=(28, 30, 1452, 1144) overlay_mapped=1
2026-08-14 22:43:10,492 tracking: rect=(28, 30, 1452, 1144) overlay_mapped=1
2026-08-14 22:43:10,600 tracking: rect=(28, 30, 1452, 1144) overlay_mapped=1
2026-08-14 22:43:10,708 tracking: rect=(28, 30, 1452, 1144) overlay_mapped=1
2026-08-14 22:43:10,817 tracking: rect=(28, 30, 1452, 1144) overlay_mapped=1
2026-08-14 22:43:10,926 tracking: rect=(28, 30, 1452, 1144) overlay_mapped=1
2026-08-14 22:43:11,035 tracking: rect=(28, 30, 1452, 1144) overlay_mapped=1
2026-08-14 22:43:11,144 tracking: rect=(28, 30, 1452, 1144) overlay_mapped=1
2026-08-14 22:43:11,252 tracking: rect=(28, 30, 1452, 1144) overlay_mapped=1
2026-08-14 22:43:11,360 tracking: rect=(28, 30, 1452, 1144) overlay_mapped=1
2026-08-14 22:43:11,469 tracking: rect=(28, 30, 1452, 1144) overlay_mapped=1
2026-08-14 22:43:11,578 tracking: rect=(28, 30, 1452, 1144) overlay_mapped=1
2026-08-14 22:43:11,687 tracking: rect=(28, 30, 1452, 1144) overlay_mapped=1
2026-08-14 22:43:11,797 tracking: rect=(28, 30, 1452, 1144) overlay_mapped=1
2026-08-14 22:43:11,907 tracking: rect=(28, 30, 1452, 1144) overlay_mapped=1
2026-08-14 22:43:12,015 tracking: rect=(28, 30, 1452, 1144) overlay_mapped=1
2026-08-14 22:43:12,124 tracking: rect=(28, 30, 1452, 1144) overlay_mapped=1
2026-08-14 22:43:12,232 tracking: rect=(28, 30, 1452, 1144) overlay_mapped=1
2026-08-14 22:43:12,341 tracking: rect=(28, 30, 1452, 1144) overlay_mapped=1
2026-08-14 22:43:12,450 tracking: rect=(28, 30, 1452, 1144) overlay_mapped=1
2026-08-14 22:43:12,558 tracking: rect=(28, 30, 1452, 1144) overlay_mapped=1
2026-08-14 22:43:12,667 tracking: rect=(28, 30, 1452, 1144) overlay_mapped=1
2026-08-14 22:43:12,775 tracking: rect=(28, 30, 1452, 1144) overlay_mapped=1
2026-08-14 22:43:12,883 tracking: rect=(28, 30, 1452, 1144) overlay_mapped=1
2026-08-14 22:43:12,992 tracking: rect=(28, 30, 1452, 1144) overlay_mapped=1
2026-08-14 22:43:13,101 tracking: rect=(28, 30, 1452, 1144) overlay_mapped=1
2026-08-14 22:43:13,208 tracking: rect=(28, 30, 1452, 1144) overlay_mapped=1
2026-08-14 22:43:13,315 tracking: rect=(28, 30, 1452, 1144) overlay_mapped=1
2026-08-14 22:43:13,425 tracking: rect=(28, 30, 1452, 1144) overlay_mapped=1
2026-08-14 22:43:13,533 tracking: rect=(28, 30, 1452, 1144) overlay_mapped=1
2026-08-14 22:43:13,642 tracking: rect=(28, 30, 1452, 1144) overlay_mapped=1
2026-08-14 22:43:13,750 tracking: rect=(28, 30, 1452, 1144) overlay_mapped=1
2026-08-14 22:43:13,860 tracking: rect=(28, 30, 1452, 1144) overlay_mapped=1
2026-08-14 22:43:13,972 tracking: rect=(28, 30, 1452, 1144) overlay_mapped=1
2026-08-14 22:43:14,080 tracking: rect=(28, 30, 1452, 1144) overlay_mapped=1
2026-08-14 22:43:14,189 tracking: rect=(28, 30, 1452, 1144) overlay_mapped=1
2026-08-14 22:43:14,298 tracking: rect=(28, 30, 1452, 1144) overlay_mapped=1
2026-08-14 22:43:14,405 tracking: rect=(28, 30, 1452, 1144) overlay_mapped=1
2026-08-14 22:43:14,514 tracking: rect=(28, 30, 1452, 1144) overlay_mapped=1
2026-08-14 22:43:14,623 tracking: rect=(28, 30, 1452, 1144) overlay_mapped=1
2026-08-14 22:43:14,731 tracking: rect=(28, 30, 1452, 1144) overlay_mapped=1
2026-08-14 22:43:14,840 tracking: rect=(28, 30, 1452, 1144) overlay_mapped=1
2026-08-14 22:43:14,948 tracking: rect=(28, 30, 1452, 1144) overlay_mapped=1
2026-08-14 22:43:15,055 tracking: rect=(28, 30, 1452, 1144) overlay_mapped=1
2026-08-14 22:43:15,164 tracking: rect=(28, 30, 1452, 1144) overlay_mapped=1
2026-08-14 22:43:15,272 tracking: rect=(28, 30, 1452, 1144) overlay_mapped=1
2026-08-14 22:43:15,382 tracking: rect=(28, 30, 1452, 1144) overlay_mapped=1
2026-08-14 22:43:15,489 tracking: rect=(28, 30, 1452, 1144) overlay_mapped=1
2026-08-14 22:43:15,597 tracking: rect=(28, 30, 1452, 1144) overlay_mapped=1
2026-08-14 22:43:15,706 tracking: rect=(28, 30, 1452, 1144) overlay_mapped=1
2026-08-14 22:43:15,814 tracking: rect=(28, 30, 1452, 1144) overlay_mapped=1
2026-08-14 22:43:15,922 tracking: rect=(28, 30, 1452, 1144) overlay_mapped=1
2026-08-14 22:43:16,030 tracking: rect=(28, 30, 1452, 1144) overlay_mapped=1
2026-08-14 22:43:16,137 tracking: rect=(28, 30, 1452, 1144) overlay_mapped=1
2026-08-14 22:43:16,248 tracking: rect=(28, 30, 1452, 1144) overlay_mapped=1
2026-08-14 22:43:16,356 tracking: rect=(28, 30, 1452, 1144) overlay_mapped=1
2026-08-14 22:43:16,463 tracking: rect=(28, 30, 1452, 1144) overlay_mapped=1
2026-08-14 22:43:16,571 tracking: rect=(28, 30, 1452, 1144) overlay_mapped=1
2026-08-14 22:43:16,678 tracking: rect=(28, 30, 1452, 1144) overlay_mapped=1
2026-08-14 22:43:16,801 tracking: rect=(28, 30, 1452, 1144) overlay_mapped=1
2026-08-14 22:43:16,910 tracking: rect=(28, 30, 1452, 1144) overlay_mapped=1
2026-08-14 22:43:17,018 tracking: rect=(28, 30, 1452, 1144) overlay_mapped=1
2026-08-14 22:43:17,126 tracking: rect=(28, 30, 1452, 1144) overlay_mapped=1
2026-08-14 22:43:17,235 tracking: rect=(28, 30, 1452, 1144) overlay_mapped=1
2026-08-14 22:43:17,343 tracking: rect=(28, 30, 1452, 1144) overlay_mapped=1
2026-08-14 22:43:17,453 tracking: rect=(28, 30, 1452, 1144) overlay_mapped=1
2026-08-14 22:43:17,560 tracking: rect=(28, 30, 1452, 1144) overlay_mapped=1
2026-08-14 22:43:17,670 tracking: rect=(28, 30, 1452, 1144) overlay_mapped=1
2026-08-14 22:43:17,777 tracking: rect=(28, 30, 1452, 1144) overlay_mapped=1
2026-08-14 22:43:17,885 tracking: rect=(28, 30, 1452, 1144) overlay_mapped=1
2026-08-14 22:43:17,994 tracking: rect=(28, 30, 1452, 1144) overlay_mapped=1
2026-08-14 22:43:18,102 tracking: rect=(28, 30, 1452, 1144) overlay_mapped=1
2026-08-14 22:43:18,210 tracking: rect=(28, 30, 1452, 1144) overlay_mapped=1
2026-08-14 22:43:18,317 tracking: rect=(28, 30, 1452, 1144) overlay_mapped=1
2026-08-14 22:43:18,426 tracking: rect=(28, 30, 1452, 1144) overlay_mapped=1
2026-08-14 22:43:18,535 tracking: rect=(28, 30, 1452, 1144) overlay_mapped=1
2026-08-14 22:43:18,644 tracking: rect=(28, 30, 1452, 1144) overlay_mapped=1
2026-08-14 22:43:18,752 tracking: rect=(28, 30, 1452, 1144) overlay_mapped=1
2026-08-14 22:43:18,862 tracking: rect=(28, 30, 1452, 1144) overlay_mapped=1
2026-08-14 22:43:18,971 tracking: rect=(28, 30, 1452, 1144) overlay_mapped=1
2026-08-14 22:43:19,079 tracking: rect=(28, 30, 1452, 1144) overlay_mapped=1
2026-08-14 22:43:19,189 tracking: rect=(28, 30, 1452, 1144) overlay_mapped=1
2026-08-14 22:43:19,298 tracking: rect=(28, 30, 1452, 1144) overlay_mapped=1
2026-08-14 22:43:19,407 tracking: rect=(28, 30, 1452, 1144) overlay_mapped=1
2026-08-14 22:43:19,516 tracking: rect=(28, 30, 1452, 1144) overlay_mapped=1
2026-08-14 22:43:19,624 tracking: rect=(28, 30, 1452, 1144) overlay_mapped=1
2026-08-14 22:43:19,733 tracking: rect=(28, 30, 1452, 1144) overlay_mapped=1
2026-08-14 22:43:19,843 tracking: rect=(28, 30, 1452, 1144) overlay_mapped=1
2026-08-14 22:43:19,952 tracking: rect=(28, 30, 1452, 1144) overlay_mapped=1
2026-08-14 22:43:20,059 tracking: rect=(28, 30, 1452, 1144) overlay_mapped=1
2026-08-14 22:43:20,168 tracking: rect=(28, 30, 1452, 1144) overlay_mapped=1
2026-08-14 22:43:20,277 tracking: rect=(28, 30, 1452, 1144) overlay_mapped=1
2026-08-14 22:43:20,385 tracking: rect=(28, 30, 1452, 1144) overlay_mapped=1
2026-08-14 22:43:20,493 tracking: rect=(28, 30, 1452, 1144) overlay_mapped=1
2026-08-14 22:43:20,602 tracking: rect=(28, 30, 1452, 1144) overlay_mapped=1
2026-08-14 22:43:20,710 tracking: rect=(28, 30, 1452, 1144) overlay_mapped=1
2026-08-14 22:43:20,819 tracking: rect=(28, 30, 1452, 1144) overlay_mapped=1
2026-08-14 22:43:20,927 tracking: rect=(28, 30, 1452, 1144) overlay_mapped=1
2026-08-14 22:43:21,034 tracking: rect=(28, 30, 1452, 1144) overlay_mapped=1
2026-08-14 22:43:21,144 tracking: rect=(28, 30, 1452, 1144) overlay_mapped=1
2026-08-14 22:43:21,254 tracking: rect=(28, 30, 1452, 1144) overlay_mapped=1
2026-08-14 22:43:21,362 tracking: rect=(28, 30, 1452, 1144) overlay_mapped=1
2026-08-14 22:43:21,471 tracking: rect=(28, 30, 1452, 1144) overlay_mapped=1
2026-08-14 22:43:21,582 tracking: rect=(28, 30, 1452, 1144) overlay_mapped=1
2026-08-14 22:43:21,690 tracking: rect=(28, 30, 1452, 1144) overlay_mapped=1
2026-08-14 22:43:21,800 tracking: rect=(28, 30, 1452, 1144) overlay_mapped=1
2026-08-14 22:43:21,908 tracking: rect=(28, 30, 1452, 1144) overlay_mapped=1
2026-08-14 22:43:22,016 tracking: rect=(28, 30, 1452, 1144) overlay_mapped=1
2026-08-14 22:43:22,124 tracking: rect=(28, 30, 1452, 1144) overlay_mapped=1
2026-08-14 22:43:22,234 tracking: rect=(28, 30, 1452, 1144) overlay_mapped=1
2026-08-14 22:43:22,343 tracking: rect=(28, 30, 1452, 1144) overlay_mapped=1
2026-08-14 22:43:22,451 tracking: rect=(28, 30, 1452, 1144) overlay_mapped=1
2026-08-14 22:43:22,559 tracking: rect=(28, 30, 1452, 1144) overlay_mapped=1
2026-08-14 22:43:22,666 tracking: rect=(28, 30, 1452, 1144) overlay_mapped=1
2026-08-14 22:43:22,775 tracking: rect=(28, 30, 1452, 1144) overlay_mapped=1
2026-08-14 22:43:22,884 tracking: rect=(28, 30, 1452, 1144) overlay_mapped=1
2026-08-14 22:43:22,993 tracking: rect=(28, 30, 1452, 1144) overlay_mapped=1
2026-08-14 22:43:23,102 tracking: rect=(28, 30, 1452, 1144) overlay_mapped=1
2026-08-14 22:43:23,209 tracking: rect=(28, 30, 1452, 1144) overlay_mapped=1
2026-08-14 22:43:23,318 tracking: rect=(28, 30, 1452, 1144) overlay_mapped=1
2026-08-14 22:43:23,426 tracking: rect=(28, 30, 1452, 1144) overlay_mapped=1
2026-08-14 22:43:23,534 tracking: rect=(28, 30, 1452, 1144) overlay_mapped=1
2026-08-14 22:43:23,642 tracking: rect=(28, 30, 1452, 1144) overlay_mapped=1
2026-08-14 22:43:23,751 tracking: rect=(28, 30, 1452, 1144) overlay_mapped=1
2026-08-14 22:43:23,859 tracking: rect=(28, 30, 1452, 1144) overlay_mapped=1
2026-08-14 22:43:23,967 tracking: rect=(28, 30, 1452, 1144) overlay_mapped=1
2026-08-14 22:43:24,075 tracking: rect=(28, 30, 1452, 1144) overlay_mapped=1
2026-08-14 22:43:24,183 tracking: rect=(28, 30, 1452, 1144) overlay_mapped=1
2026-08-14 22:43:24,292 tracking: rect=(28, 30, 1452, 1144) overlay_mapped=1
2026-08-14 22:43:24,400 tracking: rect=(28, 30, 1452, 1144) overlay_mapped=1
2026-08-14 22:43:24,508 tracking: rect=(28, 30, 1452, 1144) overlay_mapped=1
2026-08-14 22:43:24,617 tracking: rect=(28, 30, 1452, 1144) overlay_mapped=1
2026-08-14 22:43:24,725 tracking: rect=(28, 30, 1452, 1144) overlay_mapped=1
2026-08-14 22:43:24,834 tracking: rect=(28, 30, 1452, 1144) overlay_mapped=1
2026-08-14 22:43:24,942 tracking: rect=(28, 30, 1452, 1144) overlay_mapped=1
2026-08-14 22:43:25,050 tracking: rect=(28, 30, 1452, 1144) overlay_mapped=1
2026-08-14 22:43:25,159 tracking: rect=(28, 30, 1452, 1144) overlay_mapped=1
2026-08-14 22:43:25,268 tracking: rect=(28, 30, 1452, 1144) overlay_mapped=1
2026-08-14 22:43:25,377 tracking: rect=(28, 30, 1452, 1144) overlay_mapped=1
2026-08-14 22:43:25,485 tracking: rect=(28, 30, 1452, 1144) overlay_mapped=1
2026-08-14 22:43:25,593 tracking: rect=(28, 30, 1452, 1144) overlay_mapped=1
2026-08-14 22:43:25,702 tracking: rect=(28, 30, 1452, 1144) overlay_mapped=1
2026-08-14 22:43:25,810 tracking: rect=(28, 30, 1452, 1144) overlay_mapped=1
2026-08-14 22:43:25,919 tracking: rect=(28, 30, 1452, 1144) overlay_mapped=1
2026-08-14 22:43:26,027 tracking: rect=(28, 30, 1452, 1144) overlay_mapped=1
2026-08-14 22:43:26,135 tracking: rect=(28, 30, 1452, 1144) overlay_mapped=1
2026-08-14 22:43:26,244 tracking: rect=(28, 30, 1452, 1144) overlay_mapped=1
2026-08-14 22:43:26,353 tracking: rect=(28, 30, 1452, 1144) overlay_mapped=1
2026-08-14 22:43:26,462 tracking: rect=(28, 30, 1452, 1144) overlay_mapped=1
2026-08-14 22:43:26,571 tracking: rect=(28, 30, 1452, 1144) overlay_mapped=1
2026-08-14 22:43:26,680 tracking: rect=(28, 30, 1452, 1144) overlay_mapped=1
2026-08-14 22:43:26,787 tracking: rect=(28, 30, 1452, 1144) overlay_mapped=1
2026-08-14 22:43:26,895 tracking: rect=(28, 30, 1452, 1144) overlay_mapped=1
2026-08-14 22:43:27,004 tracking: rect=(28, 30, 1452, 1144) overlay_mapped=1
2026-08-14 22:43:27,112 tracking: rect=(28, 30, 1452, 1144) overlay_mapped=1
2026-08-14 22:43:27,221 tracking: rect=(28, 30, 1452, 1144) overlay_mapped=1
2026-08-14 22:43:27,330 tracking: rect=(28, 30, 1452, 1144) overlay_mapped=1
2026-08-14 22:43:27,438 tracking: rect=(28, 30, 1452, 1144) overlay_mapped=1
2026-08-14 22:43:27,547 tracking: rect=(28, 30, 1452, 1144) overlay_mapped=1
2026-08-14 22:43:27,656 tracking: rect=(28, 30, 1452, 1144) overlay_mapped=1
2026-08-14 22:43:27,765 tracking: rect=(28, 30, 1452, 1144) overlay_mapped=1
2026-08-14 22:43:27,868 tracking: rect=(28, 30, 1452, 1144) overlay_mapped=1
2026-08-14 22:43:27,969 tracking: rect=(28, 30, 1452, 1144) overlay_mapped=1
2026-08-14 22:43:28,070 tracking: rect=(28, 30, 1452, 1144) overlay_mapped=1
2026-08-14 22:43:28,170 tracking: rect=(28, 30, 1452, 1144) overlay_mapped=1
2026-08-14 22:43:28,280 tracking: rect=(28, 30, 1452, 1144) overlay_mapped=1
2026-08-14 22:43:28,389 tracking: rect=(28, 30, 1452, 1144) overlay_mapped=1
2026-08-14 22:43:28,491 tracking: rect=(28, 30, 1452, 1144) overlay_mapped=1
2026-08-14 22:43:28,592 tracking: rect=(28, 30, 1452, 1144) overlay_mapped=1
2026-08-14 22:43:28,694 tracking: rect=(28, 30, 1452, 1144) overlay_mapped=1
2026-08-14 22:43:28,805 tracking: rect=(28, 30, 1452, 1144) overlay_mapped=1
2026-08-14 22:43:28,914 tracking: rect=(28, 30, 1452, 1144) overlay_mapped=1
2026-08-14 22:43:29,023 tracking: rect=(28, 30, 1452, 1144) overlay_mapped=1
2026-08-14 22:43:29,133 tracking: rect=(28, 30, 1452, 1144) overlay_mapped=1
2026-08-14 22:43:29,212 left click mode=idle at (1752,840)
2026-08-14 22:43:29,243 tracking: rect=(28, 30, 1452, 1144) overlay_mapped=1
2026-08-14 22:43:29,352 tracking: rect=(28, 30, 1452, 1144) overlay_mapped=1
2026-08-14 22:43:29,460 tracking: rect=(28, 30, 1452, 1144) overlay_mapped=1
2026-08-14 22:43:29,569 tracking: rect=(28, 30, 1452, 1144) overlay_mapped=1
2026-08-14 22:43:29,677 tracking: rect=(28, 30, 1452, 1144) overlay_mapped=1
2026-08-14 22:43:29,786 tracking: rect=(28, 30, 1452, 1144) overlay_mapped=1
2026-08-14 22:43:29,896 tracking: rect=(28, 30, 1452, 1144) overlay_mapped=1
2026-08-14 22:43:30,003 tracking: rect=(28, 30, 1452, 1144) overlay_mapped=1
2026-08-14 22:43:30,113 tracking: rect=(28, 30, 1452, 1144) overlay_mapped=1
2026-08-14 22:43:30,222 tracking: rect=(28, 30, 1452, 1144) overlay_mapped=1
2026-08-14 22:43:30,299 left click mode=idle at (1830,745)
2026-08-14 22:43:30,329 tracking: rect=(28, 30, 1452, 1144) overlay_mapped=1
2026-08-14 22:43:30,438 tracking: rect=(28, 30, 1452, 1144) overlay_mapped=1
2026-08-14 22:43:30,548 tracking: rect=(28, 30, 1452, 1144) overlay_mapped=1
2026-08-14 22:43:30,657 tracking: rect=(28, 30, 1452, 1144) overlay_mapped=1
2026-08-14 22:43:30,765 tracking: rect=(28, 30, 1452, 1144) overlay_mapped=1
2026-08-14 22:43:30,872 tracking: rect=(28, 30, 1452, 1144) overlay_mapped=1
2026-08-14 22:43:30,980 tracking: rect=(28, 30, 1452, 1144) overlay_mapped=1
2026-08-14 22:43:31,088 tracking: rect=(28, 30, 1452, 1144) overlay_mapped=1
2026-08-14 22:43:31,197 tracking: rect=(28, 30, 1452, 1144) overlay_mapped=1
2026-08-14 22:43:31,306 tracking: rect=(28, 30, 1452, 1144) overlay_mapped=1
2026-08-14 22:43:31,415 tracking: rect=(28, 30, 1452, 1144) overlay_mapped=1
2026-08-14 22:43:31,523 tracking: rect=(28, 30, 1452, 1144) overlay_mapped=1
2026-08-14 22:43:31,632 tracking: rect=(28, 30, 1452, 1144) overlay_mapped=1
2026-08-14 22:43:31,741 tracking: rect=(28, 30, 1452, 1144) overlay_mapped=1
2026-08-14 22:43:31,849 tracking: rect=(28, 30, 1452, 1144) overlay_mapped=1
2026-08-14 22:43:31,956 tracking: rect=(28, 30, 1452, 1144) overlay_mapped=1
2026-08-14 22:43:32,065 tracking: rect=(28, 30, 1452, 1144) overlay_mapped=1
2026-08-14 22:43:32,176 tracking: rect=(28, 30, 1452, 1144) overlay_mapped=1
2026-08-14 22:43:32,286 tracking: rect=(28, 30, 1452, 1144) overlay_mapped=1
2026-08-14 22:43:32,395 tracking: rect=(28, 30, 1452, 1144) overlay_mapped=1
2026-08-14 22:43:32,503 tracking: rect=(28, 30, 1452, 1144) overlay_mapped=1
2026-08-14 22:43:32,613 tracking: rect=(28, 30, 1452, 1144) overlay_mapped=1
2026-08-14 22:43:32,722 tracking: rect=(28, 30, 1452, 1144) overlay_mapped=1
2026-08-14 22:43:32,830 tracking: rect=(28, 30, 1452, 1144) overlay_mapped=1
2026-08-14 22:43:32,937 tracking: rect=(28, 30, 1452, 1144) overlay_mapped=1
2026-08-14 22:43:33,045 tracking: rect=(28, 30, 1452, 1144) overlay_mapped=1
2026-08-14 22:43:33,154 tracking: rect=(28, 30, 1452, 1144) overlay_mapped=1
2026-08-14 22:43:33,263 tracking: rect=(28, 30, 1452, 1144) overlay_mapped=1
2026-08-14 22:43:33,373 tracking: rect=(28, 30, 1452, 1144) overlay_mapped=1
2026-08-14 22:43:33,483 tracking: rect=(28, 30, 1452, 1144) overlay_mapped=1
2026-08-14 22:43:33,590 tracking: rect=(28, 30, 1452, 1144) overlay_mapped=1
2026-08-14 22:43:33,698 tracking: rect=(28, 30, 1452, 1144) overlay_mapped=1
2026-08-14 22:43:33,805 tracking: rect=(28, 30, 1452, 1144) overlay_mapped=1
2026-08-14 22:43:33,913 tracking: rect=(28, 30, 1452, 1144) overlay_mapped=1
2026-08-14 22:43:34,022 tracking: rect=(28, 30, 1452, 1144) overlay_mapped=1
2026-08-14 22:43:34,130 tracking: rect=(28, 30, 1452, 1144) overlay_mapped=1
2026-08-14 22:43:34,238 tracking: rect=(28, 30, 1452, 1144) overlay_mapped=1
2026-08-14 22:43:34,347 tracking: rect=(28, 30, 1452, 1144) overlay_mapped=1
2026-08-14 22:43:34,456 tracking: rect=(28, 30, 1452, 1144) overlay_mapped=1
2026-08-14 22:43:34,566 tracking: rect=(28, 30, 1452, 1144) overlay_mapped=1
2026-08-14 22:43:34,673 tracking: rect=(28, 30, 1452, 1144) overlay_mapped=1
2026-08-14 22:43:34,781 tracking: rect=(28, 30, 1452, 1144) overlay_mapped=1
2026-08-14 22:43:34,890 tracking: rect=(28, 30, 1452, 1144) overlay_mapped=1
2026-08-14 22:43:35,000 tracking: rect=(28, 30, 1452, 1144) overlay_mapped=1
2026-08-14 22:43:35,109 tracking: rect=(28, 30, 1452, 1144) overlay_mapped=1
2026-08-14 22:43:35,219 tracking: rect=(28, 30, 1452, 1144) overlay_mapped=1
2026-08-14 22:43:35,328 tracking: rect=(28, 30, 1452, 1144) overlay_mapped=1
2026-08-14 22:43:35,436 tracking: rect=(28, 30, 1452, 1144) overlay_mapped=1
2026-08-14 22:43:35,546 tracking: rect=(28, 30, 1452, 1144) overlay_mapped=1
2026-08-14 22:43:35,655 tracking: rect=(28, 30, 1452, 1144) overlay_mapped=1
2026-08-14 22:43:35,762 tracking: rect=(28, 30, 1452, 1144) overlay_mapped=1
2026-08-14 22:43:35,874 tracking: rect=(28, 30, 1452, 1144) overlay_mapped=1
2026-08-14 22:43:35,983 tracking: rect=(28, 30, 1452, 1144) overlay_mapped=1
2026-08-14 22:43:36,092 tracking: rect=(28, 30, 1452, 1144) overlay_mapped=1
2026-08-14 22:43:36,200 tracking: rect=(28, 30, 1452, 1144) overlay_mapped=1
2026-08-14 22:43:36,310 tracking: rect=(28, 30, 1452, 1144) overlay_mapped=1
2026-08-14 22:43:36,419 tracking: rect=(28, 30, 1452, 1144) overlay_mapped=1
2026-08-14 22:43:36,527 tracking: rect=(28, 30, 1452, 1144) overlay_mapped=1
2026-08-14 22:43:36,635 tracking: rect=(28, 30, 1452, 1144) overlay_mapped=1
2026-08-14 22:43:36,745 tracking: rect=(28, 30, 1452, 1144) overlay_mapped=1
2026-08-14 22:43:36,853 tracking: rect=(28, 30, 1452, 1144) overlay_mapped=1
2026-08-14 22:43:36,962 tracking: rect=(28, 30, 1452, 1144) overlay_mapped=1
2026-08-14 22:43:37,071 tracking: rect=(28, 30, 1452, 1144) overlay_mapped=1
2026-08-14 22:43:37,179 tracking: rect=(28, 30, 1452, 1144) overlay_mapped=1
2026-08-14 22:43:37,289 tracking: rect=(28, 30, 1452, 1144) overlay_mapped=1
2026-08-14 22:43:37,399 tracking: rect=(28, 30, 1452, 1144) overlay_mapped=1
2026-08-14 22:43:37,507 tracking: rect=(28, 30, 1452, 1144) overlay_mapped=1
2026-08-14 22:43:37,615 tracking: rect=(28, 30, 1452, 1144) overlay_mapped=1
2026-08-14 22:43:37,723 tracking: rect=(28, 30, 1452, 1144) overlay_mapped=1
2026-08-14 22:43:37,831 tracking: rect=(28, 30, 1452, 1144) overlay_mapped=1
2026-08-14 22:43:37,939 tracking: rect=(28, 30, 1452, 1144) overlay_mapped=1
2026-08-14 22:43:38,047 tracking: rect=(28, 30, 1452, 1144) overlay_mapped=1
2026-08-14 22:43:38,156 tracking: rect=(28, 30, 1452, 1144) overlay_mapped=1
2026-08-14 22:43:38,266 tracking: rect=(28, 30, 1452, 1144) overlay_mapped=1
2026-08-14 22:43:38,375 tracking: rect=(28, 30, 1452, 1144) overlay_mapped=1
2026-08-14 22:43:38,484 tracking: rect=(28, 30, 1452, 1144) overlay_mapped=1
2026-08-14 22:43:38,592 tracking: rect=(28, 30, 1452, 1144) overlay_mapped=1
2026-08-14 22:43:38,701 tracking: rect=(28, 30, 1452, 1144) overlay_mapped=1
2026-08-14 22:43:38,810 tracking: rect=(28, 30, 1452, 1144) overlay_mapped=1
2026-08-14 22:43:38,918 tracking: rect=(28, 30, 1452, 1144) overlay_mapped=1
2026-08-14 22:43:39,025 tracking: rect=(28, 30, 1452, 1144) overlay_mapped=1
2026-08-14 22:43:39,133 tracking: rect=(28, 30, 1452, 1144) overlay_mapped=1
2026-08-14 22:43:39,242 tracking: rect=(28, 30, 1452, 1144) overlay_mapped=1
2026-08-14 22:43:39,351 tracking: rect=(28, 30, 1452, 1144) overlay_mapped=1
2026-08-14 22:43:39,459 tracking: rect=(28, 30, 1452, 1144) overlay_mapped=1
2026-08-14 22:43:39,567 tracking: rect=(28, 30, 1452, 1144) overlay_mapped=1
2026-08-14 22:43:39,676 tracking: rect=(28, 30, 1452, 1144) overlay_mapped=1
2026-08-14 22:43:39,784 tracking: rect=(28, 30, 1452, 1144) overlay_mapped=1
2026-08-14 22:43:39,893 tracking: rect=(28, 30, 1452, 1144) overlay_mapped=1
2026-08-14 22:43:40,002 tracking: rect=(28, 30, 1452, 1144) overlay_mapped=1
2026-08-14 22:43:40,112 tracking: rect=(28, 30, 1452, 1144) overlay_mapped=1
2026-08-14 22:43:40,219 tracking: rect=(28, 30, 1452, 1144) overlay_mapped=1
2026-08-14 22:43:40,328 tracking: rect=(28, 30, 1452, 1144) overlay_mapped=1
2026-08-14 22:43:40,438 tracking: rect=(28, 30, 1452, 1144) overlay_mapped=1
2026-08-14 22:43:40,548 tracking: rect=(28, 30, 1452, 1144) overlay_mapped=1
2026-08-14 22:43:40,658 tracking: rect=(28, 30, 1452, 1144) overlay_mapped=1
2026-08-14 22:43:40,768 tracking: rect=(28, 30, 1452, 1144) overlay_mapped=1
2026-08-14 22:43:40,878 tracking: rect=(28, 30, 1452, 1144) overlay_mapped=1
2026-08-14 22:43:40,987 tracking: rect=(28, 30, 1452, 1144) overlay_mapped=1
2026-08-14 22:43:41,096 tracking: rect=(28, 30, 1452, 1144) overlay_mapped=1
2026-08-14 22:43:41,204 tracking: rect=(28, 30, 1452, 1144) overlay_mapped=1
2026-08-14 22:43:41,311 tracking: rect=(28, 30, 1452, 1144) overlay_mapped=1
2026-08-14 22:43:41,422 tracking: rect=(28, 30, 1452, 1144) overlay_mapped=1
2026-08-14 22:43:41,530 tracking: rect=(28, 30, 1452, 1144) overlay_mapped=1
2026-08-14 22:43:41,638 tracking: rect=(28, 30, 1452, 1144) overlay_mapped=1
2026-08-14 22:43:41,747 tracking: rect=(28, 30, 1452, 1144) overlay_mapped=1
2026-08-14 22:43:41,857 tracking: rect=(28, 30, 1452, 1144) overlay_mapped=1
2026-08-14 22:43:41,966 tracking: rect=(28, 30, 1452, 1144) overlay_mapped=1
2026-08-14 22:43:42,075 tracking: rect=(28, 30, 1452, 1144) overlay_mapped=1
2026-08-14 22:43:42,183 tracking: rect=(28, 30, 1452, 1144) overlay_mapped=1
2026-08-14 22:43:42,293 tracking: rect=(28, 30, 1452, 1144) overlay_mapped=1
2026-08-14 22:43:42,402 tracking: rect=(28, 30, 1452, 1144) overlay_mapped=1
2026-08-14 22:43:42,510 tracking: rect=(28, 30, 1452, 1144) overlay_mapped=1
2026-08-14 22:43:42,620 tracking: rect=(28, 30, 1452, 1144) overlay_mapped=1
2026-08-14 22:43:42,728 tracking: rect=(28, 30, 1452, 1144) overlay_mapped=1
2026-08-14 22:43:42,837 tracking: rect=(28, 30, 1452, 1144) overlay_mapped=1
2026-08-14 22:43:42,945 tracking: rect=(28, 30, 1452, 1144) overlay_mapped=1
2026-08-14 22:43:43,053 tracking: rect=(28, 30, 1452, 1144) overlay_mapped=1
2026-08-14 22:43:43,162 tracking: rect=(28, 30, 1452, 1144) overlay_mapped=1
2026-08-14 22:43:43,270 tracking: rect=(28, 30, 1452, 1144) overlay_mapped=1
2026-08-14 22:43:43,378 tracking: rect=(28, 30, 1452, 1144) overlay_mapped=1
2026-08-14 22:43:43,488 tracking: rect=(28, 30, 1452, 1144) overlay_mapped=1
2026-08-14 22:43:43,596 tracking: rect=(28, 30, 1452, 1144) overlay_mapped=1
2026-08-14 22:43:43,705 tracking: rect=(28, 30, 1452, 1144) overlay_mapped=1
2026-08-14 22:43:43,814 tracking: rect=(28, 30, 1452, 1144) overlay_mapped=1
2026-08-14 22:43:43,922 tracking: rect=(28, 30, 1452, 1144) overlay_mapped=1
2026-08-14 22:43:44,031 tracking: rect=(28, 30, 1452, 1144) overlay_mapped=1
2026-08-14 22:43:44,140 tracking: rect=(28, 30, 1452, 1144) overlay_mapped=1
2026-08-14 22:43:44,248 tracking: rect=(28, 30, 1452, 1144) overlay_mapped=1
2026-08-14 22:43:44,357 tracking: rect=(28, 30, 1452, 1144) overlay_mapped=1
2026-08-14 22:43:44,466 tracking: rect=(28, 30, 1452, 1144) overlay_mapped=1
2026-08-14 22:43:44,575 tracking: rect=(28, 30, 1452, 1144) overlay_mapped=1
2026-08-14 22:43:44,684 tracking: rect=(28, 30, 1452, 1144) overlay_mapped=1
2026-08-14 22:43:44,794 tracking: rect=(28, 30, 1452, 1144) overlay_mapped=1
2026-08-14 22:43:44,902 tracking: rect=(28, 30, 1452, 1144) overlay_mapped=1
2026-08-14 22:43:45,012 tracking: rect=(28, 30, 1452, 1144) overlay_mapped=1
2026-08-14 22:43:45,120 tracking: rect=(28, 30, 1452, 1144) overlay_mapped=1
2026-08-14 22:43:45,229 tracking: rect=(28, 30, 1452, 1144) overlay_mapped=1
2026-08-14 22:43:45,337 tracking: rect=(28, 30, 1452, 1144) overlay_mapped=1
2026-08-14 22:43:45,447 tracking: rect=(28, 30, 1452, 1144) overlay_mapped=1
2026-08-14 22:43:45,556 tracking: rect=(28, 30, 1452, 1144) overlay_mapped=1
2026-08-14 22:43:45,663 tracking: rect=(28, 30, 1452, 1144) overlay_mapped=1
2026-08-14 22:43:45,771 tracking: rect=(28, 30, 1452, 1144) overlay_mapped=1
2026-08-14 22:43:45,878 tracking: rect=(28, 30, 1452, 1144) overlay_mapped=1
2026-08-14 22:43:45,987 tracking: rect=(28, 30, 1452, 1144) overlay_mapped=1
2026-08-14 22:43:46,096 tracking: rect=(28, 30, 1452, 1144) overlay_mapped=1
2026-08-14 22:43:46,205 tracking: rect=(28, 30, 1452, 1144) overlay_mapped=1
2026-08-14 22:43:46,313 tracking: rect=(28, 30, 1452, 1144) overlay_mapped=1
2026-08-14 22:43:46,422 tracking: rect=(28, 30, 1452, 1144) overlay_mapped=1
2026-08-14 22:43:46,532 tracking: rect=(28, 30, 1452, 1144) overlay_mapped=1
2026-08-14 22:43:46,640 tracking: rect=(28, 30, 1452, 1144) overlay_mapped=1
2026-08-14 22:43:46,749 tracking: rect=(28, 30, 1452, 1144) overlay_mapped=1
2026-08-14 22:43:46,858 tracking: rect=(28, 30, 1452, 1144) overlay_mapped=1
2026-08-14 22:43:46,967 tracking: rect=(28, 30, 1452, 1144) overlay_mapped=1
2026-08-14 22:43:47,076 tracking: rect=(28, 30, 1452, 1144) overlay_mapped=1
2026-08-14 22:43:47,184 tracking: rect=(28, 30, 1452, 1144) overlay_mapped=1
2026-08-14 22:43:47,293 tracking: rect=(28, 30, 1452, 1144) overlay_mapped=1
2026-08-14 22:43:47,403 tracking: rect=(28, 30, 1452, 1144) overlay_mapped=1
2026-08-14 22:43:47,510 tracking: rect=(28, 30, 1452, 1144) overlay_mapped=1
2026-08-14 22:43:47,620 tracking: rect=(28, 30, 1452, 1144) overlay_mapped=1
2026-08-14 22:43:47,729 tracking: rect=(28, 30, 1452, 1144) overlay_mapped=1
2026-08-14 22:43:47,838 tracking: rect=(28, 30, 1452, 1144) overlay_mapped=1
2026-08-14 22:43:47,947 tracking: rect=(28, 30, 1452, 1144) overlay_mapped=1
2026-08-14 22:43:48,056 tracking: rect=(28, 30, 1452, 1144) overlay_mapped=1
2026-08-14 22:43:48,164 tracking: rect=(28, 30, 1452, 1144) overlay_mapped=1
2026-08-14 22:43:48,273 tracking: rect=(28, 30, 1452, 1144) overlay_mapped=1
2026-08-14 22:43:48,381 tracking: rect=(28, 30, 1452, 1144) overlay_mapped=1
2026-08-14 22:43:48,491 tracking: rect=(28, 30, 1452, 1144) overlay_mapped=1
2026-08-14 22:43:48,600 tracking: rect=(28, 30, 1452, 1144) overlay_mapped=1
2026-08-14 22:43:48,710 tracking: rect=(28, 30, 1452, 1144) overlay_mapped=1
2026-08-14 22:43:48,817 tracking: rect=(28, 30, 1452, 1144) overlay_mapped=1
2026-08-14 22:43:48,927 tracking: rect=(28, 30, 1452, 1144) overlay_mapped=1
2026-08-14 22:43:49,037 tracking: rect=(28, 30, 1452, 1144) overlay_mapped=1
2026-08-14 22:43:49,145 tracking: rect=(28, 30, 1452, 1144) overlay_mapped=1
2026-08-14 22:43:49,253 tracking: rect=(28, 30, 1452, 1144) overlay_mapped=1
2026-08-14 22:43:49,362 tracking: rect=(28, 30, 1452, 1144) overlay_mapped=1
2026-08-14 22:43:49,470 tracking: rect=(28, 30, 1452, 1144) overlay_mapped=1
2026-08-14 22:43:49,579 tracking: rect=(28, 30, 1452, 1144) overlay_mapped=1
2026-08-14 22:43:49,689 tracking: rect=(28, 30, 1452, 1144) overlay_mapped=1
2026-08-14 22:43:49,797 tracking: rect=(28, 30, 1452, 1144) overlay_mapped=1
2026-08-14 22:43:49,907 tracking: rect=(28, 30, 1452, 1144) overlay_mapped=1
2026-08-14 22:43:50,017 tracking: rect=(28, 30, 1452, 1144) overlay_mapped=1
2026-08-14 22:43:50,124 tracking: rect=(28, 30, 1452, 1144) overlay_mapped=1
2026-08-14 22:43:50,232 tracking: rect=(28, 30, 1452, 1144) overlay_mapped=1
2026-08-14 22:43:50,339 tracking: rect=(28, 30, 1452, 1144) overlay_mapped=1
2026-08-14 22:43:50,447 tracking: rect=(28, 30, 1452, 1144) overlay_mapped=1
2026-08-14 22:43:50,554 tracking: rect=(28, 30, 1452, 1144) overlay_mapped=1
2026-08-14 22:43:50,663 tracking: rect=(28, 30, 1452, 1144) overlay_mapped=1
2026-08-14 22:43:50,772 tracking: rect=(28, 30, 1452, 1144) overlay_mapped=1
2026-08-14 22:43:50,880 tracking: rect=(28, 30, 1452, 1144) overlay_mapped=1
2026-08-14 22:43:50,989 tracking: rect=(28, 30, 1452, 1144) overlay_mapped=1
2026-08-14 22:43:51,099 tracking: rect=(28, 30, 1452, 1144) overlay_mapped=1
2026-08-14 22:43:51,209 tracking: rect=(28, 30, 1452, 1144) overlay_mapped=1
2026-08-14 22:43:51,316 tracking: rect=(28, 30, 1452, 1144) overlay_mapped=1
2026-08-14 22:43:51,424 tracking: rect=(28, 30, 1452, 1144) overlay_mapped=1
2026-08-14 22:43:51,533 tracking: rect=(28, 30, 1452, 1144) overlay_mapped=1
2026-08-14 22:43:51,642 tracking: rect=(28, 30, 1452, 1144) overlay_mapped=1
2026-08-14 22:43:51,751 tracking: rect=(28, 30, 1452, 1144) overlay_mapped=1
2026-08-14 22:43:51,859 tracking: rect=(28, 30, 1452, 1144) overlay_mapped=1
2026-08-14 22:43:51,968 tracking: rect=(28, 30, 1452, 1144) overlay_mapped=1
2026-08-14 22:43:52,077 tracking: rect=(28, 30, 1452, 1144) overlay_mapped=1
2026-08-14 22:43:52,188 tracking: rect=(28, 30, 1452, 1144) overlay_mapped=1
2026-08-14 22:43:52,297 tracking: rect=(28, 30, 1452, 1144) overlay_mapped=1
2026-08-14 22:43:52,405 tracking: rect=(28, 30, 1452, 1144) overlay_mapped=1
2026-08-14 22:43:52,513 tracking: rect=(28, 30, 1452, 1144) overlay_mapped=1
2026-08-14 22:43:52,622 tracking: rect=(28, 30, 1452, 1144) overlay_mapped=1
2026-08-14 22:43:52,731 tracking: rect=(28, 30, 1452, 1144) overlay_mapped=1
2026-08-14 22:43:52,840 tracking: rect=(28, 30, 1452, 1144) overlay_mapped=1
2026-08-14 22:43:52,949 tracking: rect=(28, 30, 1452, 1144) overlay_mapped=1
2026-08-14 22:43:53,057 tracking: rect=(28, 30, 1452, 1144) overlay_mapped=1
2026-08-14 22:43:53,166 tracking: rect=(28, 30, 1452, 1144) overlay_mapped=1
2026-08-14 22:43:53,275 tracking: rect=(28, 30, 1452, 1144) overlay_mapped=1
2026-08-14 22:43:53,383 tracking: rect=(28, 30, 1452, 1144) overlay_mapped=1
2026-08-14 22:43:53,490 tracking: rect=(28, 30, 1452, 1144) overlay_mapped=1
2026-08-14 22:43:53,597 tracking: rect=(28, 30, 1452, 1144) overlay_mapped=1
2026-08-14 22:43:53,704 tracking: rect=(28, 30, 1452, 1144) overlay_mapped=1
2026-08-14 22:43:53,813 tracking: rect=(28, 30, 1452, 1144) overlay_mapped=1
2026-08-14 22:43:53,920 tracking: rect=(28, 30, 1452, 1144) overlay_mapped=1
2026-08-14 22:43:54,028 tracking: rect=(28, 30, 1452, 1144) overlay_mapped=1
2026-08-14 22:43:54,134 tracking: rect=(28, 30, 1452, 1144) overlay_mapped=1
2026-08-14 22:43:54,242 tracking: rect=(28, 30, 1452, 1144) overlay_mapped=1
2026-08-14 22:43:54,350 tracking: rect=(28, 30, 1452, 1144) overlay_mapped=1
2026-08-14 22:43:54,457 tracking: rect=(28, 30, 1452, 1144) overlay_mapped=1
2026-08-14 22:43:54,565 tracking: rect=(28, 30, 1452, 1144) overlay_mapped=1
2026-08-14 22:43:54,673 tracking: rect=(28, 30, 1452, 1144) overlay_mapped=1
2026-08-14 22:43:54,780 tracking: rect=(28, 30, 1452, 1144) overlay_mapped=1
2026-08-14 22:43:54,887 tracking: rect=(28, 30, 1452, 1144) overlay_mapped=1
2026-08-14 22:43:54,995 tracking: rect=(28, 30, 1452, 1144) overlay_mapped=1
2026-08-14 22:43:55,104 tracking: rect=(28, 30, 1452, 1144) overlay_mapped=1
2026-08-14 22:43:55,211 tracking: rect=(28, 30, 1452, 1144) overlay_mapped=1
2026-08-14 22:43:55,320 tracking: rect=(28, 30, 1452, 1144) overlay_mapped=1
2026-08-14 22:43:55,428 tracking: rect=(28, 30, 1452, 1144) overlay_mapped=1
2026-08-14 22:43:55,536 tracking: rect=(28, 30, 1452, 1144) overlay_mapped=1
2026-08-14 22:43:55,646 tracking: rect=(28, 30, 1452, 1144) overlay_mapped=1
2026-08-14 22:43:55,753 tracking: rect=(28, 30, 1452, 1144) overlay_mapped=1
2026-08-14 22:43:55,863 tracking: rect=(28, 30, 1452, 1144) overlay_mapped=1
2026-08-14 22:43:55,973 tracking: rect=(28, 30, 1452, 1144) overlay_mapped=1
2026-08-14 22:43:56,081 tracking: rect=(28, 30, 1452, 1144) overlay_mapped=1
2026-08-14 22:43:56,190 tracking: rect=(28, 30, 1452, 1144) overlay_mapped=1
2026-08-14 22:43:56,299 tracking: rect=(28, 30, 1452, 1144) overlay_mapped=1
2026-08-14 22:43:56,407 tracking: rect=(28, 30, 1452, 1144) overlay_mapped=1
2026-08-14 22:43:56,516 tracking: rect=(28, 30, 1452, 1144) overlay_mapped=1
2026-08-14 22:43:56,623 tracking: rect=(28, 30, 1452, 1144) overlay_mapped=1
2026-08-14 22:43:56,732 tracking: rect=(28, 30, 1452, 1144) overlay_mapped=1
2026-08-14 22:43:56,840 tracking: rect=(28, 30, 1452, 1144) overlay_mapped=1
2026-08-14 22:43:56,949 tracking: rect=(28, 30, 1452, 1144) overlay_mapped=1
2026-08-14 22:43:57,058 tracking: rect=(28, 30, 1452, 1144) overlay_mapped=1
2026-08-14 22:43:57,166 tracking: rect=(28, 30, 1452, 1144) overlay_mapped=1
2026-08-14 22:43:57,274 tracking: rect=(28, 30, 1452, 1144) overlay_mapped=1
2026-08-14 22:43:57,382 tracking: rect=(28, 30, 1452, 1144) overlay_mapped=1
2026-08-14 22:43:57,490 tracking: rect=(28, 30, 1452, 1144) overlay_mapped=1
2026-08-14 22:43:57,598 tracking: rect=(28, 30, 1452, 1144) overlay_mapped=1
2026-08-14 22:43:57,706 tracking: rect=(28, 30, 1452, 1144) overlay_mapped=1
2026-08-14 22:43:57,814 tracking: rect=(28, 30, 1452, 1144) overlay_mapped=1
2026-08-14 22:43:57,922 tracking: rect=(28, 30, 1452, 1144) overlay_mapped=1
2026-08-14 22:43:58,030 tracking: rect=(28, 30, 1452, 1144) overlay_mapped=1
2026-08-14 22:43:58,142 tracking: rect=(28, 30, 1452, 1144) overlay_mapped=1
2026-08-14 22:43:58,251 tracking: rect=(28, 30, 1452, 1144) overlay_mapped=1
2026-08-14 22:43:58,358 tracking: rect=(28, 30, 1452, 1144) overlay_mapped=1
2026-08-14 22:43:58,467 tracking: rect=(28, 30, 1452, 1144) overlay_mapped=1
2026-08-14 22:43:58,575 tracking: rect=(28, 30, 1452, 1144) overlay_mapped=1
2026-08-14 22:43:58,682 tracking: rect=(28, 30, 1452, 1144) overlay_mapped=1
2026-08-14 22:43:58,791 tracking: rect=(28, 30, 1452, 1144) overlay_mapped=1
2026-08-14 22:43:58,898 tracking: rect=(28, 30, 1452, 1144) overlay_mapped=1
2026-08-14 22:43:59,006 tracking: rect=(28, 30, 1452, 1144) overlay_mapped=1
2026-08-14 22:43:59,114 tracking: rect=(28, 30, 1452, 1144) overlay_mapped=1
2026-08-14 22:43:59,223 tracking: rect=(28, 30, 1452, 1144) overlay_mapped=1
2026-08-14 22:43:59,332 tracking: rect=(28, 30, 1452, 1144) overlay_mapped=1
2026-08-14 22:43:59,440 tracking: rect=(28, 30, 1452, 1144) overlay_mapped=1
2026-08-14 22:43:59,550 tracking: rect=(28, 30, 1452, 1144) overlay_mapped=1
2026-08-14 22:43:59,659 tracking: rect=(28, 30, 1452, 1144) overlay_mapped=1
2026-08-14 22:43:59,768 tracking: rect=(28, 30, 1452, 1144) overlay_mapped=1
2026-08-14 22:43:59,876 tracking: rect=(28, 30, 1452, 1144) overlay_mapped=1
2026-08-14 22:43:59,984 tracking: rect=(28, 30, 1452, 1144) overlay_mapped=1
2026-08-14 22:44:00,093 tracking: rect=(28, 30, 1452, 1144) overlay_mapped=1
2026-08-14 22:44:00,201 tracking: rect=(28, 30, 1452, 1144) overlay_mapped=1
2026-08-14 22:44:00,310 tracking: rect=(28, 30, 1452, 1144) overlay_mapped=1
2026-08-14 22:44:00,419 tracking: rect=(28, 30, 1452, 1144) overlay_mapped=1
2026-08-14 22:44:00,529 tracking: rect=(28, 30, 1452, 1144) overlay_mapped=1
2026-08-14 22:44:00,639 tracking: rect=(28, 30, 1452, 1144) overlay_mapped=1
2026-08-14 22:44:00,748 tracking: rect=(28, 30, 1452, 1144) overlay_mapped=1
2026-08-14 22:44:00,855 tracking: rect=(28, 30, 1452, 1144) overlay_mapped=1
2026-08-14 22:44:00,964 tracking: rect=(28, 30, 1452, 1144) overlay_mapped=1
2026-08-14 22:44:01,072 tracking: rect=(28, 30, 1452, 1144) overlay_mapped=1
2026-08-14 22:44:01,180 tracking: rect=(28, 30, 1452, 1144) overlay_mapped=1
2026-08-14 22:44:01,288 tracking: rect=(28, 30, 1452, 1144) overlay_mapped=1
2026-08-14 22:44:01,396 tracking: rect=(28, 30, 1452, 1144) overlay_mapped=1
2026-08-14 22:44:01,504 tracking: rect=(28, 30, 1452, 1144) overlay_mapped=1
2026-08-14 22:44:01,613 tracking: rect=(28, 30, 1452, 1144) overlay_mapped=1
2026-08-14 22:44:01,722 tracking: rect=(28, 30, 1452, 1144) overlay_mapped=1
2026-08-14 22:44:01,830 tracking: rect=(28, 30, 1452, 1144) overlay_mapped=1
2026-08-14 22:44:01,939 tracking: rect=(28, 30, 1452, 1144) overlay_mapped=1
2026-08-14 22:44:02,049 tracking: rect=(28, 30, 1452, 1144) overlay_mapped=1
2026-08-14 22:44:02,158 tracking: rect=(28, 30, 1452, 1144) overlay_mapped=1
2026-08-14 22:44:02,267 tracking: rect=(28, 30, 1452, 1144) overlay_mapped=1
2026-08-14 22:44:02,375 tracking: rect=(28, 30, 1452, 1144) overlay_mapped=1
2026-08-14 22:44:02,484 tracking: rect=(28, 30, 1452, 1144) overlay_mapped=1
2026-08-14 22:44:02,592 tracking: rect=(28, 30, 1452, 1144) overlay_mapped=1
2026-08-14 22:44:02,700 tracking: rect=(28, 30, 1452, 1144) overlay_mapped=1
2026-08-14 22:44:02,809 tracking: rect=(28, 30, 1452, 1144) overlay_mapped=1
2026-08-14 22:44:02,917 tracking: rect=(28, 30, 1452, 1144) overlay_mapped=1
2026-08-14 22:44:03,025 tracking: rect=(28, 30, 1452, 1144) overlay_mapped=1
2026-08-14 22:44:03,135 tracking: rect=(28, 30, 1452, 1144) overlay_mapped=1
2026-08-14 22:44:03,245 tracking: rect=(28, 30, 1452, 1144) overlay_mapped=1
2026-08-14 22:44:03,354 tracking: rect=(28, 30, 1452, 1144) overlay_mapped=1
2026-08-14 22:44:03,462 tracking: rect=(28, 30, 1452, 1144) overlay_mapped=1
2026-08-14 22:44:03,570 tracking: rect=(28, 30, 1452, 1144) overlay_mapped=1
2026-08-14 22:44:03,678 tracking: rect=(28, 30, 1452, 1144) overlay_mapped=1
2026-08-14 22:44:03,788 tracking: rect=(28, 30, 1452, 1144) overlay_mapped=1
2026-08-14 22:44:03,895 tracking: rect=(28, 30, 1452, 1144) overlay_mapped=1
2026-08-14 22:44:04,004 tracking: rect=(28, 30, 1452, 1144) overlay_mapped=1
2026-08-14 22:44:04,113 tracking: rect=(28, 30, 1452, 1144) overlay_mapped=1
2026-08-14 22:44:04,221 tracking: rect=(28, 30, 1452, 1144) overlay_mapped=1
2026-08-14 22:44:04,330 tracking: rect=(28, 30, 1452, 1144) overlay_mapped=1
2026-08-14 22:44:04,439 tracking: rect=(28, 30, 1452, 1144) overlay_mapped=1
2026-08-14 22:44:04,549 tracking: rect=(28, 30, 1452, 1144) overlay_mapped=1
2026-08-14 22:44:04,657 tracking: rect=(28, 30, 1452, 1144) overlay_mapped=1
2026-08-14 22:44:04,765 tracking: rect=(28, 30, 1452, 1144) overlay_mapped=1
2026-08-14 22:44:04,874 tracking: rect=(28, 30, 1452, 1144) overlay_mapped=1
2026-08-14 22:44:04,982 tracking: rect=(28, 30, 1452, 1144) overlay_mapped=1
2026-08-14 22:44:05,092 tracking: rect=(28, 30, 1452, 1144) overlay_mapped=1
2026-08-14 22:44:05,201 tracking: rect=(28, 30, 1452, 1144) overlay_mapped=1
2026-08-14 22:44:05,309 tracking: rect=(28, 30, 1452, 1144) overlay_mapped=1
2026-08-14 22:44:05,416 tracking: rect=(28, 30, 1452, 1144) overlay_mapped=1
2026-08-14 22:44:05,525 tracking: rect=(28, 30, 1452, 1144) overlay_mapped=1
2026-08-14 22:44:05,634 tracking: rect=(28, 30, 1452, 1144) overlay_mapped=1
2026-08-14 22:44:05,741 tracking: rect=(28, 30, 1452, 1144) overlay_mapped=1
2026-08-14 22:44:05,850 tracking: rect=(28, 30, 1452, 1144) overlay_mapped=1
2026-08-14 22:44:05,959 tracking: rect=(28, 30, 1452, 1144) overlay_mapped=1
2026-08-14 22:44:06,067 tracking: rect=(28, 30, 1452, 1144) overlay_mapped=1
2026-08-14 22:44:06,173 tracking: rect=(28, 30, 1452, 1144) overlay_mapped=1
2026-08-14 22:44:06,282 tracking: rect=(28, 30, 1452, 1144) overlay_mapped=1
2026-08-14 22:44:06,390 tracking: rect=(28, 30, 1452, 1144) overlay_mapped=1
2026-08-14 22:44:06,500 tracking: rect=(28, 30, 1452, 1144) overlay_mapped=1
2026-08-14 22:44:06,607 tracking: rect=(28, 30, 1452, 1144) overlay_mapped=1
2026-08-14 22:44:06,716 tracking: rect=(28, 30, 1452, 1144) overlay_mapped=1
2026-08-14 22:44:06,824 tracking: rect=(28, 30, 1452, 1144) overlay_mapped=1
2026-08-14 22:44:06,934 tracking: rect=(28, 30, 1452, 1144) overlay_mapped=1
2026-08-14 22:44:07,042 tracking: rect=(28, 30, 1452, 1144) overlay_mapped=1
2026-08-14 22:44:07,151 tracking: rect=(28, 30, 1452, 1144) overlay_mapped=1
2026-08-14 22:44:07,261 tracking: rect=(28, 30, 1452, 1144) overlay_mapped=1
2026-08-14 22:44:07,370 tracking: rect=(28, 30, 1452, 1144) overlay_mapped=1
2026-08-14 22:44:07,478 tracking: rect=(28, 30, 1452, 1144) overlay_mapped=1
2026-08-14 22:44:07,587 tracking: rect=(28, 30, 1452, 1144) overlay_mapped=1
2026-08-14 22:44:07,698 tracking: rect=(28, 30, 1452, 1144) overlay_mapped=1
2026-08-14 22:44:07,806 tracking: rect=(28, 30, 1452, 1144) overlay_mapped=1
2026-08-14 22:44:07,915 tracking: rect=(28, 30, 1452, 1144) overlay_mapped=1
2026-08-14 22:44:08,023 tracking: rect=(28, 30, 1452, 1144) overlay_mapped=1
2026-08-14 22:44:08,132 tracking: rect=(28, 30, 1452, 1144) overlay_mapped=1
2026-08-14 22:44:08,241 tracking: rect=(28, 30, 1452, 1144) overlay_mapped=1
2026-08-14 22:44:08,349 tracking: rect=(28, 30, 1452, 1144) overlay_mapped=1
2026-08-14 22:44:08,459 tracking: rect=(28, 30, 1452, 1144) overlay_mapped=1
2026-08-14 22:44:08,569 tracking: rect=(28, 30, 1452, 1144) overlay_mapped=1
2026-08-14 22:44:08,678 tracking: rect=(28, 30, 1452, 1144) overlay_mapped=1
2026-08-14 22:44:08,786 tracking: rect=(28, 30, 1452, 1144) overlay_mapped=1
2026-08-14 22:44:08,896 tracking: rect=(28, 30, 1452, 1144) overlay_mapped=1
2026-08-14 22:44:09,004 tracking: rect=(28, 30, 1452, 1144) overlay_mapped=1
2026-08-14 22:44:09,113 tracking: rect=(28, 30, 1452, 1144) overlay_mapped=1
2026-08-14 22:44:09,223 tracking: rect=(28, 30, 1452, 1144) overlay_mapped=1
2026-08-14 22:44:09,331 tracking: rect=(28, 30, 1452, 1144) overlay_mapped=1
2026-08-14 22:44:09,441 tracking: rect=(28, 30, 1452, 1144) overlay_mapped=1
2026-08-14 22:44:09,547 tracking: rect=(28, 30, 1452, 1144) overlay_mapped=1
2026-08-14 22:44:09,657 tracking: rect=(28, 30, 1452, 1144) overlay_mapped=1
2026-08-14 22:44:09,765 tracking: rect=(28, 30, 1452, 1144) overlay_mapped=1
2026-08-14 22:44:09,873 tracking: rect=(28, 30, 1452, 1144) overlay_mapped=1
2026-08-14 22:44:09,982 tracking: rect=(28, 30, 1452, 1144) overlay_mapped=1
2026-08-14 22:44:10,091 tracking: rect=(28, 30, 1452, 1144) overlay_mapped=1
2026-08-14 22:44:10,200 tracking: rect=(28, 30, 1452, 1144) overlay_mapped=1
2026-08-14 22:44:10,309 tracking: rect=(28, 30, 1452, 1144) overlay_mapped=1
2026-08-14 22:44:10,418 tracking: rect=(28, 30, 1452, 1144) overlay_mapped=1
2026-08-14 22:44:10,525 tracking: rect=(28, 30, 1452, 1144) overlay_mapped=1
2026-08-14 22:44:10,634 tracking: rect=(28, 30, 1452, 1144) overlay_mapped=1
2026-08-14 22:44:10,742 tracking: rect=(28, 30, 1452, 1144) overlay_mapped=1
2026-08-14 22:44:10,850 tracking: rect=(28, 30, 1452, 1144) overlay_mapped=1
2026-08-14 22:44:10,959 tracking: rect=(28, 30, 1452, 1144) overlay_mapped=1
2026-08-14 22:44:11,067 tracking: rect=(28, 30, 1452, 1144) overlay_mapped=1
2026-08-14 22:44:11,176 tracking: rect=(28, 30, 1452, 1144) overlay_mapped=1
2026-08-14 22:44:11,284 tracking: rect=(28, 30, 1452, 1144) overlay_mapped=1
2026-08-14 22:44:11,394 tracking: rect=(28, 30, 1452, 1144) overlay_mapped=1
2026-08-14 22:44:11,503 tracking: rect=(28, 30, 1452, 1144) overlay_mapped=1
2026-08-14 22:44:11,610 tracking: rect=(28, 30, 1452, 1144) overlay_mapped=1
2026-08-14 22:44:11,720 tracking: rect=(28, 30, 1452, 1144) overlay_mapped=1
2026-08-14 22:44:11,828 tracking: rect=(28, 30, 1452, 1144) overlay_mapped=1
2026-08-14 22:44:11,938 tracking: rect=(28, 30, 1452, 1144) overlay_mapped=1
2026-08-14 22:44:12,046 tracking: rect=(28, 30, 1452, 1144) overlay_mapped=1
2026-08-14 22:44:12,155 tracking: rect=(28, 30, 1452, 1144) overlay_mapped=1
2026-08-14 22:44:12,263 tracking: rect=(28, 30, 1452, 1144) overlay_mapped=1
2026-08-14 22:44:12,372 tracking: rect=(28, 30, 1452, 1144) overlay_mapped=1
2026-08-14 22:44:12,480 tracking: rect=(28, 30, 1452, 1144) overlay_mapped=1
2026-08-14 22:44:12,587 tracking: rect=(28, 30, 1452, 1144) overlay_mapped=1
2026-08-14 22:44:12,695 tracking: rect=(28, 30, 1452, 1144) overlay_mapped=1
2026-08-14 22:44:12,803 tracking: rect=(28, 30, 1452, 1144) overlay_mapped=1
2026-08-14 22:44:12,912 tracking: rect=(28, 30, 1452, 1144) overlay_mapped=1
2026-08-14 22:44:13,020 tracking: rect=(28, 30, 1452, 1144) overlay_mapped=1
2026-08-14 22:44:13,129 tracking: rect=(28, 30, 1452, 1144) overlay_mapped=1
2026-08-14 22:44:13,238 tracking: rect=(28, 30, 1452, 1144) overlay_mapped=1
2026-08-14 22:44:13,347 tracking: rect=(28, 30, 1452, 1144) overlay_mapped=1
2026-08-14 22:44:13,455 tracking: rect=(28, 30, 1452, 1144) overlay_mapped=1
2026-08-14 22:44:13,565 tracking: rect=(28, 30, 1452, 1144) overlay_mapped=1
2026-08-14 22:44:13,674 tracking: rect=(28, 30, 1452, 1144) overlay_mapped=1
2026-08-14 22:44:13,782 tracking: rect=(28, 30, 1452, 1144) overlay_mapped=1
2026-08-14 22:44:13,891 tracking: rect=(28, 30, 1452, 1144) overlay_mapped=1
2026-08-14 22:44:13,999 tracking: rect=(28, 30, 1452, 1144) overlay_mapped=1
2026-08-14 22:44:14,108 tracking: rect=(28, 30, 1452, 1144) overlay_mapped=1
2026-08-14 22:44:14,216 tracking: rect=(28, 30, 1452, 1144) overlay_mapped=1
2026-08-14 22:44:14,325 tracking: rect=(28, 30, 1452, 1144) overlay_mapped=1
2026-08-14 22:44:14,434 tracking: rect=(28, 30, 1452, 1144) overlay_mapped=1
2026-08-14 22:44:14,542 tracking: rect=(28, 30, 1452, 1144) overlay_mapped=1
2026-08-14 22:44:14,650 tracking: rect=(28, 30, 1452, 1144) overlay_mapped=1
2026-08-14 22:44:14,759 tracking: rect=(28, 30, 1452, 1144) overlay_mapped=1
2026-08-14 22:44:14,867 tracking: rect=(28, 30, 1452, 1144) overlay_mapped=1
2026-08-14 22:44:14,976 tracking: rect=(28, 30, 1452, 1144) overlay_mapped=1
2026-08-14 22:44:15,085 tracking: rect=(28, 30, 1452, 1144) overlay_mapped=1
2026-08-14 22:44:15,193 tracking: rect=(28, 30, 1452, 1144) overlay_mapped=1
2026-08-14 22:44:15,301 tracking: rect=(28, 30, 1452, 1144) overlay_mapped=1
2026-08-14 22:44:15,411 tracking: rect=(28, 30, 1452, 1144) overlay_mapped=1
2026-08-14 22:44:15,519 tracking: rect=(28, 30, 1452, 1144) overlay_mapped=1
2026-08-14 22:44:15,627 tracking: rect=(28, 30, 1452, 1144) overlay_mapped=1
2026-08-14 22:44:15,735 tracking: rect=(28, 30, 1452, 1144) overlay_mapped=1
2026-08-14 22:44:15,842 tracking: rect=(28, 30, 1452, 1144) overlay_mapped=1
2026-08-14 22:44:15,951 tracking: rect=(28, 30, 1452, 1144) overlay_mapped=1
2026-08-14 22:44:16,058 tracking: rect=(28, 30, 1452, 1144) overlay_mapped=1
2026-08-14 22:44:16,166 tracking: rect=(28, 30, 1452, 1144) overlay_mapped=1
2026-08-14 22:44:16,274 tracking: rect=(28, 30, 1452, 1144) overlay_mapped=1
2026-08-14 22:44:16,383 tracking: rect=(28, 30, 1452, 1144) overlay_mapped=1
2026-08-14 22:44:16,492 tracking: rect=(28, 30, 1452, 1144) overlay_mapped=1
2026-08-14 22:44:16,601 tracking: rect=(28, 30, 1452, 1144) overlay_mapped=1
2026-08-14 22:44:16,710 tracking: rect=(28, 30, 1452, 1144) overlay_mapped=1
2026-08-14 22:44:16,818 tracking: rect=(28, 30, 1452, 1144) overlay_mapped=1
2026-08-14 22:44:16,928 tracking: rect=(28, 30, 1452, 1144) overlay_mapped=1
2026-08-14 22:44:17,038 tracking: rect=(28, 30, 1452, 1144) overlay_mapped=1
2026-08-14 22:44:17,147 tracking: rect=(28, 30, 1452, 1144) overlay_mapped=1
2026-08-14 22:44:17,257 tracking: rect=(28, 30, 1452, 1144) overlay_mapped=1
2026-08-14 22:44:17,365 tracking: rect=(28, 30, 1452, 1144) overlay_mapped=1
2026-08-14 22:44:17,473 tracking: rect=(28, 30, 1452, 1144) overlay_mapped=1
2026-08-14 22:44:17,581 tracking: rect=(28, 30, 1452, 1144) overlay_mapped=1
2026-08-14 22:44:17,689 tracking: rect=(28, 30, 1452, 1144) overlay_mapped=1
2026-08-14 22:44:17,798 tracking: rect=(28, 30, 1452, 1144) overlay_mapped=1
2026-08-14 22:44:17,905 tracking: rect=(28, 30, 1452, 1144) overlay_mapped=1
2026-08-14 22:44:18,014 tracking: rect=(28, 30, 1452, 1144) overlay_mapped=1
2026-08-14 22:44:18,124 tracking: rect=(28, 30, 1452, 1144) overlay_mapped=1
2026-08-14 22:44:18,234 tracking: rect=(28, 30, 1452, 1144) overlay_mapped=1
2026-08-14 22:44:18,342 tracking: rect=(28, 30, 1452, 1144) overlay_mapped=1
2026-08-14 22:44:18,451 tracking: rect=(28, 30, 1452, 1144) overlay_mapped=1
2026-08-14 22:44:18,560 tracking: rect=(28, 30, 1452, 1144) overlay_mapped=1
2026-08-14 22:44:18,668 tracking: rect=(28, 30, 1452, 1144) overlay_mapped=1
2026-08-14 22:44:18,775 tracking: rect=(28, 30, 1452, 1144) overlay_mapped=1
2026-08-14 22:44:18,883 tracking: rect=(28, 30, 1452, 1144) overlay_mapped=1
2026-08-14 22:44:18,991 tracking: rect=(28, 30, 1452, 1144) overlay_mapped=1
2026-08-14 22:44:19,099 tracking: rect=(28, 30, 1452, 1144) overlay_mapped=1
2026-08-14 22:44:19,206 tracking: rect=(28, 30, 1452, 1144) overlay_mapped=1
2026-08-14 22:44:19,315 tracking: rect=(28, 30, 1452, 1144) overlay_mapped=1
2026-08-14 22:44:19,424 tracking: rect=(28, 30, 1452, 1144) overlay_mapped=1
2026-08-14 22:44:19,532 tracking: rect=(28, 30, 1452, 1144) overlay_mapped=1
2026-08-14 22:44:19,641 tracking: rect=(28, 30, 1452, 1144) overlay_mapped=1
2026-08-14 22:44:19,749 tracking: rect=(28, 30, 1452, 1144) overlay_mapped=1
2026-08-14 22:44:19,858 tracking: rect=(28, 30, 1452, 1144) overlay_mapped=1
2026-08-14 22:44:19,968 tracking: rect=(28, 30, 1452, 1144) overlay_mapped=1
2026-08-14 22:44:20,076 tracking: rect=(28, 30, 1452, 1144) overlay_mapped=1
2026-08-14 22:44:20,185 tracking: rect=(28, 30, 1452, 1144) overlay_mapped=1
2026-08-14 22:44:20,293 tracking: rect=(28, 30, 1452, 1144) overlay_mapped=1
2026-08-14 22:44:20,401 tracking: rect=(28, 30, 1452, 1144) overlay_mapped=1
2026-08-14 22:44:20,508 tracking: rect=(28, 30, 1452, 1144) overlay_mapped=1
2026-08-14 22:44:20,618 tracking: rect=(28, 30, 1452, 1144) overlay_mapped=1
2026-08-14 22:44:20,726 tracking: rect=(28, 30, 1452, 1144) overlay_mapped=1
2026-08-14 22:44:20,834 tracking: rect=(28, 30, 1452, 1144) overlay_mapped=1
2026-08-14 22:44:20,944 tracking: rect=(28, 30, 1452, 1144) overlay_mapped=1
2026-08-14 22:44:21,052 tracking: rect=(28, 30, 1452, 1144) overlay_mapped=1
2026-08-14 22:44:21,160 tracking: rect=(28, 30, 1452, 1144) overlay_mapped=1
2026-08-14 22:44:21,268 tracking: rect=(28, 30, 1452, 1144) overlay_mapped=1
2026-08-14 22:44:21,378 tracking: rect=(28, 30, 1452, 1144) overlay_mapped=1
2026-08-14 22:44:21,487 tracking: rect=(28, 30, 1452, 1144) overlay_mapped=1
2026-08-14 22:44:21,596 tracking: rect=(28, 30, 1452, 1144) overlay_mapped=1
2026-08-14 22:44:21,704 tracking: rect=(28, 30, 1452, 1144) overlay_mapped=1
2026-08-14 22:44:21,814 tracking: rect=(28, 30, 1452, 1144) overlay_mapped=1
2026-08-14 22:44:21,922 tracking: rect=(28, 30, 1452, 1144) overlay_mapped=1
2026-08-14 22:44:22,030 tracking: rect=(28, 30, 1452, 1144) overlay_mapped=1
2026-08-14 22:44:22,138 tracking: rect=(28, 30, 1452, 1144) overlay_mapped=1
2026-08-14 22:44:22,248 tracking: rect=(28, 30, 1452, 1144) overlay_mapped=1
2026-08-14 22:44:22,356 tracking: rect=(28, 30, 1452, 1144) overlay_mapped=1
2026-08-14 22:44:22,464 tracking: rect=(28, 30, 1452, 1144) overlay_mapped=1
2026-08-14 22:44:22,573 tracking: rect=(28, 30, 1452, 1144) overlay_mapped=1
2026-08-14 22:44:22,681 tracking: rect=(28, 30, 1452, 1144) overlay_mapped=1
2026-08-14 22:44:22,789 tracking: rect=(28, 30, 1452, 1144) overlay_mapped=1
2026-08-14 22:44:22,896 tracking: rect=(28, 30, 1452, 1144) overlay_mapped=1
2026-08-14 22:44:23,004 tracking: rect=(28, 30, 1452, 1144) overlay_mapped=1
2026-08-14 22:44:23,113 tracking: rect=(28, 30, 1452, 1144) overlay_mapped=1
2026-08-14 22:44:23,221 tracking: rect=(28, 30, 1452, 1144) overlay_mapped=1
2026-08-14 22:44:23,329 tracking: rect=(28, 30, 1452, 1144) overlay_mapped=1
2026-08-14 22:44:23,437 tracking: rect=(28, 30, 1452, 1144) overlay_mapped=1
2026-08-14 22:44:23,545 tracking: rect=(28, 30, 1452, 1144) overlay_mapped=1
2026-08-14 22:44:23,653 tracking: rect=(28, 30, 1452, 1144) overlay_mapped=1
2026-08-14 22:44:23,763 tracking: rect=(28, 30, 1452, 1144) overlay_mapped=1
2026-08-14 22:44:23,872 tracking: rect=(28, 30, 1452, 1144) overlay_mapped=1
2026-08-14 22:44:23,981 tracking: rect=(28, 30, 1452, 1144) overlay_mapped=1
2026-08-14 22:44:24,089 tracking: rect=(28, 30, 1452, 1144) overlay_mapped=1
2026-08-14 22:44:24,198 tracking: rect=(28, 30, 1452, 1144) overlay_mapped=1
2026-08-14 22:44:24,305 tracking: rect=(28, 30, 1452, 1144) overlay_mapped=1
2026-08-14 22:44:24,413 tracking: rect=(28, 30, 1452, 1144) overlay_mapped=1
2026-08-14 22:44:24,522 tracking: rect=(28, 30, 1452, 1144) overlay_mapped=1
2026-08-14 22:44:24,631 tracking: rect=(28, 30, 1452, 1144) overlay_mapped=1
2026-08-14 22:44:24,740 tracking: rect=(28, 30, 1452, 1144) overlay_mapped=1
2026-08-14 22:44:24,849 tracking: rect=(28, 30, 1452, 1144) overlay_mapped=1
2026-08-14 22:44:24,958 tracking: rect=(28, 30, 1452, 1144) overlay_mapped=1
2026-08-14 22:44:25,065 tracking: rect=(28, 30, 1452, 1144) overlay_mapped=1
2026-08-14 22:44:25,174 tracking: rect=(28, 30, 1452, 1144) overlay_mapped=1
2026-08-14 22:44:25,281 tracking: rect=(28, 30, 1452, 1144) overlay_mapped=1
2026-08-14 22:44:25,390 tracking: rect=(28, 30, 1452, 1144) overlay_mapped=1
2026-08-14 22:44:25,497 tracking: rect=(28, 30, 1452, 1144) overlay_mapped=1
2026-08-14 22:44:25,604 tracking: rect=(28, 30, 1452, 1144) overlay_mapped=1
2026-08-14 22:44:25,712 tracking: rect=(28, 30, 1452, 1144) overlay_mapped=1
2026-08-14 22:44:25,820 tracking: rect=(28, 30, 1452, 1144) overlay_mapped=1
2026-08-14 22:44:25,930 tracking: rect=(28, 30, 1452, 1144) overlay_mapped=1
2026-08-14 22:44:26,039 tracking: rect=(28, 30, 1452, 1144) overlay_mapped=1
2026-08-14 22:44:26,147 tracking: rect=(28, 30, 1452, 1144) overlay_mapped=1
2026-08-14 22:44:26,256 tracking: rect=(28, 30, 1452, 1144) overlay_mapped=1
2026-08-14 22:44:26,365 tracking: rect=(28, 30, 1452, 1144) overlay_mapped=1
2026-08-14 22:44:26,474 tracking: rect=(28, 30, 1452, 1144) overlay_mapped=1
2026-08-14 22:44:26,582 tracking: rect=(28, 30, 1452, 1144) overlay_mapped=1
2026-08-14 22:44:26,692 tracking: rect=(28, 30, 1452, 1144) overlay_mapped=1
2026-08-14 22:44:26,800 tracking: rect=(28, 30, 1452, 1144) overlay_mapped=1
2026-08-14 22:44:26,909 tracking: rect=(28, 30, 1452, 1144) overlay_mapped=1
2026-08-14 22:44:27,016 tracking: rect=(28, 30, 1452, 1144) overlay_mapped=1
2026-08-14 22:44:27,123 tracking: rect=(28, 30, 1452, 1144) overlay_mapped=1
2026-08-14 22:44:27,232 tracking: rect=(28, 30, 1452, 1144) overlay_mapped=1
2026-08-14 22:44:27,343 tracking: rect=(28, 30, 1452, 1144) overlay_mapped=1
2026-08-14 22:44:27,452 tracking: rect=(28, 30, 1452, 1144) overlay_mapped=1
2026-08-14 22:44:27,562 tracking: rect=(28, 30, 1452, 1144) overlay_mapped=1
2026-08-14 22:44:27,685 tracking: rect=(28, 30, 1452, 1144) overlay_mapped=1
2026-08-14 22:44:27,787 tracking: rect=(28, 30, 1452, 1144) overlay_mapped=1
2026-08-14 22:44:27,889 tracking: rect=(28, 30, 1452, 1144) overlay_mapped=1
2026-08-14 22:44:27,997 tracking: rect=(28, 30, 1452, 1144) overlay_mapped=1
2026-08-14 22:44:28,099 tracking: rect=(28, 30, 1452, 1144) overlay_mapped=1
2026-08-14 22:44:28,200 tracking: rect=(28, 30, 1452, 1144) overlay_mapped=1
2026-08-14 22:44:28,309 tracking: rect=(28, 30, 1452, 1144) overlay_mapped=1
2026-08-14 22:44:28,392 left click mode=idle at (872,51)
2026-08-14 22:44:28,417 tracking: rect=(28, 30, 1452, 1144) overlay_mapped=1
2026-08-14 22:44:28,518 tracking: rect=(28, 30, 1452, 1144) overlay_mapped=1
2026-08-14 22:44:28,621 tracking: rect=(28, 30, 1452, 1144) overlay_mapped=1
2026-08-14 22:44:28,722 tracking: rect=(28, 30, 1452, 1144) overlay_mapped=1
2026-08-14 22:44:28,823 tracking: rect=(28, 30, 1452, 1144) overlay_mapped=1
2026-08-14 22:44:28,927 tracking: rect=(28, 30, 1452, 1144) overlay_mapped=1
2026-08-14 22:44:29,030 tracking: rect=(28, 30, 1452, 1144) overlay_mapped=1
2026-08-14 22:44:29,136 tracking: rect=(28, 30, 1452, 1144) overlay_mapped=1
2026-08-14 22:44:29,244 tracking: rect=(28, 30, 1452, 1144) overlay_mapped=1
2026-08-14 22:44:29,350 tracking: rect=(28, 30, 1452, 1144) overlay_mapped=1
2026-08-14 22:44:29,450 tracking: rect=(28, 30, 1452, 1144) overlay_mapped=1
2026-08-14 22:44:29,554 tracking: rect=(28, 30, 1452, 1144) overlay_mapped=1
2026-08-14 22:44:29,601 left click mode=idle at (137,35)
2026-08-14 22:44:29,663 tracking: rect=(28, 30, 1452, 1144) overlay_mapped=1
2026-08-14 22:44:29,771 tracking: rect=(28, 30, 1452, 1144) overlay_mapped=1
2026-08-14 22:44:29,872 tracking: rect=(28, 30, 1452, 1144) overlay_mapped=1
2026-08-14 22:44:29,973 tracking: rect=(28, 30, 1452, 1144) overlay_mapped=1
2026-08-14 22:44:30,074 tracking: rect=(28, 30, 1452, 1144) overlay_mapped=1
2026-08-14 22:44:30,175 tracking: rect=(28, 30, 1452, 1144) overlay_mapped=1
2026-08-14 22:44:30,284 tracking: rect=(28, 30, 1452, 1144) overlay_mapped=1
2026-08-14 22:44:30,408 tracking: rect=(28, 30, 1452, 1144) overlay_mapped=1
2026-08-14 22:44:30,509 tracking: rect=(28, 30, 1452, 1144) overlay_mapped=1
2026-08-14 22:44:30,610 tracking: rect=(28, 30, 1452, 1144) overlay_mapped=1
2026-08-14 22:44:30,722 tracking: rect=(28, 30, 1452, 1144) overlay_mapped=1
2026-08-14 22:44:30,831 tracking: rect=(28, 30, 1452, 1144) overlay_mapped=1
2026-08-14 22:44:30,941 tracking: rect=(28, 30, 1452, 1144) overlay_mapped=1
2026-08-14 22:44:31,050 tracking: rect=(28, 30, 1452, 1144) overlay_mapped=1
2026-08-14 22:44:31,158 tracking: rect=(28, 30, 1452, 1144) overlay_mapped=1
2026-08-14 22:44:31,268 tracking: rect=(28, 30, 1452, 1144) overlay_mapped=1
2026-08-14 22:44:31,374 tracking: rect=(28, 30, 1452, 1144) overlay_mapped=1
2026-08-14 22:44:31,484 tracking: rect=(28, 30, 1452, 1144) overlay_mapped=1
2026-08-14 22:44:31,594 tracking: rect=(28, 30, 1452, 1144) overlay_mapped=1
2026-08-14 22:44:31,703 tracking: rect=(28, 30, 1452, 1144) overlay_mapped=1
2026-08-14 22:44:31,811 tracking: rect=(28, 30, 1452, 1144) overlay_mapped=1
2026-08-14 22:44:31,919 tracking: rect=(28, 30, 1452, 1144) overlay_mapped=1
2026-08-14 22:44:32,029 tracking: rect=(28, 30, 1452, 1144) overlay_mapped=1
2026-08-14 22:48:04,111 left click mode=idle at (1931,155)
2026-08-14 22:48:10,540 left click mode=idle at (2055,340)
2026-08-14 22:48:11,503 left click mode=idle at (2395,111)
2026-08-14 22:48:12,400 left click mode=select_window at (880,39)
2026-08-14 22:48:12,400 select hit: hwnd=1114858 own=False
2026-08-14 22:48:12,400 select_game_window hwnd=1114858 own_root=5898742 own_overlay=1639868
2026-08-14 22:48:12,400 tracking: rect=(10, 10, 1434, 1124) overlay_visible=False
2026-08-14 22:48:12,408 after select: mode=idle game_hwnd=1114858
2026-08-14 22:48:12,442 tracking: rect=(10, 10, 1434, 1124) overlay_visible=True
2026-08-14 22:48:12,552 tracking: rect=(10, 10, 1434, 1124) overlay_visible=True
2026-08-14 22:48:12,661 tracking: rect=(10, 10, 1434, 1124) overlay_visible=True
2026-08-14 22:48:12,769 tracking: rect=(10, 10, 1434, 1124) overlay_visible=True
2026-08-14 22:48:12,877 tracking: rect=(10, 10, 1434, 1124) overlay_visible=True
2026-08-14 22:48:12,987 tracking: rect=(10, 10, 1434, 1124) overlay_visible=True
2026-08-14 22:48:13,096 tracking: rect=(10, 10, 1434, 1124) overlay_visible=True
2026-08-14 22:48:13,203 tracking: rect=(10, 10, 1434, 1124) overlay_visible=True
2026-08-14 22:48:13,311 tracking: rect=(10, 10, 1434, 1124) overlay_visible=True
2026-08-14 22:48:13,419 tracking: rect=(10, 10, 1434, 1124) overlay_visible=True
2026-08-14 22:48:13,527 tracking: rect=(10, 10, 1434, 1124) overlay_visible=True
2026-08-14 22:48:13,634 tracking: rect=(10, 10, 1434, 1124) overlay_visible=True
2026-08-14 22:48:13,744 tracking: rect=(10, 10, 1434, 1124) overlay_visible=True
2026-08-14 22:48:13,851 tracking: rect=(10, 10, 1434, 1124) overlay_visible=True
2026-08-14 22:48:13,962 tracking: rect=(10, 10, 1434, 1124) overlay_visible=True
2026-08-14 22:48:14,071 tracking: rect=(10, 10, 1434, 1124) overlay_visible=True
2026-08-14 22:48:14,179 tracking: rect=(10, 10, 1434, 1124) overlay_visible=True
2026-08-14 22:48:14,288 tracking: rect=(10, 10, 1434, 1124) overlay_visible=True
2026-08-14 22:48:14,397 tracking: rect=(10, 10, 1434, 1124) overlay_visible=True
2026-08-14 22:48:14,505 tracking: rect=(10, 10, 1434, 1124) overlay_visible=True
2026-08-14 22:48:14,614 tracking: rect=(10, 10, 1434, 1124) overlay_visible=True
2026-08-14 22:48:14,722 tracking: rect=(10, 10, 1434, 1124) overlay_visible=True
2026-08-14 22:48:14,830 tracking: rect=(10, 10, 1434, 1124) overlay_visible=True
2026-08-14 22:48:14,939 tracking: rect=(10, 10, 1434, 1124) overlay_visible=True
2026-08-14 22:48:15,047 tracking: rect=(10, 10, 1434, 1124) overlay_visible=True
2026-08-14 22:48:15,156 tracking: rect=(10, 10, 1434, 1124) overlay_visible=True
2026-08-14 22:48:15,265 tracking: rect=(10, 10, 1434, 1124) overlay_visible=True
2026-08-14 22:48:15,374 tracking: rect=(10, 10, 1434, 1124) overlay_visible=True
2026-08-14 22:48:15,482 tracking: rect=(10, 10, 1434, 1124) overlay_visible=True
2026-08-14 22:48:15,591 tracking: rect=(10, 10, 1434, 1124) overlay_visible=True
2026-08-14 22:48:15,699 tracking: rect=(10, 10, 1434, 1124) overlay_visible=True
2026-08-14 22:48:15,807 tracking: rect=(10, 10, 1434, 1124) overlay_visible=True
2026-08-14 22:48:15,919 tracking: rect=(10, 10, 1434, 1124) overlay_visible=True
2026-08-14 22:48:16,028 tracking: rect=(10, 10, 1434, 1124) overlay_visible=True
2026-08-14 22:48:16,136 tracking: rect=(10, 10, 1434, 1124) overlay_visible=True
2026-08-14 22:48:16,245 tracking: rect=(10, 10, 1434, 1124) overlay_visible=True
2026-08-14 22:48:16,354 tracking: rect=(10, 10, 1434, 1124) overlay_visible=True
2026-08-14 22:48:16,464 tracking: rect=(10, 10, 1434, 1124) overlay_visible=True
2026-08-14 22:48:16,574 tracking: rect=(10, 10, 1434, 1124) overlay_visible=True
2026-08-14 22:48:16,698 tracking: rect=(10, 10, 1434, 1124) overlay_visible=True
2026-08-14 22:48:16,808 tracking: rect=(10, 10, 1434, 1124) overlay_visible=True
2026-08-14 22:48:16,916 tracking: rect=(10, 10, 1434, 1124) overlay_visible=True
2026-08-14 22:48:17,024 tracking: rect=(10, 10, 1434, 1124) overlay_visible=True
2026-08-14 22:48:17,135 tracking: rect=(10, 10, 1434, 1124) overlay_visible=True
2026-08-14 22:48:17,245 tracking: rect=(10, 10, 1434, 1124) overlay_visible=True
2026-08-14 22:48:17,354 tracking: rect=(10, 10, 1434, 1124) overlay_visible=True
2026-08-14 22:48:17,463 tracking: rect=(10, 10, 1434, 1124) overlay_visible=True
2026-08-14 22:48:17,572 tracking: rect=(10, 10, 1434, 1124) overlay_visible=True
2026-08-14 22:48:17,681 tracking: rect=(10, 10, 1434, 1124) overlay_visible=True
2026-08-14 22:48:17,789 tracking: rect=(10, 10, 1434, 1124) overlay_visible=True
2026-08-14 22:48:17,899 tracking: rect=(10, 10, 1434, 1124) overlay_visible=True
2026-08-14 22:48:18,008 tracking: rect=(10, 10, 1434, 1124) overlay_visible=True
2026-08-14 22:48:18,116 tracking: rect=(10, 10, 1434, 1124) overlay_visible=True
2026-08-14 22:48:18,225 tracking: rect=(10, 10, 1434, 1124) overlay_visible=True
2026-08-14 22:48:18,334 tracking: rect=(10, 10, 1434, 1124) overlay_visible=True
2026-08-14 22:48:18,443 tracking: rect=(10, 10, 1434, 1124) overlay_visible=True
2026-08-14 22:48:18,552 tracking: rect=(10, 10, 1434, 1124) overlay_visible=True
2026-08-14 22:48:18,663 tracking: rect=(10, 10, 1434, 1124) overlay_visible=True
2026-08-14 22:48:18,772 tracking: rect=(10, 10, 1434, 1124) overlay_visible=True
2026-08-14 22:48:18,883 tracking: rect=(10, 10, 1434, 1124) overlay_visible=True
2026-08-14 22:48:18,992 tracking: rect=(10, 10, 1434, 1124) overlay_visible=True
2026-08-14 22:48:19,102 tracking: rect=(10, 10, 1434, 1124) overlay_visible=True
2026-08-14 22:48:19,210 tracking: rect=(10, 10, 1434, 1124) overlay_visible=True
2026-08-14 22:48:19,321 tracking: rect=(10, 10, 1434, 1124) overlay_visible=True
2026-08-14 22:48:19,431 tracking: rect=(10, 10, 1434, 1124) overlay_visible=True
2026-08-14 22:48:19,538 tracking: rect=(10, 10, 1434, 1124) overlay_visible=True
2026-08-14 22:48:19,539 left click mode=idle at (1653,1193)
2026-08-14 22:48:19,646 tracking: rect=(10, 10, 1434, 1124) overlay_visible=True
2026-08-14 22:48:19,754 tracking: rect=(10, 10, 1434, 1124) overlay_visible=True
2026-08-14 22:48:19,862 tracking: rect=(10, 10, 1434, 1124) overlay_visible=True
2026-08-14 22:48:19,971 tracking: rect=(10, 10, 1434, 1124) overlay_visible=True
2026-08-14 22:48:20,079 tracking: rect=(10, 10, 1434, 1124) overlay_visible=True
2026-08-14 22:48:20,189 tracking: rect=(10, 10, 1434, 1124) overlay_visible=True
2026-08-14 22:48:20,297 tracking: rect=(10, 10, 1434, 1124) overlay_visible=True
2026-08-14 22:48:20,406 tracking: rect=(10, 10, 1434, 1124) overlay_visible=True
2026-08-14 22:48:20,515 tracking: rect=(10, 10, 1434, 1124) overlay_visible=True
2026-08-14 22:48:20,625 tracking: rect=(10, 10, 1434, 1124) overlay_visible=True
2026-08-14 22:48:20,733 tracking: rect=(10, 10, 1434, 1124) overlay_visible=True
2026-08-14 22:48:20,842 tracking: rect=(10, 10, 1434, 1124) overlay_visible=True
2026-08-14 22:48:20,951 tracking: rect=(10, 10, 1434, 1124) overlay_visible=True
2026-08-14 22:48:21,060 tracking: rect=(10, 10, 1434, 1124) overlay_visible=True
2026-08-14 22:48:21,169 tracking: rect=(10, 10, 1434, 1124) overlay_visible=True
2026-08-14 22:48:21,278 tracking: rect=(10, 10, 1434, 1124) overlay_visible=True
2026-08-14 22:48:21,386 tracking: rect=(10, 10, 1434, 1124) overlay_visible=True
2026-08-14 22:48:21,495 tracking: rect=(10, 10, 1434, 1124) overlay_visible=True
2026-08-14 22:48:21,604 tracking: rect=(10, 10, 1434, 1124) overlay_visible=True
2026-08-14 22:48:21,714 tracking: rect=(10, 10, 1434, 1124) overlay_visible=True
2026-08-14 22:48:21,824 tracking: rect=(10, 10, 1434, 1124) overlay_visible=True
2026-08-14 22:48:21,934 tracking: rect=(10, 10, 1434, 1124) overlay_visible=True
2026-08-14 22:48:22,042 tracking: rect=(10, 10, 1434, 1124) overlay_visible=True
2026-08-14 22:48:22,152 tracking: rect=(10, 10, 1434, 1124) overlay_visible=True
2026-08-14 22:48:22,262 tracking: rect=(10, 10, 1434, 1124) overlay_visible=True
2026-08-14 22:48:22,370 tracking: rect=(10, 10, 1434, 1124) overlay_visible=True
2026-08-14 22:48:22,480 tracking: rect=(10, 10, 1434, 1124) overlay_visible=True
2026-08-14 22:48:22,588 tracking: rect=(10, 10, 1434, 1124) overlay_visible=True
2026-08-14 22:48:22,699 tracking: rect=(10, 10, 1434, 1124) overlay_visible=True
2026-08-14 22:48:22,807 tracking: rect=(10, 10, 1434, 1124) overlay_visible=True
2026-08-14 22:48:22,916 tracking: rect=(10, 10, 1434, 1124) overlay_visible=True
2026-08-14 22:48:23,024 tracking: rect=(10, 10, 1434, 1124) overlay_visible=True
2026-08-14 22:48:23,132 tracking: rect=(10, 10, 1434, 1124) overlay_visible=True
2026-08-14 22:48:23,241 tracking: rect=(10, 10, 1434, 1124) overlay_visible=True
2026-08-14 22:48:23,349 tracking: rect=(10, 10, 1434, 1124) overlay_visible=True
2026-08-14 22:48:23,457 tracking: rect=(10, 10, 1434, 1124) overlay_visible=True
2026-08-14 22:48:23,566 tracking: rect=(10, 10, 1434, 1124) overlay_visible=True
2026-08-14 22:48:23,674 tracking: rect=(10, 10, 1434, 1124) overlay_visible=True
2026-08-14 22:48:23,783 tracking: rect=(10, 10, 1434, 1124) overlay_visible=True
2026-08-14 22:48:23,892 tracking: rect=(10, 10, 1434, 1124) overlay_visible=True
2026-08-14 22:48:24,001 tracking: rect=(10, 10, 1434, 1124) overlay_visible=True
2026-08-14 22:48:24,112 tracking: rect=(10, 10, 1434, 1124) overlay_visible=True
2026-08-14 22:48:24,219 tracking: rect=(10, 10, 1434, 1124) overlay_visible=True
2026-08-14 22:48:24,329 tracking: rect=(10, 10, 1434, 1124) overlay_visible=True
2026-08-14 22:48:24,437 tracking: rect=(10, 10, 1434, 1124) overlay_visible=True
2026-08-14 22:48:24,545 tracking: rect=(10, 10, 1434, 1124) overlay_visible=True
2026-08-14 22:48:24,654 tracking: rect=(10, 10, 1434, 1124) overlay_visible=True
2026-08-14 22:48:24,761 tracking: rect=(10, 10, 1434, 1124) overlay_visible=True
2026-08-14 22:48:24,871 tracking: rect=(10, 10, 1434, 1124) overlay_visible=True
2026-08-14 22:48:24,980 tracking: rect=(10, 10, 1434, 1124) overlay_visible=True
2026-08-14 22:48:25,089 tracking: rect=(10, 10, 1434, 1124) overlay_visible=True
2026-08-14 22:48:25,198 tracking: rect=(10, 10, 1434, 1124) overlay_visible=True
2026-08-14 22:48:25,307 tracking: rect=(10, 10, 1434, 1124) overlay_visible=True
2026-08-14 22:48:25,416 tracking: rect=(10, 10, 1434, 1124) overlay_visible=True
2026-08-14 22:48:25,527 tracking: rect=(10, 10, 1434, 1124) overlay_visible=True
2026-08-14 22:48:25,636 tracking: rect=(10, 10, 1434, 1124) overlay_visible=True
2026-08-14 22:48:25,745 tracking: rect=(10, 10, 1434, 1124) overlay_visible=True
2026-08-14 22:48:25,854 tracking: rect=(10, 10, 1434, 1124) overlay_visible=True
2026-08-14 22:48:25,963 tracking: rect=(10, 10, 1434, 1124) overlay_visible=True
2026-08-14 22:48:26,072 tracking: rect=(10, 10, 1434, 1124) overlay_visible=True
2026-08-14 22:48:26,182 tracking: rect=(10, 10, 1434, 1124) overlay_visible=True
2026-08-14 22:48:26,290 tracking: rect=(10, 10, 1434, 1124) overlay_visible=True
2026-08-14 22:48:26,399 tracking: rect=(10, 10, 1434, 1124) overlay_visible=True
2026-08-14 22:48:26,509 tracking: rect=(10, 10, 1434, 1124) overlay_visible=True
2026-08-14 22:48:26,617 tracking: rect=(10, 10, 1434, 1124) overlay_visible=True
2026-08-14 22:48:26,727 tracking: rect=(10, 10, 1434, 1124) overlay_visible=True
2026-08-14 22:48:26,836 tracking: rect=(10, 10, 1434, 1124) overlay_visible=True
2026-08-14 22:48:26,945 tracking: rect=(10, 10, 1434, 1124) overlay_visible=True
2026-08-14 22:48:27,054 tracking: rect=(10, 10, 1434, 1124) overlay_visible=True
2026-08-14 22:48:27,162 tracking: rect=(10, 10, 1434, 1124) overlay_visible=True
2026-08-14 22:48:27,271 tracking: rect=(10, 10, 1434, 1124) overlay_visible=True
2026-08-14 22:48:27,380 tracking: rect=(10, 10, 1434, 1124) overlay_visible=True
2026-08-14 22:48:27,490 tracking: rect=(10, 10, 1434, 1124) overlay_visible=True
2026-08-14 22:48:27,601 tracking: rect=(10, 10, 1434, 1124) overlay_visible=True
2026-08-14 22:48:27,711 tracking: rect=(10, 10, 1434, 1124) overlay_visible=True
2026-08-14 22:48:27,820 tracking: rect=(10, 10, 1434, 1124) overlay_visible=True
2026-08-14 22:48:27,928 tracking: rect=(10, 10, 1434, 1124) overlay_visible=True
2026-08-14 22:48:28,039 tracking: rect=(10, 10, 1434, 1124) overlay_visible=True
2026-08-14 22:48:28,148 tracking: rect=(10, 10, 1434, 1124) overlay_visible=True
2026-08-14 22:48:28,257 tracking: rect=(10, 10, 1434, 1124) overlay_visible=True
2026-08-14 22:48:28,365 tracking: rect=(10, 10, 1434, 1124) overlay_visible=True
2026-08-14 22:48:28,474 tracking: rect=(10, 10, 1434, 1124) overlay_visible=True
2026-08-14 22:48:28,583 tracking: rect=(10, 10, 1434, 1124) overlay_visible=True
2026-08-14 22:48:28,692 tracking: rect=(10, 10, 1434, 1124) overlay_visible=True
2026-08-14 22:48:28,801 tracking: rect=(10, 10, 1434, 1124) overlay_visible=True
2026-08-14 22:48:28,910 tracking: rect=(10, 10, 1434, 1124) overlay_visible=True
2026-08-14 22:48:29,020 tracking: rect=(10, 10, 1434, 1124) overlay_visible=True
2026-08-14 22:48:29,129 tracking: rect=(10, 10, 1434, 1124) overlay_visible=True
2026-08-14 22:48:29,239 tracking: rect=(10, 10, 1434, 1124) overlay_visible=True
2026-08-14 22:48:29,349 tracking: rect=(10, 10, 1434, 1124) overlay_visible=True
2026-08-14 22:48:29,457 tracking: rect=(10, 10, 1434, 1124) overlay_visible=True
2026-08-14 22:48:29,566 tracking: rect=(10, 10, 1434, 1124) overlay_visible=True
2026-08-14 22:48:29,675 tracking: rect=(10, 10, 1434, 1124) overlay_visible=True
2026-08-14 22:48:29,784 tracking: rect=(10, 10, 1434, 1124) overlay_visible=True
2026-08-14 22:48:29,892 tracking: rect=(10, 10, 1434, 1124) overlay_visible=True
2026-08-14 22:48:30,001 tracking: rect=(10, 10, 1434, 1124) overlay_visible=True
2026-08-14 22:48:30,109 tracking: rect=(10, 10, 1434, 1124) overlay_visible=True
2026-08-14 22:48:30,218 tracking: rect=(10, 10, 1434, 1124) overlay_visible=True
2026-08-14 22:48:30,326 tracking: rect=(10, 10, 1434, 1124) overlay_visible=True
2026-08-14 22:48:30,435 tracking: rect=(10, 10, 1434, 1124) overlay_visible=True
2026-08-14 22:48:30,545 tracking: rect=(10, 10, 1434, 1124) overlay_visible=True
2026-08-14 22:48:30,654 tracking: rect=(10, 10, 1434, 1124) overlay_visible=True
2026-08-14 22:48:30,764 tracking: rect=(10, 10, 1434, 1124) overlay_visible=True
2026-08-14 22:48:30,871 tracking: rect=(10, 10, 1434, 1124) overlay_visible=True
2026-08-14 22:48:30,981 tracking: rect=(10, 10, 1434, 1124) overlay_visible=True
2026-08-14 22:48:31,092 tracking: rect=(10, 10, 1434, 1124) overlay_visible=True
2026-08-14 22:48:31,201 tracking: rect=(10, 10, 1434, 1124) overlay_visible=True
2026-08-14 22:48:31,312 tracking: rect=(10, 10, 1434, 1124) overlay_visible=True
2026-08-14 22:48:31,420 tracking: rect=(10, 10, 1434, 1124) overlay_visible=True
2026-08-14 22:48:31,532 tracking: rect=(10, 10, 1434, 1124) overlay_visible=True
2026-08-14 22:48:31,642 tracking: rect=(10, 10, 1434, 1124) overlay_visible=True
2026-08-14 22:48:31,751 tracking: rect=(10, 10, 1434, 1124) overlay_visible=True
2026-08-14 22:48:31,859 tracking: rect=(10, 10, 1434, 1124) overlay_visible=True
2026-08-14 22:48:31,969 tracking: rect=(10, 10, 1434, 1124) overlay_visible=True
2026-08-14 22:48:32,077 tracking: rect=(10, 10, 1434, 1124) overlay_visible=True
2026-08-14 22:48:32,187 tracking: rect=(10, 10, 1434, 1124) overlay_visible=True
2026-08-14 22:48:32,297 tracking: rect=(10, 10, 1434, 1124) overlay_visible=True
2026-08-14 22:48:32,405 tracking: rect=(10, 10, 1434, 1124) overlay_visible=True
2026-08-14 22:48:32,515 tracking: rect=(10, 10, 1434, 1124) overlay_visible=True
2026-08-14 22:48:32,625 tracking: rect=(10, 10, 1434, 1124) overlay_visible=True
2026-08-14 22:48:32,734 tracking: rect=(10, 10, 1434, 1124) overlay_visible=True
2026-08-14 22:48:32,842 tracking: rect=(10, 10, 1434, 1124) overlay_visible=True
2026-08-14 22:48:32,952 tracking: rect=(10, 10, 1434, 1124) overlay_visible=True
2026-08-14 22:48:33,061 tracking: rect=(10, 10, 1434, 1124) overlay_visible=True
2026-08-14 22:48:33,169 tracking: rect=(10, 10, 1434, 1124) overlay_visible=True
2026-08-14 22:48:33,278 tracking: rect=(10, 10, 1434, 1124) overlay_visible=True
2026-08-14 22:48:33,388 tracking: rect=(10, 10, 1434, 1124) overlay_visible=True
2026-08-14 22:48:33,497 tracking: rect=(10, 10, 1434, 1124) overlay_visible=True
2026-08-14 22:48:33,606 tracking: rect=(10, 10, 1434, 1124) overlay_visible=True
2026-08-14 22:48:33,715 tracking: rect=(10, 10, 1434, 1124) overlay_visible=True
2026-08-14 22:48:33,825 tracking: rect=(10, 10, 1434, 1124) overlay_visible=True
2026-08-14 22:48:33,933 tracking: rect=(10, 10, 1434, 1124) overlay_visible=True
2026-08-14 22:48:34,042 tracking: rect=(10, 10, 1434, 1124) overlay_visible=True
2026-08-14 22:48:34,151 tracking: rect=(10, 10, 1434, 1124) overlay_visible=True
2026-08-14 22:48:34,260 tracking: rect=(10, 10, 1434, 1124) overlay_visible=True
2026-08-14 22:48:34,368 tracking: rect=(10, 10, 1434, 1124) overlay_visible=True
2026-08-14 22:48:34,477 tracking: rect=(10, 10, 1434, 1124) overlay_visible=True
2026-08-14 22:48:34,586 tracking: rect=(10, 10, 1434, 1124) overlay_visible=True
2026-08-14 22:48:34,696 tracking: rect=(10, 10, 1434, 1124) overlay_visible=True
2026-08-14 22:48:34,805 tracking: rect=(10, 10, 1434, 1124) overlay_visible=True
2026-08-14 22:48:34,914 tracking: rect=(10, 10, 1434, 1124) overlay_visible=True
2026-08-14 22:48:35,023 tracking: rect=(10, 10, 1434, 1124) overlay_visible=True
2026-08-14 22:48:35,133 tracking: rect=(10, 10, 1434, 1124) overlay_visible=True
2026-08-14 22:48:35,241 tracking: rect=(10, 10, 1434, 1124) overlay_visible=True
2026-08-14 22:48:35,351 tracking: rect=(10, 10, 1434, 1124) overlay_visible=True
2026-08-14 22:48:35,460 tracking: rect=(10, 10, 1434, 1124) overlay_visible=True
2026-08-14 22:48:35,570 tracking: rect=(10, 10, 1434, 1124) overlay_visible=True
2026-08-14 22:48:35,679 tracking: rect=(10, 10, 1434, 1124) overlay_visible=True
2026-08-14 22:48:35,787 tracking: rect=(10, 10, 1434, 1124) overlay_visible=True
2026-08-14 22:48:35,896 tracking: rect=(10, 10, 1434, 1124) overlay_visible=True
2026-08-14 22:48:36,004 tracking: rect=(10, 10, 1434, 1124) overlay_visible=True
2026-08-14 22:48:36,114 tracking: rect=(10, 10, 1434, 1124) overlay_visible=True
2026-08-14 22:48:36,223 tracking: rect=(10, 10, 1434, 1124) overlay_visible=True
2026-08-14 22:48:36,334 tracking: rect=(10, 10, 1434, 1124) overlay_visible=True
2026-08-14 22:48:36,442 tracking: rect=(10, 10, 1434, 1124) overlay_visible=True
2026-08-14 22:48:36,550 tracking: rect=(10, 10, 1434, 1124) overlay_visible=True
2026-08-14 22:48:36,658 tracking: rect=(10, 10, 1434, 1124) overlay_visible=True
2026-08-14 22:48:36,765 tracking: rect=(10, 10, 1434, 1124) overlay_visible=True
2026-08-14 22:48:36,876 tracking: rect=(10, 10, 1434, 1124) overlay_visible=True
2026-08-14 22:48:36,986 tracking: rect=(10, 10, 1434, 1124) overlay_visible=True
2026-08-14 22:48:37,095 tracking: rect=(10, 10, 1434, 1124) overlay_visible=True
2026-08-14 22:48:37,206 tracking: rect=(10, 10, 1434, 1124) overlay_visible=True
2026-08-14 22:48:37,316 tracking: rect=(10, 10, 1434, 1124) overlay_visible=True
2026-08-14 22:48:37,424 tracking: rect=(10, 10, 1434, 1124) overlay_visible=True
2026-08-14 22:48:37,534 tracking: rect=(10, 10, 1434, 1124) overlay_visible=True
2026-08-14 22:48:37,644 tracking: rect=(10, 10, 1434, 1124) overlay_visible=True
2026-08-14 22:48:37,753 tracking: rect=(10, 10, 1434, 1124) overlay_visible=True
2026-08-14 22:48:37,864 tracking: rect=(10, 10, 1434, 1124) overlay_visible=True
2026-08-14 22:48:37,972 tracking: rect=(10, 10, 1434, 1124) overlay_visible=True
2026-08-14 22:48:38,082 tracking: rect=(10, 10, 1434, 1124) overlay_visible=True
2026-08-14 22:48:38,191 tracking: rect=(10, 10, 1434, 1124) overlay_visible=True
2026-08-14 22:48:38,299 tracking: rect=(10, 10, 1434, 1124) overlay_visible=True
2026-08-14 22:48:38,409 tracking: rect=(10, 10, 1434, 1124) overlay_visible=True
2026-08-14 22:48:38,517 tracking: rect=(10, 10, 1434, 1124) overlay_visible=True
2026-08-14 22:48:38,627 tracking: rect=(10, 10, 1434, 1124) overlay_visible=True
2026-08-14 22:48:38,737 tracking: rect=(10, 10, 1434, 1124) overlay_visible=True
2026-08-14 22:48:38,846 tracking: rect=(10, 10, 1434, 1124) overlay_visible=True
2026-08-14 22:48:38,953 tracking: rect=(10, 10, 1434, 1124) overlay_visible=True
2026-08-14 22:48:39,062 tracking: rect=(10, 10, 1434, 1124) overlay_visible=True
2026-08-14 22:48:39,171 tracking: rect=(10, 10, 1434, 1124) overlay_visible=True
2026-08-14 22:48:39,279 tracking: rect=(10, 10, 1434, 1124) overlay_visible=True
2026-08-14 22:48:39,389 tracking: rect=(10, 10, 1434, 1124) overlay_visible=True
2026-08-14 22:48:39,452 left click mode=idle at (1027,566)
2026-08-14 22:48:39,498 tracking: rect=(10, 10, 1434, 1124) overlay_visible=True
2026-08-14 22:48:39,608 tracking: rect=(10, 10, 1434, 1124) overlay_visible=True
2026-08-14 22:48:39,717 tracking: rect=(10, 10, 1434, 1124) overlay_visible=True
2026-08-14 22:48:39,826 tracking: rect=(10, 10, 1434, 1124) overlay_visible=True
2026-08-14 22:48:39,936 tracking: rect=(10, 10, 1434, 1124) overlay_visible=True
2026-08-14 22:48:40,045 tracking: rect=(10, 10, 1434, 1124) overlay_visible=True
2026-08-14 22:48:40,154 tracking: rect=(10, 10, 1434, 1124) overlay_visible=True
2026-08-14 22:48:40,262 tracking: rect=(10, 10, 1434, 1124) overlay_visible=True
2026-08-14 22:48:40,372 tracking: rect=(10, 10, 1434, 1124) overlay_visible=True
2026-08-14 22:48:40,481 tracking: rect=(10, 10, 1434, 1124) overlay_visible=True
2026-08-14 22:48:40,590 tracking: rect=(10, 10, 1434, 1124) overlay_visible=True
2026-08-14 22:48:40,701 tracking: rect=(10, 10, 1434, 1124) overlay_visible=True
2026-08-14 22:48:40,809 tracking: rect=(10, 10, 1434, 1124) overlay_visible=True
2026-08-14 22:48:40,917 tracking: rect=(10, 10, 1434, 1124) overlay_visible=True
2026-08-14 22:48:41,027 tracking: rect=(10, 10, 1434, 1124) overlay_visible=True
2026-08-14 22:48:41,136 tracking: rect=(10, 10, 1434, 1124) overlay_visible=True
2026-08-14 22:48:41,245 tracking: rect=(10, 10, 1434, 1124) overlay_visible=True
2026-08-14 22:48:41,354 tracking: rect=(10, 10, 1434, 1124) overlay_visible=True
2026-08-14 22:48:41,462 tracking: rect=(10, 10, 1434, 1124) overlay_visible=True
2026-08-14 22:48:41,540 left click mode=idle at (1004,46)
2026-08-14 22:48:41,572 tracking: rect=(10, 10, 1434, 1124) overlay_visible=True
2026-08-14 22:48:41,681 tracking: rect=(42, 63, 1466, 1177) overlay_visible=True
2026-08-14 22:48:41,790 tracking: rect=(46, 74, 1470, 1188) overlay_visible=True
2026-08-14 22:48:41,900 tracking: rect=(46, 75, 1470, 1189) overlay_visible=True
2026-08-14 22:48:42,007 tracking: rect=(46, 75, 1470, 1189) overlay_visible=True
2026-08-14 22:48:42,117 tracking: rect=(46, 75, 1470, 1189) overlay_visible=True
2026-08-14 22:48:42,132 left click mode=idle at (1037,112)
2026-08-14 22:48:42,224 tracking: rect=(13, 64, 1437, 1178) overlay_visible=True
2026-08-14 22:48:42,332 tracking: rect=(-28, 30, 1396, 1144) overlay_visible=True
2026-08-14 22:48:42,443 tracking: rect=(-26, 30, 1398, 1144) overlay_visible=True
2026-08-14 22:48:42,552 tracking: rect=(-8, 30, 1416, 1144) overlay_visible=True
2026-08-14 22:48:42,661 tracking: rect=(2, 26, 1426, 1140) overlay_visible=True
2026-08-14 22:48:42,770 tracking: rect=(8, 22, 1432, 1136) overlay_visible=True
2026-08-14 22:48:42,879 tracking: rect=(9, 20, 1433, 1134) overlay_visible=True
2026-08-14 22:48:42,988 tracking: rect=(9, 20, 1433, 1134) overlay_visible=True
2026-08-14 22:48:43,096 tracking: rect=(9, 20, 1433, 1134) overlay_visible=True
2026-08-14 22:48:43,205 tracking: rect=(9, 20, 1433, 1134) overlay_visible=True
2026-08-14 22:48:43,315 tracking: rect=(9, 20, 1433, 1134) overlay_visible=True
2026-08-14 22:48:43,425 tracking: rect=(9, 20, 1433, 1134) overlay_visible=True
2026-08-14 22:48:43,533 tracking: rect=(9, 20, 1433, 1134) overlay_visible=True
2026-08-14 22:48:43,641 tracking: rect=(9, 20, 1433, 1134) overlay_visible=True
2026-08-14 22:48:43,750 tracking: rect=(9, 20, 1433, 1134) overlay_visible=True
2026-08-14 22:48:43,859 tracking: rect=(9, 20, 1433, 1134) overlay_visible=True
2026-08-14 22:48:43,968 tracking: rect=(9, 20, 1433, 1134) overlay_visible=True
2026-08-14 22:48:44,076 tracking: rect=(9, 20, 1433, 1134) overlay_visible=True
2026-08-14 22:48:44,186 tracking: rect=(9, 20, 1433, 1134) overlay_visible=True
2026-08-14 22:48:44,294 tracking: rect=(9, 20, 1433, 1134) overlay_visible=True
2026-08-14 22:48:44,402 tracking: rect=(9, 20, 1433, 1134) overlay_visible=True
2026-08-14 22:48:44,511 tracking: rect=(9, 20, 1433, 1134) overlay_visible=True
2026-08-14 22:48:44,620 tracking: rect=(9, 20, 1433, 1134) overlay_visible=True
2026-08-14 22:48:44,729 tracking: rect=(9, 20, 1433, 1134) overlay_visible=True
2026-08-14 22:48:44,839 tracking: rect=(9, 20, 1433, 1134) overlay_visible=True
2026-08-14 22:48:44,949 tracking: rect=(9, 20, 1433, 1134) overlay_visible=True
2026-08-14 22:48:45,056 tracking: rect=(9, 20, 1433, 1134) overlay_visible=True
2026-08-14 22:48:45,164 tracking: rect=(9, 20, 1433, 1134) overlay_visible=True
2026-08-14 22:48:45,272 tracking: rect=(9, 20, 1433, 1134) overlay_visible=True
2026-08-14 22:48:45,381 tracking: rect=(9, 20, 1433, 1134) overlay_visible=True
2026-08-14 22:48:45,490 tracking: rect=(9, 20, 1433, 1134) overlay_visible=True
2026-08-14 22:48:45,600 tracking: rect=(9, 20, 1433, 1134) overlay_visible=True
2026-08-14 22:48:45,709 tracking: rect=(9, 20, 1433, 1134) overlay_visible=True
2026-08-14 22:48:45,817 tracking: rect=(9, 20, 1433, 1134) overlay_visible=True
2026-08-14 22:48:45,925 tracking: rect=(9, 20, 1433, 1134) overlay_visible=True
2026-08-14 22:48:46,034 tracking: rect=(9, 20, 1433, 1134) overlay_visible=True
2026-08-14 22:48:46,143 tracking: rect=(9, 20, 1433, 1134) overlay_visible=True
2026-08-14 22:48:46,251 tracking: rect=(9, 20, 1433, 1134) overlay_visible=True
2026-08-14 22:48:46,360 tracking: rect=(9, 20, 1433, 1134) overlay_visible=True
2026-08-14 22:48:46,468 tracking: rect=(9, 20, 1433, 1134) overlay_visible=True
2026-08-14 22:48:46,578 tracking: rect=(9, 20, 1433, 1134) overlay_visible=True
2026-08-14 22:48:46,688 tracking: rect=(9, 20, 1433, 1134) overlay_visible=True
2026-08-14 22:48:46,796 tracking: rect=(9, 20, 1433, 1134) overlay_visible=True
2026-08-14 22:48:46,905 tracking: rect=(9, 20, 1433, 1134) overlay_visible=True
2026-08-14 22:48:47,014 tracking: rect=(9, 20, 1433, 1134) overlay_visible=True
2026-08-14 22:48:47,016 left click mode=idle at (1979,1178)
2026-08-14 22:48:47,124 tracking: rect=(9, 20, 1433, 1134) overlay_visible=True
2026-08-14 22:48:47,232 tracking: rect=(9, 20, 1433, 1134) overlay_visible=True
2026-08-14 22:48:47,341 tracking: rect=(9, 20, 1433, 1134) overlay_visible=True
2026-08-14 22:48:47,451 tracking: rect=(9, 20, 1433, 1134) overlay_visible=True
2026-08-14 22:48:47,561 tracking: rect=(9, 20, 1433, 1134) overlay_visible=True
2026-08-14 22:48:47,670 tracking: rect=(9, 20, 1433, 1134) overlay_visible=True
2026-08-14 22:48:47,778 tracking: rect=(9, 20, 1433, 1134) overlay_visible=True
2026-08-14 22:48:47,886 tracking: rect=(9, 20, 1433, 1134) overlay_visible=True
2026-08-14 22:48:47,994 tracking: rect=(9, 20, 1433, 1134) overlay_visible=True
2026-08-14 22:48:48,104 tracking: rect=(9, 20, 1433, 1134) overlay_visible=True
2026-08-14 22:48:48,214 tracking: rect=(9, 20, 1433, 1134) overlay_visible=True
2026-08-14 22:48:48,324 tracking: rect=(9, 20, 1433, 1134) overlay_visible=True
2026-08-14 22:48:48,433 tracking: rect=(9, 20, 1433, 1134) overlay_visible=True
2026-08-14 22:48:48,541 tracking: rect=(9, 20, 1433, 1134) overlay_visible=True
2026-08-14 22:48:48,650 tracking: rect=(9, 20, 1433, 1134) overlay_visible=True
2026-08-14 22:48:48,759 tracking: rect=(9, 20, 1433, 1134) overlay_visible=True
2026-08-14 22:48:48,869 tracking: rect=(9, 20, 1433, 1134) overlay_visible=True
2026-08-14 22:48:48,978 tracking: rect=(9, 20, 1433, 1134) overlay_visible=True
2026-08-14 22:48:49,087 tracking: rect=(9, 20, 1433, 1134) overlay_visible=True
2026-08-14 22:48:49,196 tracking: rect=(9, 20, 1433, 1134) overlay_visible=True
2026-08-14 22:48:49,304 tracking: rect=(9, 20, 1433, 1134) overlay_visible=True
2026-08-14 22:48:49,414 tracking: rect=(9, 20, 1433, 1134) overlay_visible=True
2026-08-14 22:48:49,525 tracking: rect=(9, 20, 1433, 1134) overlay_visible=True
2026-08-14 22:48:49,632 tracking: rect=(9, 20, 1433, 1134) overlay_visible=True
2026-08-14 22:48:49,741 tracking: rect=(9, 20, 1433, 1134) overlay_visible=True
2026-08-14 22:48:49,851 tracking: rect=(9, 20, 1433, 1134) overlay_visible=True
2026-08-14 22:48:49,959 tracking: rect=(9, 20, 1433, 1134) overlay_visible=True
2026-08-14 22:48:50,067 tracking: rect=(9, 20, 1433, 1134) overlay_visible=True
2026-08-14 22:48:50,177 tracking: rect=(9, 20, 1433, 1134) overlay_visible=True
2026-08-14 22:48:50,286 tracking: rect=(9, 20, 1433, 1134) overlay_visible=True
2026-08-14 22:48:50,397 tracking: rect=(9, 20, 1433, 1134) overlay_visible=True
2026-08-14 22:48:50,505 tracking: rect=(9, 20, 1433, 1134) overlay_visible=True
2026-08-14 22:48:50,615 tracking: rect=(9, 20, 1433, 1134) overlay_visible=True
2026-08-14 22:48:50,724 tracking: rect=(9, 20, 1433, 1134) overlay_visible=True
2026-08-14 22:48:50,832 tracking: rect=(9, 20, 1433, 1134) overlay_visible=True
2026-08-14 22:48:50,940 tracking: rect=(9, 20, 1433, 1134) overlay_visible=True
2026-08-14 22:48:51,049 tracking: rect=(9, 20, 1433, 1134) overlay_visible=True
2026-08-14 22:48:51,157 tracking: rect=(9, 20, 1433, 1134) overlay_visible=True
2026-08-14 22:48:51,267 tracking: rect=(9, 20, 1433, 1134) overlay_visible=True
2026-08-14 22:48:51,376 tracking: rect=(9, 20, 1433, 1134) overlay_visible=True
2026-08-14 22:48:51,485 tracking: rect=(9, 20, 1433, 1134) overlay_visible=True
2026-08-14 22:48:51,594 tracking: rect=(9, 20, 1433, 1134) overlay_visible=True
2026-08-14 22:48:51,703 tracking: rect=(9, 20, 1433, 1134) overlay_visible=True
2026-08-14 22:48:51,811 tracking: rect=(9, 20, 1433, 1134) overlay_visible=True
2026-08-14 22:48:51,921 tracking: rect=(9, 20, 1433, 1134) overlay_visible=True
2026-08-14 22:48:52,028 tracking: rect=(9, 20, 1433, 1134) overlay_visible=True
2026-08-14 22:48:52,136 tracking: rect=(9, 20, 1433, 1134) overlay_visible=True
2026-08-14 22:48:52,245 tracking: rect=(9, 20, 1433, 1134) overlay_visible=True
2026-08-14 22:48:52,353 tracking: rect=(9, 20, 1433, 1134) overlay_visible=True
2026-08-14 22:48:52,462 tracking: rect=(9, 20, 1433, 1134) overlay_visible=True
2026-08-14 22:48:52,571 tracking: rect=(9, 20, 1433, 1134) overlay_visible=True
2026-08-14 22:48:52,680 tracking: rect=(9, 20, 1433, 1134) overlay_visible=True
2026-08-14 22:48:52,788 tracking: rect=(9, 20, 1433, 1134) overlay_visible=True
2026-08-14 22:48:52,897 tracking: rect=(9, 20, 1433, 1134) overlay_visible=True
2026-08-14 22:48:53,005 tracking: rect=(9, 20, 1433, 1134) overlay_visible=True
2026-08-14 22:48:53,112 tracking: rect=(9, 20, 1433, 1134) overlay_visible=True
2026-08-14 22:48:53,221 tracking: rect=(9, 20, 1433, 1134) overlay_visible=True
2026-08-14 22:48:53,331 tracking: rect=(9, 20, 1433, 1134) overlay_visible=True
2026-08-14 22:48:53,440 tracking: rect=(9, 20, 1433, 1134) overlay_visible=True
2026-08-14 22:48:53,548 tracking: rect=(9, 20, 1433, 1134) overlay_visible=True
2026-08-14 22:48:53,658 tracking: rect=(9, 20, 1433, 1134) overlay_visible=True
2026-08-14 22:48:53,766 tracking: rect=(9, 20, 1433, 1134) overlay_visible=True
2026-08-14 22:48:53,876 tracking: rect=(9, 20, 1433, 1134) overlay_visible=True
2026-08-14 22:48:53,986 tracking: rect=(9, 20, 1433, 1134) overlay_visible=True
2026-08-14 22:48:54,093 tracking: rect=(9, 20, 1433, 1134) overlay_visible=True
2026-08-14 22:48:54,202 tracking: rect=(9, 20, 1433, 1134) overlay_visible=True
2026-08-14 22:48:54,309 tracking: rect=(9, 20, 1433, 1134) overlay_visible=True
2026-08-14 22:48:54,418 tracking: rect=(9, 20, 1433, 1134) overlay_visible=True
2026-08-14 22:48:54,527 tracking: rect=(9, 20, 1433, 1134) overlay_visible=True
2026-08-14 22:48:54,637 tracking: rect=(9, 20, 1433, 1134) overlay_visible=True
2026-08-14 22:48:54,745 tracking: rect=(9, 20, 1433, 1134) overlay_visible=True
2026-08-14 22:48:54,870 tracking: rect=(9, 20, 1433, 1134) overlay_visible=True
2026-08-14 22:48:54,979 tracking: rect=(9, 20, 1433, 1134) overlay_visible=True
2026-08-14 22:48:55,088 tracking: rect=(9, 20, 1433, 1134) overlay_visible=True
2026-08-14 22:48:55,195 tracking: rect=(9, 20, 1433, 1134) overlay_visible=True
2026-08-14 22:48:55,304 tracking: rect=(9, 20, 1433, 1134) overlay_visible=True
2026-08-14 22:48:55,414 tracking: rect=(9, 20, 1433, 1134) overlay_visible=True
2026-08-14 22:48:55,523 tracking: rect=(9, 20, 1433, 1134) overlay_visible=True
2026-08-14 22:48:55,632 tracking: rect=(9, 20, 1433, 1134) overlay_visible=True
2026-08-14 22:48:55,740 tracking: rect=(9, 20, 1433, 1134) overlay_visible=True
2026-08-14 22:48:55,849 tracking: rect=(9, 20, 1433, 1134) overlay_visible=True
2026-08-14 22:48:55,960 tracking: rect=(9, 20, 1433, 1134) overlay_visible=True
2026-08-14 22:48:56,068 tracking: rect=(9, 20, 1433, 1134) overlay_visible=True
2026-08-14 22:48:56,176 tracking: rect=(9, 20, 1433, 1134) overlay_visible=True
2026-08-14 22:48:56,287 tracking: rect=(9, 20, 1433, 1134) overlay_visible=True
2026-08-14 22:48:56,395 tracking: rect=(9, 20, 1433, 1134) overlay_visible=True
2026-08-14 22:48:56,505 tracking: rect=(9, 20, 1433, 1134) overlay_visible=True
2026-08-14 22:48:56,614 tracking: rect=(9, 20, 1433, 1134) overlay_visible=True
2026-08-14 22:48:56,724 tracking: rect=(9, 20, 1433, 1134) overlay_visible=True
2026-08-14 22:48:56,832 tracking: rect=(9, 20, 1433, 1134) overlay_visible=True
2026-08-14 22:48:56,941 tracking: rect=(9, 20, 1433, 1134) overlay_visible=True
2026-08-14 22:48:57,049 tracking: rect=(9, 20, 1433, 1134) overlay_visible=True
2026-08-14 22:48:57,158 tracking: rect=(9, 20, 1433, 1134) overlay_visible=True
2026-08-14 22:48:57,266 tracking: rect=(9, 20, 1433, 1134) overlay_visible=True
2026-08-14 22:48:57,375 tracking: rect=(9, 20, 1433, 1134) overlay_visible=True
2026-08-14 22:48:57,485 tracking: rect=(9, 20, 1433, 1134) overlay_visible=True
2026-08-14 22:48:57,593 tracking: rect=(9, 20, 1433, 1134) overlay_visible=True
2026-08-14 22:48:57,703 tracking: rect=(9, 20, 1433, 1134) overlay_visible=True
2026-08-14 22:48:57,812 tracking: rect=(9, 20, 1433, 1134) overlay_visible=True
2026-08-14 22:48:57,922 tracking: rect=(9, 20, 1433, 1134) overlay_visible=True
2026-08-14 22:48:58,032 tracking: rect=(9, 20, 1433, 1134) overlay_visible=True
2026-08-14 22:48:58,140 tracking: rect=(9, 20, 1433, 1134) overlay_visible=True
2026-08-14 22:48:58,249 tracking: rect=(9, 20, 1433, 1134) overlay_visible=True
2026-08-14 22:48:58,359 tracking: rect=(9, 20, 1433, 1134) overlay_visible=True
2026-08-14 22:48:58,468 tracking: rect=(9, 20, 1433, 1134) overlay_visible=True
2026-08-14 22:48:58,576 tracking: rect=(9, 20, 1433, 1134) overlay_visible=True
2026-08-14 22:48:58,687 tracking: rect=(9, 20, 1433, 1134) overlay_visible=True
2026-08-14 22:48:58,796 tracking: rect=(9, 20, 1433, 1134) overlay_visible=True
2026-08-14 22:48:58,905 tracking: rect=(9, 20, 1433, 1134) overlay_visible=True
2026-08-14 22:48:59,014 tracking: rect=(9, 20, 1433, 1134) overlay_visible=True
2026-08-14 22:48:59,124 tracking: rect=(9, 20, 1433, 1134) overlay_visible=True
2026-08-14 22:48:59,233 tracking: rect=(9, 20, 1433, 1134) overlay_visible=True
2026-08-14 22:48:59,341 tracking: rect=(9, 20, 1433, 1134) overlay_visible=True
2026-08-14 22:48:59,449 tracking: rect=(9, 20, 1433, 1134) overlay_visible=True
2026-08-14 22:48:59,558 tracking: rect=(9, 20, 1433, 1134) overlay_visible=True
2026-08-14 22:48:59,667 tracking: rect=(9, 20, 1433, 1134) overlay_visible=True
2026-08-14 22:48:59,776 tracking: rect=(9, 20, 1433, 1134) overlay_visible=True
2026-08-14 22:48:59,885 tracking: rect=(9, 20, 1433, 1134) overlay_visible=True
2026-08-14 22:48:59,994 tracking: rect=(9, 20, 1433, 1134) overlay_visible=True
2026-08-14 22:49:00,103 tracking: rect=(9, 20, 1433, 1134) overlay_visible=True
2026-08-14 22:49:00,213 tracking: rect=(9, 20, 1433, 1134) overlay_visible=True
2026-08-14 22:49:00,322 tracking: rect=(9, 20, 1433, 1134) overlay_visible=True
2026-08-14 22:49:00,430 tracking: rect=(9, 20, 1433, 1134) overlay_visible=True
2026-08-14 22:49:00,539 tracking: rect=(9, 20, 1433, 1134) overlay_visible=True
2026-08-14 22:49:00,647 tracking: rect=(9, 20, 1433, 1134) overlay_visible=True
2026-08-14 22:49:00,756 tracking: rect=(9, 20, 1433, 1134) overlay_visible=True
2026-08-14 22:49:00,865 tracking: rect=(9, 20, 1433, 1134) overlay_visible=True
2026-08-14 22:49:00,974 tracking: rect=(9, 20, 1433, 1134) overlay_visible=True
2026-08-14 22:49:01,083 tracking: rect=(9, 20, 1433, 1134) overlay_visible=True
2026-08-14 22:49:01,194 tracking: rect=(9, 20, 1433, 1134) overlay_visible=True
2026-08-14 22:49:01,302 tracking: rect=(9, 20, 1433, 1134) overlay_visible=True
2026-08-14 22:49:01,411 tracking: rect=(9, 20, 1433, 1134) overlay_visible=True
2026-08-14 22:49:01,519 tracking: rect=(9, 20, 1433, 1134) overlay_visible=True
2026-08-14 22:49:01,628 tracking: rect=(9, 20, 1433, 1134) overlay_visible=True
2026-08-14 22:49:01,737 tracking: rect=(9, 20, 1433, 1134) overlay_visible=True
2026-08-14 22:49:01,846 tracking: rect=(9, 20, 1433, 1134) overlay_visible=True
2026-08-14 22:49:01,956 tracking: rect=(9, 20, 1433, 1134) overlay_visible=True
2026-08-14 22:49:02,065 tracking: rect=(9, 20, 1433, 1134) overlay_visible=True
2026-08-14 22:49:02,173 tracking: rect=(9, 20, 1433, 1134) overlay_visible=True
2026-08-14 22:49:02,282 tracking: rect=(9, 20, 1433, 1134) overlay_visible=True
2026-08-14 22:49:02,390 tracking: rect=(9, 20, 1433, 1134) overlay_visible=True
2026-08-14 22:49:02,499 tracking: rect=(9, 20, 1433, 1134) overlay_visible=True
2026-08-14 22:49:02,608 tracking: rect=(9, 20, 1433, 1134) overlay_visible=True
2026-08-14 22:49:02,719 tracking: rect=(9, 20, 1433, 1134) overlay_visible=True
2026-08-14 22:49:02,828 tracking: rect=(9, 20, 1433, 1134) overlay_visible=True
2026-08-14 22:49:02,936 tracking: rect=(9, 20, 1433, 1134) overlay_visible=True
2026-08-14 22:49:03,045 tracking: rect=(9, 20, 1433, 1134) overlay_visible=True
2026-08-14 22:49:03,154 tracking: rect=(9, 20, 1433, 1134) overlay_visible=True
2026-08-14 22:49:03,264 tracking: rect=(9, 20, 1433, 1134) overlay_visible=True
2026-08-14 22:49:03,372 tracking: rect=(9, 20, 1433, 1134) overlay_visible=True
2026-08-14 22:49:03,482 tracking: rect=(9, 20, 1433, 1134) overlay_visible=True
2026-08-14 22:49:03,589 tracking: rect=(9, 20, 1433, 1134) overlay_visible=True
2026-08-14 22:49:03,699 tracking: rect=(9, 20, 1433, 1134) overlay_visible=True
2026-08-14 22:49:03,808 tracking: rect=(9, 20, 1433, 1134) overlay_visible=True
2026-08-14 22:49:03,917 tracking: rect=(9, 20, 1433, 1134) overlay_visible=True
2026-08-14 22:49:04,025 tracking: rect=(9, 20, 1433, 1134) overlay_visible=True
2026-08-14 22:49:04,134 tracking: rect=(9, 20, 1433, 1134) overlay_visible=True
2026-08-14 22:49:04,241 tracking: rect=(9, 20, 1433, 1134) overlay_visible=True
2026-08-14 22:49:04,349 tracking: rect=(9, 20, 1433, 1134) overlay_visible=True
2026-08-14 22:49:04,460 tracking: rect=(9, 20, 1433, 1134) overlay_visible=True
2026-08-14 22:49:04,570 tracking: rect=(9, 20, 1433, 1134) overlay_visible=True
2026-08-14 22:49:04,679 tracking: rect=(9, 20, 1433, 1134) overlay_visible=True
2026-08-14 22:49:04,789 tracking: rect=(9, 20, 1433, 1134) overlay_visible=True
2026-08-14 22:49:04,897 tracking: rect=(9, 20, 1433, 1134) overlay_visible=True
2026-08-14 22:49:05,006 tracking: rect=(9, 20, 1433, 1134) overlay_visible=True
2026-08-14 22:49:05,113 tracking: rect=(9, 20, 1433, 1134) overlay_visible=True
2026-08-14 22:49:05,221 tracking: rect=(9, 20, 1433, 1134) overlay_visible=True
2026-08-14 22:49:05,328 tracking: rect=(9, 20, 1433, 1134) overlay_visible=True
2026-08-14 22:49:05,436 tracking: rect=(9, 20, 1433, 1134) overlay_visible=True
2026-08-14 22:49:05,545 tracking: rect=(9, 20, 1433, 1134) overlay_visible=True
2026-08-14 22:49:05,653 tracking: rect=(9, 20, 1433, 1134) overlay_visible=True
2026-08-14 22:49:05,776 tracking: rect=(9, 20, 1433, 1134) overlay_visible=True
2026-08-14 22:49:05,886 tracking: rect=(9, 20, 1433, 1134) overlay_visible=True
2026-08-14 22:49:05,995 tracking: rect=(9, 20, 1433, 1134) overlay_visible=True
2026-08-14 22:49:06,104 tracking: rect=(9, 20, 1433, 1134) overlay_visible=True
2026-08-14 22:49:06,214 tracking: rect=(9, 20, 1433, 1134) overlay_visible=True
2026-08-14 22:49:06,323 tracking: rect=(9, 20, 1433, 1134) overlay_visible=True
2026-08-14 22:49:06,432 tracking: rect=(9, 20, 1433, 1134) overlay_visible=True
2026-08-14 22:49:06,541 tracking: rect=(9, 20, 1433, 1134) overlay_visible=True
2026-08-14 22:49:06,650 tracking: rect=(9, 20, 1433, 1134) overlay_visible=True
2026-08-14 22:49:06,759 tracking: rect=(9, 20, 1433, 1134) overlay_visible=True
2026-08-14 22:49:06,866 tracking: rect=(9, 20, 1433, 1134) overlay_visible=True
2026-08-14 22:49:06,975 tracking: rect=(9, 20, 1433, 1134) overlay_visible=True
2026-08-14 22:49:07,083 tracking: rect=(9, 20, 1433, 1134) overlay_visible=True
2026-08-14 22:49:07,194 tracking: rect=(9, 20, 1433, 1134) overlay_visible=True
2026-08-14 22:49:07,302 tracking: rect=(9, 20, 1433, 1134) overlay_visible=True
2026-08-14 22:49:07,410 tracking: rect=(9, 20, 1433, 1134) overlay_visible=True
2026-08-14 22:49:07,518 tracking: rect=(9, 20, 1433, 1134) overlay_visible=True
2026-08-14 22:49:07,625 tracking: rect=(9, 20, 1433, 1134) overlay_visible=True
2026-08-14 22:49:07,733 tracking: rect=(9, 20, 1433, 1134) overlay_visible=True
2026-08-14 22:49:07,840 tracking: rect=(9, 20, 1433, 1134) overlay_visible=True
2026-08-14 22:49:07,949 tracking: rect=(9, 20, 1433, 1134) overlay_visible=True
2026-08-14 22:49:08,057 tracking: rect=(9, 20, 1433, 1134) overlay_visible=True
2026-08-14 22:49:08,166 tracking: rect=(9, 20, 1433, 1134) overlay_visible=True
2026-08-14 22:49:08,274 tracking: rect=(9, 20, 1433, 1134) overlay_visible=True
2026-08-14 22:49:08,382 tracking: rect=(9, 20, 1433, 1134) overlay_visible=True
2026-08-14 22:49:08,490 tracking: rect=(9, 20, 1433, 1134) overlay_visible=True
2026-08-14 22:49:08,600 tracking: rect=(9, 20, 1433, 1134) overlay_visible=True
2026-08-14 22:49:08,709 tracking: rect=(9, 20, 1433, 1134) overlay_visible=True
2026-08-14 22:49:08,816 tracking: rect=(9, 20, 1433, 1134) overlay_visible=True
2026-08-14 22:49:08,924 tracking: rect=(9, 20, 1433, 1134) overlay_visible=True
2026-08-14 22:49:09,032 tracking: rect=(9, 20, 1433, 1134) overlay_visible=True
2026-08-14 22:49:09,140 tracking: rect=(9, 20, 1433, 1134) overlay_visible=True
2026-08-14 22:49:09,247 tracking: rect=(9, 20, 1433, 1134) overlay_visible=True
2026-08-14 22:49:09,356 tracking: rect=(9, 20, 1433, 1134) overlay_visible=True
2026-08-14 22:49:09,464 tracking: rect=(9, 20, 1433, 1134) overlay_visible=True
2026-08-14 22:49:09,573 tracking: rect=(9, 20, 1433, 1134) overlay_visible=True
2026-08-14 22:49:09,680 tracking: rect=(9, 20, 1433, 1134) overlay_visible=True
2026-08-14 22:49:09,788 tracking: rect=(9, 20, 1433, 1134) overlay_visible=True
2026-08-14 22:49:09,896 tracking: rect=(9, 20, 1433, 1134) overlay_visible=True
2026-08-14 22:49:10,005 tracking: rect=(9, 20, 1433, 1134) overlay_visible=True
2026-08-14 22:49:10,113 tracking: rect=(9, 20, 1433, 1134) overlay_visible=True
2026-08-14 22:49:10,222 tracking: rect=(9, 20, 1433, 1134) overlay_visible=True
2026-08-14 22:49:10,330 tracking: rect=(9, 20, 1433, 1134) overlay_visible=True
2026-08-14 22:49:10,438 tracking: rect=(9, 20, 1433, 1134) overlay_visible=True
2026-08-14 22:49:10,547 tracking: rect=(9, 20, 1433, 1134) overlay_visible=True
2026-08-14 22:49:10,655 tracking: rect=(9, 20, 1433, 1134) overlay_visible=True
2026-08-14 22:49:10,766 tracking: rect=(9, 20, 1433, 1134) overlay_visible=True
2026-08-14 22:49:10,875 tracking: rect=(9, 20, 1433, 1134) overlay_visible=True
2026-08-14 22:49:10,984 tracking: rect=(9, 20, 1433, 1134) overlay_visible=True
2026-08-14 22:49:11,094 tracking: rect=(9, 20, 1433, 1134) overlay_visible=True
2026-08-14 22:49:11,218 tracking: rect=(9, 20, 1433, 1134) overlay_visible=True
2026-08-14 22:49:11,326 tracking: rect=(9, 20, 1433, 1134) overlay_visible=True
2026-08-14 22:49:11,436 tracking: rect=(9, 20, 1433, 1134) overlay_visible=True
2026-08-14 22:49:11,545 tracking: rect=(9, 20, 1433, 1134) overlay_visible=True
2026-08-14 22:49:11,654 tracking: rect=(9, 20, 1433, 1134) overlay_visible=True
2026-08-14 22:49:11,762 tracking: rect=(9, 20, 1433, 1134) overlay_visible=True
2026-08-14 22:49:11,872 tracking: rect=(9, 20, 1433, 1134) overlay_visible=True
2026-08-14 22:49:11,979 tracking: rect=(9, 20, 1433, 1134) overlay_visible=True
2026-08-14 22:49:12,090 tracking: rect=(9, 20, 1433, 1134) overlay_visible=True
2026-08-14 22:49:12,197 tracking: rect=(9, 20, 1433, 1134) overlay_visible=True
2026-08-14 22:49:12,305 tracking: rect=(9, 20, 1433, 1134) overlay_visible=True
2026-08-14 22:49:12,413 tracking: rect=(9, 20, 1433, 1134) overlay_visible=True
2026-08-14 22:49:12,520 tracking: rect=(9, 20, 1433, 1134) overlay_visible=True
2026-08-14 22:49:12,629 tracking: rect=(9, 20, 1433, 1134) overlay_visible=True
2026-08-14 22:49:12,737 tracking: rect=(9, 20, 1433, 1134) overlay_visible=True
2026-08-14 22:49:12,846 tracking: rect=(9, 20, 1433, 1134) overlay_visible=True
2026-08-14 22:49:12,954 tracking: rect=(9, 20, 1433, 1134) overlay_visible=True
2026-08-14 22:49:13,062 tracking: rect=(9, 20, 1433, 1134) overlay_visible=True
2026-08-14 22:49:13,171 tracking: rect=(9, 20, 1433, 1134) overlay_visible=True
2026-08-14 22:49:13,279 tracking: rect=(9, 20, 1433, 1134) overlay_visible=True
2026-08-14 22:49:13,386 tracking: rect=(9, 20, 1433, 1134) overlay_visible=True
2026-08-14 22:49:13,494 tracking: rect=(9, 20, 1433, 1134) overlay_visible=True
2026-08-14 22:49:13,602 tracking: rect=(9, 20, 1433, 1134) overlay_visible=True
2026-08-14 22:49:13,710 tracking: rect=(9, 20, 1433, 1134) overlay_visible=True
2026-08-14 22:49:13,818 tracking: rect=(9, 20, 1433, 1134) overlay_visible=True
2026-08-14 22:49:13,943 tracking: rect=(9, 20, 1433, 1134) overlay_visible=True
2026-08-14 22:49:14,051 tracking: rect=(9, 20, 1433, 1134) overlay_visible=True
2026-08-14 22:49:14,161 tracking: rect=(9, 20, 1433, 1134) overlay_visible=True
2026-08-14 22:49:14,269 tracking: rect=(9, 20, 1433, 1134) overlay_visible=True
2026-08-14 22:49:14,377 tracking: rect=(9, 20, 1433, 1134) overlay_visible=True
2026-08-14 22:49:14,486 tracking: rect=(9, 20, 1433, 1134) overlay_visible=True
2026-08-14 22:49:14,595 tracking: rect=(9, 20, 1433, 1134) overlay_visible=True
2026-08-14 22:49:14,702 tracking: rect=(9, 20, 1433, 1134) overlay_visible=True
2026-08-14 22:49:14,812 tracking: rect=(9, 20, 1433, 1134) overlay_visible=True
2026-08-14 22:49:14,921 tracking: rect=(9, 20, 1433, 1134) overlay_visible=True
2026-08-14 22:49:15,029 tracking: rect=(9, 20, 1433, 1134) overlay_visible=True
2026-08-14 22:49:15,138 tracking: rect=(9, 20, 1433, 1134) overlay_visible=True
2026-08-14 22:49:15,248 tracking: rect=(9, 20, 1433, 1134) overlay_visible=True
2026-08-14 22:49:15,358 tracking: rect=(9, 20, 1433, 1134) overlay_visible=True
2026-08-14 22:49:15,466 tracking: rect=(9, 20, 1433, 1134) overlay_visible=True
2026-08-14 22:49:15,575 tracking: rect=(9, 20, 1433, 1134) overlay_visible=True
2026-08-14 22:49:15,685 tracking: rect=(9, 20, 1433, 1134) overlay_visible=True
2026-08-14 22:49:15,793 tracking: rect=(9, 20, 1433, 1134) overlay_visible=True
2026-08-14 22:49:15,902 tracking: rect=(9, 20, 1433, 1134) overlay_visible=True
2026-08-14 22:49:16,009 tracking: rect=(9, 20, 1433, 1134) overlay_visible=True
2026-08-14 22:49:16,118 tracking: rect=(9, 20, 1433, 1134) overlay_visible=True
2026-08-14 22:49:16,226 tracking: rect=(9, 20, 1433, 1134) overlay_visible=True
2026-08-14 22:49:16,333 tracking: rect=(9, 20, 1433, 1134) overlay_visible=True
2026-08-14 22:49:16,441 tracking: rect=(9, 20, 1433, 1134) overlay_visible=True
2026-08-14 22:49:16,551 tracking: rect=(9, 20, 1433, 1134) overlay_visible=True
2026-08-14 22:49:16,674 tracking: rect=(9, 20, 1433, 1134) overlay_visible=True
2026-08-14 22:49:16,782 tracking: rect=(9, 20, 1433, 1134) overlay_visible=True
2026-08-14 22:49:16,891 tracking: rect=(9, 20, 1433, 1134) overlay_visible=True
2026-08-14 22:49:16,998 tracking: rect=(9, 20, 1433, 1134) overlay_visible=True
2026-08-14 22:49:17,107 tracking: rect=(9, 20, 1433, 1134) overlay_visible=True
2026-08-14 22:49:17,214 tracking: rect=(9, 20, 1433, 1134) overlay_visible=True
2026-08-14 22:49:17,322 tracking: rect=(9, 20, 1433, 1134) overlay_visible=True
2026-08-14 22:49:17,431 tracking: rect=(9, 20, 1433, 1134) overlay_visible=True
2026-08-14 22:49:17,540 tracking: rect=(9, 20, 1433, 1134) overlay_visible=True
2026-08-14 22:49:17,648 tracking: rect=(9, 20, 1433, 1134) overlay_visible=True
2026-08-14 22:49:17,759 tracking: rect=(9, 20, 1433, 1134) overlay_visible=True
2026-08-14 22:49:17,869 tracking: rect=(9, 20, 1433, 1134) overlay_visible=True
2026-08-14 22:49:17,978 tracking: rect=(9, 20, 1433, 1134) overlay_visible=True
2026-08-14 22:49:18,088 tracking: rect=(9, 20, 1433, 1134) overlay_visible=True
2026-08-14 22:49:18,196 tracking: rect=(9, 20, 1433, 1134) overlay_visible=True
2026-08-14 22:49:18,305 tracking: rect=(9, 20, 1433, 1134) overlay_visible=True
2026-08-14 22:49:18,414 tracking: rect=(9, 20, 1433, 1134) overlay_visible=True
2026-08-14 22:49:18,524 tracking: rect=(9, 20, 1433, 1134) overlay_visible=True
2026-08-14 22:49:18,631 tracking: rect=(9, 20, 1433, 1134) overlay_visible=True
2026-08-14 22:49:18,740 tracking: rect=(9, 20, 1433, 1134) overlay_visible=True
2026-08-14 22:49:18,847 tracking: rect=(9, 20, 1433, 1134) overlay_visible=True
2026-08-14 22:49:18,955 tracking: rect=(9, 20, 1433, 1134) overlay_visible=True
2026-08-14 22:49:19,065 tracking: rect=(9, 20, 1433, 1134) overlay_visible=True
2026-08-14 22:49:19,174 tracking: rect=(9, 20, 1433, 1134) overlay_visible=True
2026-08-14 22:49:19,284 tracking: rect=(9, 20, 1433, 1134) overlay_visible=True
2026-08-14 22:49:19,408 tracking: rect=(9, 20, 1433, 1134) overlay_visible=True
2026-08-14 22:49:19,517 tracking: rect=(9, 20, 1433, 1134) overlay_visible=True
2026-08-14 22:49:19,625 tracking: rect=(9, 20, 1433, 1134) overlay_visible=True
2026-08-14 22:49:19,733 tracking: rect=(9, 20, 1433, 1134) overlay_visible=True
2026-08-14 22:49:19,840 tracking: rect=(9, 20, 1433, 1134) overlay_visible=True
2026-08-14 22:49:19,947 tracking: rect=(9, 20, 1433, 1134) overlay_visible=True
2026-08-14 22:49:20,056 tracking: rect=(9, 20, 1433, 1134) overlay_visible=True
2026-08-14 22:49:20,165 tracking: rect=(9, 20, 1433, 1134) overlay_visible=True
2026-08-14 22:49:20,274 tracking: rect=(9, 20, 1433, 1134) overlay_visible=True
2026-08-14 22:49:20,382 tracking: rect=(9, 20, 1433, 1134) overlay_visible=True
2026-08-14 22:49:20,490 tracking: rect=(9, 20, 1433, 1134) overlay_visible=True
2026-08-14 22:49:20,599 tracking: rect=(9, 20, 1433, 1134) overlay_visible=True
2026-08-14 22:49:20,707 tracking: rect=(9, 20, 1433, 1134) overlay_visible=True
2026-08-14 22:49:20,814 tracking: rect=(9, 20, 1433, 1134) overlay_visible=True
2026-08-14 22:49:20,923 tracking: rect=(9, 20, 1433, 1134) overlay_visible=True
2026-08-14 22:49:21,032 tracking: rect=(9, 20, 1433, 1134) overlay_visible=True
2026-08-14 22:49:21,140 tracking: rect=(9, 20, 1433, 1134) overlay_visible=True
2026-08-14 22:49:21,249 tracking: rect=(9, 20, 1433, 1134) overlay_visible=True
2026-08-14 22:49:21,358 tracking: rect=(9, 20, 1433, 1134) overlay_visible=True
2026-08-14 22:49:21,465 tracking: rect=(9, 20, 1433, 1134) overlay_visible=True
2026-08-14 22:49:21,575 tracking: rect=(9, 20, 1433, 1134) overlay_visible=True
2026-08-14 22:49:21,684 tracking: rect=(9, 20, 1433, 1134) overlay_visible=True
2026-08-14 22:49:21,794 tracking: rect=(9, 20, 1433, 1134) overlay_visible=True
2026-08-14 22:49:21,902 tracking: rect=(9, 20, 1433, 1134) overlay_visible=True
2026-08-14 22:49:22,011 tracking: rect=(9, 20, 1433, 1134) overlay_visible=True
2026-08-14 22:49:22,133 tracking: rect=(9, 20, 1433, 1134) overlay_visible=True
2026-08-14 22:49:22,241 tracking: rect=(9, 20, 1433, 1134) overlay_visible=True
2026-08-14 22:49:22,349 tracking: rect=(9, 20, 1433, 1134) overlay_visible=True
2026-08-14 22:49:22,457 tracking: rect=(9, 20, 1433, 1134) overlay_visible=True
2026-08-14 22:49:22,566 tracking: rect=(9, 20, 1433, 1134) overlay_visible=True
2026-08-14 22:49:22,675 tracking: rect=(9, 20, 1433, 1134) overlay_visible=True
2026-08-14 22:49:22,784 tracking: rect=(9, 20, 1433, 1134) overlay_visible=True
2026-08-14 22:49:22,893 tracking: rect=(9, 20, 1433, 1134) overlay_visible=True
2026-08-14 22:49:23,002 tracking: rect=(9, 20, 1433, 1134) overlay_visible=True
2026-08-14 22:49:23,110 tracking: rect=(9, 20, 1433, 1134) overlay_visible=True
2026-08-14 22:49:23,219 tracking: rect=(9, 20, 1433, 1134) overlay_visible=True
2026-08-14 22:49:23,329 tracking: rect=(9, 20, 1433, 1134) overlay_visible=True
2026-08-14 22:49:23,439 tracking: rect=(9, 20, 1433, 1134) overlay_visible=True
2026-08-14 22:49:23,549 tracking: rect=(9, 20, 1433, 1134) overlay_visible=True
2026-08-14 22:49:23,659 tracking: rect=(9, 20, 1433, 1134) overlay_visible=True
2026-08-14 22:49:23,768 tracking: rect=(9, 20, 1433, 1134) overlay_visible=True
2026-08-14 22:49:23,878 tracking: rect=(9, 20, 1433, 1134) overlay_visible=True
2026-08-14 22:49:23,986 tracking: rect=(9, 20, 1433, 1134) overlay_visible=True
2026-08-14 22:49:24,094 tracking: rect=(9, 20, 1433, 1134) overlay_visible=True
2026-08-14 22:49:24,203 tracking: rect=(9, 20, 1433, 1134) overlay_visible=True
2026-08-14 22:49:24,310 tracking: rect=(9, 20, 1433, 1134) overlay_visible=True
2026-08-14 22:49:24,419 tracking: rect=(9, 20, 1433, 1134) overlay_visible=True
2026-08-14 22:49:24,527 tracking: rect=(9, 20, 1433, 1134) overlay_visible=True
2026-08-14 22:49:24,635 tracking: rect=(9, 20, 1433, 1134) overlay_visible=True
2026-08-14 22:49:24,742 tracking: rect=(9, 20, 1433, 1134) overlay_visible=True
2026-08-14 22:49:24,852 tracking: rect=(9, 20, 1433, 1134) overlay_visible=True
2026-08-14 22:49:24,960 tracking: rect=(9, 20, 1433, 1134) overlay_visible=True
2026-08-14 22:49:25,069 tracking: rect=(9, 20, 1433, 1134) overlay_visible=True
2026-08-14 22:49:25,178 tracking: rect=(9, 20, 1433, 1134) overlay_visible=True
2026-08-14 22:49:25,285 tracking: rect=(9, 20, 1433, 1134) overlay_visible=True
2026-08-14 22:49:25,396 tracking: rect=(9, 20, 1433, 1134) overlay_visible=True
2026-08-14 22:49:25,504 tracking: rect=(9, 20, 1433, 1134) overlay_visible=True
2026-08-14 22:49:25,613 tracking: rect=(9, 20, 1433, 1134) overlay_visible=True
2026-08-14 22:49:25,724 tracking: rect=(9, 20, 1433, 1134) overlay_visible=True
2026-08-14 22:49:25,831 tracking: rect=(9, 20, 1433, 1134) overlay_visible=True
2026-08-14 22:49:25,939 tracking: rect=(9, 20, 1433, 1134) overlay_visible=True
2026-08-14 22:49:26,046 tracking: rect=(9, 20, 1433, 1134) overlay_visible=True
2026-08-14 22:49:26,156 tracking: rect=(9, 20, 1433, 1134) overlay_visible=True
2026-08-14 22:49:26,266 tracking: rect=(9, 20, 1433, 1134) overlay_visible=True
2026-08-14 22:49:26,375 tracking: rect=(9, 20, 1433, 1134) overlay_visible=True
2026-08-14 22:49:26,484 tracking: rect=(9, 20, 1433, 1134) overlay_visible=True
2026-08-14 22:49:26,591 tracking: rect=(9, 20, 1433, 1134) overlay_visible=True
2026-08-14 22:49:26,700 tracking: rect=(9, 20, 1433, 1134) overlay_visible=True
2026-08-14 22:49:26,809 tracking: rect=(9, 20, 1433, 1134) overlay_visible=True
2026-08-14 22:49:26,918 tracking: rect=(9, 20, 1433, 1134) overlay_visible=True
2026-08-14 22:49:27,028 tracking: rect=(9, 20, 1433, 1134) overlay_visible=True
2026-08-14 22:49:27,137 tracking: rect=(9, 20, 1433, 1134) overlay_visible=True
2026-08-14 22:49:27,247 tracking: rect=(9, 20, 1433, 1134) overlay_visible=True
2026-08-14 22:49:27,355 tracking: rect=(9, 20, 1433, 1134) overlay_visible=True
2026-08-14 22:49:27,463 tracking: rect=(9, 20, 1433, 1134) overlay_visible=True
2026-08-14 22:49:27,569 tracking: rect=(9, 20, 1433, 1134) overlay_visible=True
2026-08-14 22:49:27,678 tracking: rect=(9, 20, 1433, 1134) overlay_visible=True
2026-08-14 22:49:27,788 tracking: rect=(9, 20, 1433, 1134) overlay_visible=True
2026-08-14 22:49:27,896 tracking: rect=(9, 20, 1433, 1134) overlay_visible=True
2026-08-14 22:49:28,007 tracking: rect=(9, 20, 1433, 1134) overlay_visible=True
2026-08-14 22:49:28,117 tracking: rect=(9, 20, 1433, 1134) overlay_visible=True
2026-08-14 22:49:28,224 tracking: rect=(9, 20, 1433, 1134) overlay_visible=True
2026-08-14 22:49:28,333 tracking: rect=(9, 20, 1433, 1134) overlay_visible=True
2026-08-14 22:49:28,442 tracking: rect=(9, 20, 1433, 1134) overlay_visible=True
2026-08-14 22:49:28,551 tracking: rect=(9, 20, 1433, 1134) overlay_visible=True
2026-08-14 22:49:28,659 tracking: rect=(9, 20, 1433, 1134) overlay_visible=True
2026-08-14 22:49:28,768 tracking: rect=(9, 20, 1433, 1134) overlay_visible=True
2026-08-14 22:49:28,877 tracking: rect=(9, 20, 1433, 1134) overlay_visible=True
2026-08-14 22:49:28,986 tracking: rect=(9, 20, 1433, 1134) overlay_visible=True
2026-08-14 22:49:29,095 tracking: rect=(9, 20, 1433, 1134) overlay_visible=True
2026-08-14 22:49:29,202 tracking: rect=(9, 20, 1433, 1134) overlay_visible=True
2026-08-14 22:49:29,311 tracking: rect=(9, 20, 1433, 1134) overlay_visible=True
2026-08-14 22:49:29,420 tracking: rect=(9, 20, 1433, 1134) overlay_visible=True
2026-08-14 22:49:29,528 tracking: rect=(9, 20, 1433, 1134) overlay_visible=True
2026-08-14 22:49:29,637 tracking: rect=(9, 20, 1433, 1134) overlay_visible=True
2026-08-14 22:49:29,745 tracking: rect=(9, 20, 1433, 1134) overlay_visible=True
2026-08-14 22:49:29,853 tracking: rect=(9, 20, 1433, 1134) overlay_visible=True
2026-08-14 22:49:29,962 tracking: rect=(9, 20, 1433, 1134) overlay_visible=True
2026-08-14 22:49:30,071 tracking: rect=(9, 20, 1433, 1134) overlay_visible=True
2026-08-14 22:49:30,180 tracking: rect=(9, 20, 1433, 1134) overlay_visible=True
2026-08-14 22:49:30,304 tracking: rect=(9, 20, 1433, 1134) overlay_visible=True
2026-08-14 22:49:30,413 tracking: rect=(9, 20, 1433, 1134) overlay_visible=True
2026-08-14 22:49:30,522 tracking: rect=(9, 20, 1433, 1134) overlay_visible=True
2026-08-14 22:49:30,632 tracking: rect=(9, 20, 1433, 1134) overlay_visible=True
2026-08-14 22:49:30,740 tracking: rect=(9, 20, 1433, 1134) overlay_visible=True
2026-08-14 22:49:30,849 tracking: rect=(9, 20, 1433, 1134) overlay_visible=True
2026-08-14 22:49:30,959 tracking: rect=(9, 20, 1433, 1134) overlay_visible=True
2026-08-14 22:49:31,066 tracking: rect=(9, 20, 1433, 1134) overlay_visible=True
2026-08-14 22:49:31,174 tracking: rect=(9, 20, 1433, 1134) overlay_visible=True
2026-08-14 22:49:31,282 tracking: rect=(9, 20, 1433, 1134) overlay_visible=True
2026-08-14 22:49:31,391 tracking: rect=(9, 20, 1433, 1134) overlay_visible=True
2026-08-14 22:49:31,499 tracking: rect=(9, 20, 1433, 1134) overlay_visible=True
2026-08-14 22:49:31,607 tracking: rect=(9, 20, 1433, 1134) overlay_visible=True
2026-08-14 22:49:31,713 tracking: rect=(9, 20, 1433, 1134) overlay_visible=True
2026-08-14 22:49:31,822 tracking: rect=(9, 20, 1433, 1134) overlay_visible=True
2026-08-14 22:49:31,932 tracking: rect=(9, 20, 1433, 1134) overlay_visible=True
2026-08-14 22:49:32,041 tracking: rect=(9, 20, 1433, 1134) overlay_visible=True
2026-08-14 22:49:32,150 tracking: rect=(9, 20, 1433, 1134) overlay_visible=True
2026-08-14 22:49:32,260 tracking: rect=(9, 20, 1433, 1134) overlay_visible=True
2026-08-14 22:49:32,369 tracking: rect=(9, 20, 1433, 1134) overlay_visible=True
2026-08-14 22:49:32,477 tracking: rect=(9, 20, 1433, 1134) overlay_visible=True
2026-08-14 22:49:48,020 left click mode=idle at (1940,239)
2026-08-14 22:49:49,236 left click mode=idle at (2344,282)
2026-08-14 22:49:52,870 left click mode=idle at (2163,53)
2026-08-14 22:49:54,715 left click mode=idle at (2012,838)
2026-08-14 22:49:56,755 left click mode=idle at (2228,529)
2026-08-14 22:49:59,094 left click mode=idle at (1798,291)
2026-08-14 22:49:59,935 left click mode=select_window at (1000,68)
2026-08-14 22:49:59,935 select hit: hwnd=1114858 own=False
2026-08-14 22:49:59,936 select_game_window hwnd=1114858 own_root=1180152 own_overlay=6029814
2026-08-14 22:49:59,936 tracking: rect=(9, 20, 1433, 1134) overlay_visible=False
2026-08-14 22:49:59,940 after select: mode=idle game_hwnd=1114858
2026-08-14 22:50:00,027 tracking: rect=(9, 20, 1433, 1134) overlay_visible=True
2026-08-14 22:50:00,137 tracking: rect=(9, 20, 1433, 1134) overlay_visible=True
2026-08-14 22:50:00,246 tracking: rect=(9, 20, 1433, 1134) overlay_visible=True
2026-08-14 22:50:00,354 tracking: rect=(9, 20, 1433, 1134) overlay_visible=True
2026-08-14 22:50:00,463 tracking: rect=(9, 20, 1433, 1134) overlay_visible=True
2026-08-14 22:50:00,542 left click mode=idle at (982,33)
2026-08-14 22:50:00,573 tracking: rect=(9, 20, 1433, 1134) overlay_visible=True
2026-08-14 22:50:00,682 tracking: rect=(76, 46, 1500, 1160) overlay_visible=True
2026-08-14 22:50:00,791 tracking: rect=(90, 50, 1514, 1164) overlay_visible=True
2026-08-14 22:50:00,902 tracking: rect=(91, 50, 1515, 1164) overlay_visible=True
2026-08-14 22:50:01,010 tracking: rect=(91, 58, 1515, 1172) overlay_visible=True
2026-08-14 22:50:01,119 tracking: rect=(91, 62, 1515, 1176) overlay_visible=True
2026-08-14 22:50:01,228 tracking: rect=(80, 54, 1504, 1168) overlay_visible=True
2026-08-14 22:50:01,338 tracking: rect=(55, 26, 1479, 1140) overlay_visible=True
2026-08-14 22:50:01,447 tracking: rect=(50, 21, 1474, 1135) overlay_visible=True
2026-08-14 22:50:01,556 tracking: rect=(38, 21, 1462, 1135) overlay_visible=True
2026-08-14 22:50:01,665 tracking: rect=(32, 19, 1456, 1133) overlay_visible=True
2026-08-14 22:50:01,773 tracking: rect=(27, 18, 1451, 1132) overlay_visible=True
2026-08-14 22:50:01,882 tracking: rect=(27, 18, 1451, 1132) overlay_visible=True
2026-08-14 22:50:01,992 tracking: rect=(23, 18, 1447, 1132) overlay_visible=True
2026-08-14 22:50:02,102 tracking: rect=(23, 18, 1447, 1132) overlay_visible=True
2026-08-14 22:50:02,213 tracking: rect=(23, 18, 1447, 1132) overlay_visible=True
2026-08-14 22:50:02,320 tracking: rect=(23, 18, 1447, 1132) overlay_visible=True
2026-08-14 22:50:02,428 tracking: rect=(23, 18, 1447, 1132) overlay_visible=True
2026-08-14 22:50:02,537 tracking: rect=(23, 18, 1447, 1132) overlay_visible=True
2026-08-14 22:50:02,645 tracking: rect=(23, 18, 1447, 1132) overlay_visible=True
2026-08-14 22:50:02,755 tracking: rect=(23, 18, 1447, 1132) overlay_visible=True
2026-08-14 22:50:02,864 tracking: rect=(23, 18, 1447, 1132) overlay_visible=True
2026-08-14 22:50:02,973 tracking: rect=(23, 18, 1447, 1132) overlay_visible=True
2026-08-14 22:50:03,083 tracking: rect=(23, 18, 1447, 1132) overlay_visible=True
2026-08-14 22:50:03,183 tracking: rect=(23, 18, 1447, 1132) overlay_visible=True
2026-08-14 22:50:03,283 tracking: rect=(23, 18, 1447, 1132) overlay_visible=True
2026-08-14 22:50:03,393 tracking: rect=(23, 18, 1447, 1132) overlay_visible=True
2026-08-14 22:50:03,501 tracking: rect=(23, 18, 1447, 1132) overlay_visible=True
2026-08-14 22:50:03,611 tracking: rect=(23, 18, 1447, 1132) overlay_visible=True
2026-08-14 22:50:03,722 tracking: rect=(23, 18, 1447, 1132) overlay_visible=True
2026-08-14 22:50:03,823 tracking: rect=(23, 18, 1447, 1132) overlay_visible=True
2026-08-14 22:50:03,923 tracking: rect=(23, 18, 1447, 1132) overlay_visible=True
2026-08-14 22:50:04,034 tracking: rect=(23, 18, 1447, 1132) overlay_visible=True
2026-08-14 22:50:04,144 tracking: rect=(23, 18, 1447, 1132) overlay_visible=True
2026-08-14 22:50:04,254 tracking: rect=(23, 18, 1447, 1132) overlay_visible=True
2026-08-14 22:50:04,356 tracking: rect=(23, 18, 1447, 1132) overlay_visible=True
2026-08-14 22:50:04,456 tracking: rect=(23, 18, 1447, 1132) overlay_visible=True
2026-08-14 22:50:04,556 tracking: rect=(23, 18, 1447, 1132) overlay_visible=True
2026-08-14 22:50:04,657 tracking: rect=(23, 18, 1447, 1132) overlay_visible=True
2026-08-14 22:50:04,767 tracking: rect=(23, 18, 1447, 1132) overlay_visible=True
2026-08-14 22:50:04,876 tracking: rect=(23, 18, 1447, 1132) overlay_visible=True
2026-08-14 22:50:04,977 tracking: rect=(23, 18, 1447, 1132) overlay_visible=True
2026-08-14 22:50:05,077 tracking: rect=(23, 18, 1447, 1132) overlay_visible=True
2026-08-14 22:50:05,188 tracking: rect=(23, 18, 1447, 1132) overlay_visible=True
2026-08-14 22:50:05,298 tracking: rect=(23, 18, 1447, 1132) overlay_visible=True
2026-08-14 22:50:05,407 tracking: rect=(23, 18, 1447, 1132) overlay_visible=True
2026-08-14 22:50:05,516 tracking: rect=(23, 18, 1447, 1132) overlay_visible=True
2026-08-14 22:50:05,616 tracking: rect=(23, 18, 1447, 1132) overlay_visible=True
2026-08-14 22:50:05,717 tracking: rect=(23, 18, 1447, 1132) overlay_visible=True
2026-08-14 22:50:05,829 tracking: rect=(23, 18, 1447, 1132) overlay_visible=True
2026-08-14 22:50:05,938 tracking: rect=(23, 18, 1447, 1132) overlay_visible=True
2026-08-14 22:50:06,047 tracking: rect=(23, 18, 1447, 1132) overlay_visible=True
2026-08-14 22:50:06,147 tracking: rect=(23, 18, 1447, 1132) overlay_visible=True
2026-08-14 22:50:06,250 tracking: rect=(23, 18, 1447, 1132) overlay_visible=True
2026-08-14 22:50:06,358 tracking: rect=(23, 18, 1447, 1132) overlay_visible=True
2026-08-14 22:50:06,459 tracking: rect=(23, 18, 1447, 1132) overlay_visible=True
2026-08-14 22:50:06,559 tracking: rect=(23, 18, 1447, 1132) overlay_visible=True
2026-08-14 22:50:06,671 tracking: rect=(23, 18, 1447, 1132) overlay_visible=True
2026-08-14 22:50:06,776 tracking: rect=(23, 18, 1447, 1132) overlay_visible=True
2026-08-14 22:50:06,877 tracking: rect=(23, 18, 1447, 1132) overlay_visible=True
2026-08-14 22:50:06,983 tracking: rect=(23, 18, 1447, 1132) overlay_visible=True
2026-08-14 22:50:07,093 tracking: rect=(23, 18, 1447, 1132) overlay_visible=True
2026-08-14 22:50:07,203 tracking: rect=(23, 18, 1447, 1132) overlay_visible=True
2026-08-14 22:50:07,312 tracking: rect=(23, 18, 1447, 1132) overlay_visible=True
2026-08-14 22:50:07,422 tracking: rect=(23, 18, 1447, 1132) overlay_visible=True
2026-08-14 22:50:07,531 tracking: rect=(23, 18, 1447, 1132) overlay_visible=True
2026-08-14 22:50:07,641 tracking: rect=(23, 18, 1447, 1132) overlay_visible=True
2026-08-14 22:50:07,741 tracking: rect=(23, 18, 1447, 1132) overlay_visible=True
2026-08-14 22:50:07,841 tracking: rect=(23, 18, 1447, 1132) overlay_visible=True
2026-08-14 22:50:07,952 tracking: rect=(23, 18, 1447, 1132) overlay_visible=True
2026-08-14 22:50:08,064 tracking: rect=(23, 18, 1447, 1132) overlay_visible=True
2026-08-14 22:50:08,173 tracking: rect=(23, 18, 1447, 1132) overlay_visible=True
2026-08-14 22:50:08,283 tracking: rect=(23, 18, 1447, 1132) overlay_visible=True
2026-08-14 22:50:08,391 tracking: rect=(23, 18, 1447, 1132) overlay_visible=True
2026-08-14 22:50:08,501 tracking: rect=(23, 18, 1447, 1132) overlay_visible=True
2026-08-14 22:50:08,609 tracking: rect=(23, 18, 1447, 1132) overlay_visible=True
2026-08-14 22:50:08,717 tracking: rect=(23, 18, 1447, 1132) overlay_visible=True
2026-08-14 22:50:08,826 tracking: rect=(23, 18, 1447, 1132) overlay_visible=True
2026-08-14 22:50:08,935 tracking: rect=(23, 18, 1447, 1132) overlay_visible=True
2026-08-14 22:50:09,044 tracking: rect=(23, 18, 1447, 1132) overlay_visible=True
2026-08-14 22:50:09,153 tracking: rect=(23, 18, 1447, 1132) overlay_visible=True
2026-08-14 22:50:09,262 tracking: rect=(23, 18, 1447, 1132) overlay_visible=True
2026-08-14 22:50:09,371 tracking: rect=(23, 18, 1447, 1132) overlay_visible=True
2026-08-14 22:50:09,480 tracking: rect=(23, 18, 1447, 1132) overlay_visible=True
2026-08-14 22:50:09,587 tracking: rect=(23, 18, 1447, 1132) overlay_visible=True
2026-08-14 22:50:09,697 tracking: rect=(23, 18, 1447, 1132) overlay_visible=True
2026-08-14 22:50:09,807 tracking: rect=(23, 18, 1447, 1132) overlay_visible=True
2026-08-14 22:50:09,917 tracking: rect=(23, 18, 1447, 1132) overlay_visible=True
2026-08-14 22:50:10,027 tracking: rect=(23, 18, 1447, 1132) overlay_visible=True
2026-08-14 22:50:10,135 tracking: rect=(23, 18, 1447, 1132) overlay_visible=True
2026-08-14 22:50:10,244 tracking: rect=(23, 18, 1447, 1132) overlay_visible=True
2026-08-14 22:50:10,353 tracking: rect=(23, 18, 1447, 1132) overlay_visible=True
2026-08-14 22:50:10,462 tracking: rect=(23, 18, 1447, 1132) overlay_visible=True
2026-08-14 22:50:10,571 tracking: rect=(23, 18, 1447, 1132) overlay_visible=True
2026-08-14 22:50:10,680 tracking: rect=(23, 18, 1447, 1132) overlay_visible=True
2026-08-14 22:50:10,788 tracking: rect=(23, 18, 1447, 1132) overlay_visible=True
2026-08-14 22:50:10,897 tracking: rect=(23, 18, 1447, 1132) overlay_visible=True
2026-08-14 22:50:11,007 tracking: rect=(23, 18, 1447, 1132) overlay_visible=True
2026-08-14 22:50:11,116 tracking: rect=(23, 18, 1447, 1132) overlay_visible=True
2026-08-14 22:50:11,226 tracking: rect=(23, 18, 1447, 1132) overlay_visible=True
2026-08-14 22:50:11,335 tracking: rect=(23, 18, 1447, 1132) overlay_visible=True
2026-08-14 22:50:11,445 tracking: rect=(23, 18, 1447, 1132) overlay_visible=True
2026-08-14 22:50:11,555 tracking: rect=(23, 18, 1447, 1132) overlay_visible=True
2026-08-14 22:50:11,663 tracking: rect=(23, 18, 1447, 1132) overlay_visible=True
2026-08-14 22:50:11,773 tracking: rect=(23, 18, 1447, 1132) overlay_visible=True
2026-08-14 22:50:11,882 tracking: rect=(23, 18, 1447, 1132) overlay_visible=True
2026-08-14 22:50:11,991 tracking: rect=(23, 18, 1447, 1132) overlay_visible=True
2026-08-14 22:50:12,100 tracking: rect=(23, 18, 1447, 1132) overlay_visible=True
2026-08-14 22:50:12,209 tracking: rect=(23, 18, 1447, 1132) overlay_visible=True
2026-08-14 22:50:12,317 tracking: rect=(23, 18, 1447, 1132) overlay_visible=True
2026-08-14 22:50:12,426 tracking: rect=(23, 18, 1447, 1132) overlay_visible=True
2026-08-14 22:50:12,535 tracking: rect=(23, 18, 1447, 1132) overlay_visible=True
2026-08-14 22:50:12,642 tracking: rect=(23, 18, 1447, 1132) overlay_visible=True
2026-08-14 22:50:12,750 tracking: rect=(23, 18, 1447, 1132) overlay_visible=True
2026-08-14 22:50:12,860 tracking: rect=(23, 18, 1447, 1132) overlay_visible=True
2026-08-14 22:50:12,970 tracking: rect=(23, 18, 1447, 1132) overlay_visible=True
2026-08-14 22:50:13,078 tracking: rect=(23, 18, 1447, 1132) overlay_visible=True
2026-08-14 22:50:13,187 tracking: rect=(23, 18, 1447, 1132) overlay_visible=True
2026-08-14 22:50:13,297 tracking: rect=(23, 18, 1447, 1132) overlay_visible=True
2026-08-14 22:50:13,406 tracking: rect=(23, 18, 1447, 1132) overlay_visible=True
2026-08-14 22:50:13,517 tracking: rect=(23, 18, 1447, 1132) overlay_visible=True
2026-08-14 22:50:13,627 tracking: rect=(23, 18, 1447, 1132) overlay_visible=True
2026-08-14 22:50:13,736 tracking: rect=(23, 18, 1447, 1132) overlay_visible=True
2026-08-14 22:50:13,847 tracking: rect=(23, 18, 1447, 1132) overlay_visible=True
2026-08-14 22:50:13,956 tracking: rect=(23, 18, 1447, 1132) overlay_visible=True
2026-08-14 22:50:14,065 tracking: rect=(23, 18, 1447, 1132) overlay_visible=True
2026-08-14 22:50:14,174 tracking: rect=(23, 18, 1447, 1132) overlay_visible=True
2026-08-14 22:50:14,283 tracking: rect=(23, 18, 1447, 1132) overlay_visible=True
2026-08-14 22:50:14,393 tracking: rect=(23, 18, 1447, 1132) overlay_visible=True
2026-08-14 22:50:14,501 tracking: rect=(23, 18, 1447, 1132) overlay_visible=True
2026-08-14 22:50:14,611 tracking: rect=(23, 18, 1447, 1132) overlay_visible=True
2026-08-14 22:50:14,721 tracking: rect=(23, 18, 1447, 1132) overlay_visible=True
2026-08-14 22:50:14,831 tracking: rect=(23, 18, 1447, 1132) overlay_visible=True
2026-08-14 22:50:14,938 tracking: rect=(23, 18, 1447, 1132) overlay_visible=True
2026-08-14 22:50:15,048 tracking: rect=(23, 18, 1447, 1132) overlay_visible=True
2026-08-14 22:50:15,157 tracking: rect=(23, 18, 1447, 1132) overlay_visible=True
2026-08-14 22:50:15,266 tracking: rect=(23, 18, 1447, 1132) overlay_visible=True
2026-08-14 22:50:15,376 tracking: rect=(23, 18, 1447, 1132) overlay_visible=True
2026-08-14 22:50:15,484 tracking: rect=(23, 18, 1447, 1132) overlay_visible=True
2026-08-14 22:50:15,593 tracking: rect=(23, 18, 1447, 1132) overlay_visible=True
2026-08-14 22:50:15,702 tracking: rect=(23, 18, 1447, 1132) overlay_visible=True
2026-08-14 22:50:15,811 tracking: rect=(23, 18, 1447, 1132) overlay_visible=True
2026-08-14 22:50:15,921 tracking: rect=(23, 18, 1447, 1132) overlay_visible=True
2026-08-14 22:50:16,030 tracking: rect=(23, 18, 1447, 1132) overlay_visible=True
2026-08-14 22:50:16,138 tracking: rect=(23, 18, 1447, 1132) overlay_visible=True
2026-08-14 22:50:16,246 tracking: rect=(23, 18, 1447, 1132) overlay_visible=True
2026-08-14 22:50:16,356 tracking: rect=(23, 18, 1447, 1132) overlay_visible=True
2026-08-14 22:50:16,464 tracking: rect=(23, 18, 1447, 1132) overlay_visible=True
2026-08-14 22:50:16,572 tracking: rect=(23, 18, 1447, 1132) overlay_visible=True
2026-08-14 22:50:16,680 tracking: rect=(23, 18, 1447, 1132) overlay_visible=True
2026-08-14 22:50:16,789 tracking: rect=(23, 18, 1447, 1132) overlay_visible=True
2026-08-14 22:50:16,900 tracking: rect=(23, 18, 1447, 1132) overlay_visible=True
2026-08-14 22:50:17,010 tracking: rect=(23, 18, 1447, 1132) overlay_visible=True
2026-08-14 22:50:17,024 left click mode=idle at (921,815)
2026-08-14 22:50:17,118 tracking: rect=(23, 18, 1447, 1132) overlay_visible=True
2026-08-14 22:50:17,227 tracking: rect=(23, 18, 1447, 1132) overlay_visible=True
2026-08-14 22:50:17,335 tracking: rect=(23, 18, 1447, 1132) overlay_visible=True
2026-08-14 22:50:17,444 tracking: rect=(23, 18, 1447, 1132) overlay_visible=True
2026-08-14 22:50:17,555 tracking: rect=(23, 18, 1447, 1132) overlay_visible=True
2026-08-14 22:50:17,616 left click mode=idle at (711,608)
2026-08-14 22:50:17,662 tracking: rect=(23, 18, 1447, 1132) overlay_visible=True
2026-08-14 22:50:17,769 tracking: rect=(23, 18, 1447, 1132) overlay_visible=True
2026-08-14 22:50:17,879 tracking: rect=(23, 18, 1447, 1132) overlay_visible=True
2026-08-14 22:50:17,986 tracking: rect=(23, 18, 1447, 1132) overlay_visible=True
2026-08-14 22:50:18,094 tracking: rect=(23, 18, 1447, 1132) overlay_visible=True
2026-08-14 22:50:18,202 tracking: rect=(23, 18, 1447, 1132) overlay_visible=True
2026-08-14 22:50:18,312 tracking: rect=(23, 18, 1447, 1132) overlay_visible=True
2026-08-14 22:50:18,420 tracking: rect=(23, 18, 1447, 1132) overlay_visible=True
2026-08-14 22:50:18,521 tracking: rect=(23, 18, 1447, 1132) overlay_visible=True
2026-08-14 22:50:18,621 tracking: rect=(23, 18, 1447, 1132) overlay_visible=True
2026-08-14 22:50:18,721 tracking: rect=(23, 18, 1447, 1132) overlay_visible=True
2026-08-14 22:50:18,824 tracking: rect=(23, 18, 1447, 1132) overlay_visible=True
2026-08-14 22:50:18,927 tracking: rect=(23, 18, 1447, 1132) overlay_visible=True
2026-08-14 22:50:19,027 tracking: rect=(23, 18, 1447, 1132) overlay_visible=True
2026-08-14 22:50:19,127 tracking: rect=(23, 18, 1447, 1132) overlay_visible=True
2026-08-14 22:50:19,228 tracking: rect=(23, 18, 1447, 1132) overlay_visible=True
2026-08-14 22:50:19,329 tracking: rect=(23, 18, 1447, 1132) overlay_visible=True
2026-08-14 22:50:19,431 tracking: rect=(23, 18, 1447, 1132) overlay_visible=True
2026-08-14 22:50:19,536 tracking: rect=(23, 18, 1447, 1132) overlay_visible=True
2026-08-14 22:50:19,637 tracking: rect=(23, 18, 1447, 1132) overlay_visible=True
2026-08-14 22:50:19,738 tracking: rect=(23, 18, 1447, 1132) overlay_visible=True
2026-08-14 22:50:19,839 tracking: rect=(23, 18, 1447, 1132) overlay_visible=True
2026-08-14 22:50:19,945 tracking: rect=(23, 18, 1447, 1132) overlay_visible=True
2026-08-14 22:50:20,049 tracking: rect=(23, 18, 1447, 1132) overlay_visible=True
2026-08-14 22:50:20,149 tracking: rect=(23, 18, 1447, 1132) overlay_visible=True
2026-08-14 22:50:20,250 tracking: rect=(23, 18, 1447, 1132) overlay_visible=True
2026-08-14 22:50:20,351 tracking: rect=(23, 18, 1447, 1132) overlay_visible=True
2026-08-14 22:50:20,460 tracking: rect=(23, 18, 1447, 1132) overlay_visible=True
2026-08-14 22:50:20,570 tracking: rect=(23, 18, 1447, 1132) overlay_visible=True
2026-08-14 22:50:20,678 tracking: rect=(23, 18, 1447, 1132) overlay_visible=True
2026-08-14 22:50:20,788 tracking: rect=(23, 18, 1447, 1132) overlay_visible=True
2026-08-14 22:50:20,897 tracking: rect=(23, 18, 1447, 1132) overlay_visible=True
2026-08-14 22:50:21,006 tracking: rect=(23, 18, 1447, 1132) overlay_visible=True
2026-08-14 22:50:21,111 tracking: rect=(23, 18, 1447, 1132) overlay_visible=True
2026-08-14 22:50:21,131 left click mode=idle at (1862,349)
2026-08-14 22:50:21,212 tracking: rect=(23, 18, 1447, 1132) overlay_visible=True
2026-08-14 22:50:21,212 tracking: rect=(23, 18, 1447, 1132) overlay_visible=True
2026-08-14 22:50:21,314 tracking: rect=(23, 18, 1447, 1132) overlay_visible=True
2026-08-14 22:50:21,428 tracking: rect=(23, 18, 1447, 1132) overlay_visible=True
2026-08-14 22:50:21,537 tracking: rect=(23, 18, 1447, 1132) overlay_visible=True
2026-08-14 22:50:21,647 tracking: rect=(23, 18, 1447, 1132) overlay_visible=True
2026-08-14 22:50:21,756 tracking: rect=(23, 18, 1447, 1132) overlay_visible=True
2026-08-14 22:50:21,864 tracking: rect=(23, 18, 1447, 1132) overlay_visible=True
2026-08-14 22:50:21,971 tracking: rect=(23, 18, 1447, 1132) overlay_visible=True
2026-08-14 22:50:22,080 tracking: rect=(23, 18, 1447, 1132) overlay_visible=True
2026-08-14 22:50:22,189 tracking: rect=(23, 18, 1447, 1132) overlay_visible=True
2026-08-14 22:50:22,297 tracking: rect=(23, 18, 1447, 1132) overlay_visible=True
2026-08-14 22:50:22,405 tracking: rect=(23, 18, 1447, 1132) overlay_visible=True
2026-08-14 22:50:22,513 tracking: rect=(23, 18, 1447, 1132) overlay_visible=True
2026-08-14 22:50:22,622 tracking: rect=(23, 18, 1447, 1132) overlay_visible=True
2026-08-14 22:50:22,732 tracking: rect=(23, 18, 1447, 1132) overlay_visible=True
2026-08-14 22:50:22,841 tracking: rect=(23, 18, 1447, 1132) overlay_visible=True
2026-08-14 22:50:22,950 tracking: rect=(23, 18, 1447, 1132) overlay_visible=True
2026-08-14 22:50:23,058 tracking: rect=(23, 18, 1447, 1132) overlay_visible=True
2026-08-14 22:50:23,168 tracking: rect=(23, 18, 1447, 1132) overlay_visible=True
2026-08-14 22:50:23,277 tracking: rect=(23, 18, 1447, 1132) overlay_visible=True
2026-08-14 22:50:23,385 tracking: rect=(23, 18, 1447, 1132) overlay_visible=True
2026-08-14 22:50:23,494 tracking: rect=(23, 18, 1447, 1132) overlay_visible=True
2026-08-14 22:50:23,601 tracking: rect=(23, 18, 1447, 1132) overlay_visible=True
2026-08-14 22:50:23,711 tracking: rect=(23, 18, 1447, 1132) overlay_visible=True
2026-08-14 22:50:23,812 tracking: rect=(23, 18, 1447, 1132) overlay_visible=True
2026-08-14 22:50:23,916 tracking: rect=(23, 18, 1447, 1132) overlay_visible=True
2026-08-14 22:50:24,025 tracking: rect=(23, 18, 1447, 1132) overlay_visible=True
2026-08-14 22:50:24,133 tracking: rect=(23, 18, 1447, 1132) overlay_visible=True
2026-08-14 22:50:24,241 tracking: rect=(23, 18, 1447, 1132) overlay_visible=True
2026-08-14 22:50:24,350 tracking: rect=(23, 18, 1447, 1132) overlay_visible=True
2026-08-14 22:50:24,450 tracking: rect=(23, 18, 1447, 1132) overlay_visible=True
2026-08-14 22:50:24,553 tracking: rect=(23, 18, 1447, 1132) overlay_visible=True
2026-08-14 22:50:24,653 tracking: rect=(23, 18, 1447, 1132) overlay_visible=True
2026-08-14 22:50:24,753 tracking: rect=(23, 18, 1447, 1132) overlay_visible=True
2026-08-14 22:50:24,866 tracking: rect=(23, 18, 1447, 1132) overlay_visible=True
2026-08-14 22:50:24,976 tracking: rect=(23, 18, 1447, 1132) overlay_visible=True
2026-08-14 22:50:25,083 tracking: rect=(23, 18, 1447, 1132) overlay_visible=True
2026-08-14 22:50:25,193 tracking: rect=(23, 18, 1447, 1132) overlay_visible=True
2026-08-14 22:50:25,303 tracking: rect=(23, 18, 1447, 1132) overlay_visible=True
2026-08-14 22:50:25,413 tracking: rect=(23, 18, 1447, 1132) overlay_visible=True
2026-08-14 22:50:25,522 tracking: rect=(23, 18, 1447, 1132) overlay_visible=True
2026-08-14 22:50:25,630 tracking: rect=(23, 18, 1447, 1132) overlay_visible=True
2026-08-14 22:50:25,739 tracking: rect=(23, 18, 1447, 1132) overlay_visible=True
2026-08-14 22:50:25,848 tracking: rect=(23, 18, 1447, 1132) overlay_visible=True
2026-08-14 22:50:25,958 tracking: rect=(23, 18, 1447, 1132) overlay_visible=True
2026-08-14 22:50:26,067 tracking: rect=(23, 18, 1447, 1132) overlay_visible=True
2026-08-14 22:50:26,176 tracking: rect=(23, 18, 1447, 1132) overlay_visible=True
2026-08-14 22:50:26,285 tracking: rect=(23, 18, 1447, 1132) overlay_visible=True
2026-08-14 22:50:26,393 tracking: rect=(23, 18, 1447, 1132) overlay_visible=True
2026-08-14 22:50:26,504 tracking: rect=(23, 18, 1447, 1132) overlay_visible=True
2026-08-14 22:50:26,612 tracking: rect=(23, 18, 1447, 1132) overlay_visible=True
2026-08-14 22:50:26,722 tracking: rect=(23, 18, 1447, 1132) overlay_visible=True
2026-08-14 22:50:26,831 tracking: rect=(23, 18, 1447, 1132) overlay_visible=True
2026-08-14 22:50:26,936 tracking: rect=(23, 18, 1447, 1132) overlay_visible=True
2026-08-14 22:50:27,050 tracking: rect=(23, 18, 1447, 1132) overlay_visible=True
2026-08-14 22:50:27,160 tracking: rect=(23, 18, 1447, 1132) overlay_visible=True
2026-08-14 22:50:27,268 tracking: rect=(23, 18, 1447, 1132) overlay_visible=True
2026-08-14 22:50:27,376 tracking: rect=(23, 18, 1447, 1132) overlay_visible=True
2026-08-14 22:50:27,486 tracking: rect=(23, 18, 1447, 1132) overlay_visible=True
2026-08-14 22:50:27,595 tracking: rect=(23, 18, 1447, 1132) overlay_visible=True
2026-08-14 22:50:27,704 tracking: rect=(23, 18, 1447, 1132) overlay_visible=True
2026-08-14 22:50:27,813 tracking: rect=(23, 18, 1447, 1132) overlay_visible=True
2026-08-14 22:50:27,923 tracking: rect=(23, 18, 1447, 1132) overlay_visible=True
2026-08-14 22:50:28,033 tracking: rect=(23, 18, 1447, 1132) overlay_visible=True
2026-08-14 22:50:28,142 tracking: rect=(23, 18, 1447, 1132) overlay_visible=True
2026-08-14 22:50:28,247 tracking: rect=(23, 18, 1447, 1132) overlay_visible=True
2026-08-14 22:50:28,360 tracking: rect=(23, 18, 1447, 1132) overlay_visible=True
2026-08-14 22:50:28,468 tracking: rect=(23, 18, 1447, 1132) overlay_visible=True
2026-08-14 22:50:28,577 tracking: rect=(23, 18, 1447, 1132) overlay_visible=True
2026-08-14 22:50:28,687 tracking: rect=(23, 18, 1447, 1132) overlay_visible=True
2026-08-14 22:50:28,797 tracking: rect=(23, 18, 1447, 1132) overlay_visible=True
2026-08-14 22:50:28,906 tracking: rect=(23, 18, 1447, 1132) overlay_visible=True
2026-08-14 22:50:29,016 tracking: rect=(23, 18, 1447, 1132) overlay_visible=True
2026-08-14 22:50:29,125 tracking: rect=(23, 18, 1447, 1132) overlay_visible=True
2026-08-14 22:50:29,235 tracking: rect=(23, 18, 1447, 1132) overlay_visible=True
2026-08-14 22:50:29,345 tracking: rect=(23, 18, 1447, 1132) overlay_visible=True
2026-08-14 22:50:29,450 tracking: rect=(23, 18, 1447, 1132) overlay_visible=True
2026-08-14 22:50:29,561 tracking: rect=(23, 18, 1447, 1132) overlay_visible=True
2026-08-14 22:50:29,671 tracking: rect=(23, 18, 1447, 1132) overlay_visible=True
2026-08-14 22:50:29,780 tracking: rect=(23, 18, 1447, 1132) overlay_visible=True
2026-08-14 22:50:29,888 tracking: rect=(23, 18, 1447, 1132) overlay_visible=True
2026-08-14 22:50:29,997 tracking: rect=(23, 18, 1447, 1132) overlay_visible=True
2026-08-14 22:50:30,098 tracking: rect=(23, 18, 1447, 1132) overlay_visible=True
2026-08-14 22:50:30,199 tracking: rect=(23, 18, 1447, 1132) overlay_visible=True
2026-08-14 22:50:30,298 tracking: rect=(23, 18, 1447, 1132) overlay_visible=True
2026-08-14 22:50:30,399 tracking: rect=(23, 18, 1447, 1132) overlay_visible=True
2026-08-14 22:50:30,499 tracking: rect=(23, 18, 1447, 1132) overlay_visible=True
2026-08-14 22:50:30,589 left click mode=judgement at (1942,326)
2026-08-14 22:50:30,604 tracking: rect=(23, 18, 1447, 1132) overlay_visible=True
2026-08-14 22:50:30,679 tracking: rect=(23, 18, 1447, 1132) overlay_visible=True
2026-08-14 22:50:30,713 tracking: rect=(23, 18, 1447, 1132) overlay_visible=True
2026-08-14 22:50:30,822 tracking: rect=(23, 18, 1447, 1132) overlay_visible=True
2026-08-14 22:50:30,932 tracking: rect=(23, 18, 1447, 1132) overlay_visible=True
2026-08-14 22:50:31,040 tracking: rect=(23, 18, 1447, 1132) overlay_visible=True
2026-08-14 22:50:31,151 tracking: rect=(23, 18, 1447, 1132) overlay_visible=True
2026-08-14 22:50:31,258 tracking: rect=(23, 18, 1447, 1132) overlay_visible=True
2026-08-14 22:50:31,358 tracking: rect=(23, 18, 1447, 1132) overlay_visible=True
2026-08-14 22:50:31,462 tracking: rect=(23, 18, 1447, 1132) overlay_visible=True
2026-08-14 22:50:31,571 tracking: rect=(23, 18, 1447, 1132) overlay_visible=True
2026-08-14 22:50:31,681 tracking: rect=(23, 18, 1447, 1132) overlay_visible=True
2026-08-14 22:50:31,790 tracking: rect=(23, 18, 1447, 1132) overlay_visible=True
2026-08-14 22:50:31,890 tracking: rect=(23, 18, 1447, 1132) overlay_visible=True
2026-08-14 22:50:31,991 tracking: rect=(23, 18, 1447, 1132) overlay_visible=True
2026-08-14 22:50:32,091 tracking: rect=(23, 18, 1447, 1132) overlay_visible=True
2026-08-14 22:50:32,192 tracking: rect=(23, 18, 1447, 1132) overlay_visible=True
2026-08-14 22:50:32,292 tracking: rect=(23, 18, 1447, 1132) overlay_visible=True
2026-08-14 22:50:32,398 tracking: rect=(23, 18, 1447, 1132) overlay_visible=True
2026-08-14 22:50:32,430 left click mode=judgement at (1758,339)
2026-08-14 22:50:32,498 tracking: rect=(23, 18, 1447, 1132) overlay_visible=True
2026-08-14 22:50:32,599 tracking: rect=(23, 18, 1447, 1132) overlay_visible=True
2026-08-14 22:50:32,709 tracking: rect=(23, 18, 1447, 1132) overlay_visible=True
2026-08-14 22:50:32,818 tracking: rect=(23, 18, 1447, 1132) overlay_visible=True
2026-08-14 22:50:32,925 tracking: rect=(23, 18, 1447, 1132) overlay_visible=True
2026-08-14 22:50:33,027 tracking: rect=(23, 18, 1447, 1132) overlay_visible=True
2026-08-14 22:50:33,132 tracking: rect=(23, 18, 1447, 1132) overlay_visible=True
2026-08-14 22:50:33,240 tracking: rect=(23, 18, 1447, 1132) overlay_visible=True
2026-08-14 22:50:33,346 tracking: rect=(23, 18, 1447, 1132) overlay_visible=True
2026-08-14 22:50:33,458 tracking: rect=(23, 18, 1447, 1132) overlay_visible=True
2026-08-14 22:50:33,567 tracking: rect=(23, 18, 1447, 1132) overlay_visible=True
2026-08-14 22:50:33,677 tracking: rect=(23, 18, 1447, 1132) overlay_visible=True
2026-08-14 22:50:33,787 tracking: rect=(23, 18, 1447, 1132) overlay_visible=True
2026-08-14 22:50:33,896 tracking: rect=(23, 18, 1447, 1132) overlay_visible=True
2026-08-14 22:50:34,006 tracking: rect=(23, 18, 1447, 1132) overlay_visible=True
2026-08-14 22:50:34,115 tracking: rect=(23, 18, 1447, 1132) overlay_visible=True
2026-08-14 22:50:34,224 tracking: rect=(23, 18, 1447, 1132) overlay_visible=True
2026-08-14 22:50:34,332 tracking: rect=(23, 18, 1447, 1132) overlay_visible=True
2026-08-14 22:50:34,440 tracking: rect=(23, 18, 1447, 1132) overlay_visible=True
2026-08-14 22:50:34,549 tracking: rect=(23, 18, 1447, 1132) overlay_visible=True
2026-08-14 22:50:34,651 tracking: rect=(23, 18, 1447, 1132) overlay_visible=True
2026-08-14 22:50:34,754 tracking: rect=(23, 18, 1447, 1132) overlay_visible=True
2026-08-14 22:50:34,860 tracking: rect=(23, 18, 1447, 1132) overlay_visible=True
2026-08-14 22:50:34,968 tracking: rect=(23, 18, 1447, 1132) overlay_visible=True
2026-08-14 22:50:35,076 tracking: rect=(23, 18, 1447, 1132) overlay_visible=True
2026-08-14 22:50:35,187 tracking: rect=(23, 18, 1447, 1132) overlay_visible=True
2026-08-14 22:50:35,296 tracking: rect=(23, 18, 1447, 1132) overlay_visible=True
2026-08-14 22:50:35,406 tracking: rect=(23, 18, 1447, 1132) overlay_visible=True
2026-08-14 22:50:35,506 tracking: rect=(23, 18, 1447, 1132) overlay_visible=True
2026-08-14 22:50:35,607 tracking: rect=(23, 18, 1447, 1132) overlay_visible=True
2026-08-14 22:50:35,718 tracking: rect=(23, 18, 1447, 1132) overlay_visible=True
2026-08-14 22:50:35,828 tracking: rect=(23, 18, 1447, 1132) overlay_visible=True
2026-08-14 22:50:35,938 tracking: rect=(23, 18, 1447, 1132) overlay_visible=True
2026-08-14 22:50:36,047 tracking: rect=(23, 18, 1447, 1132) overlay_visible=True
2026-08-14 22:50:36,141 left click mode=judgement at (1931,345)
2026-08-14 22:50:36,156 tracking: rect=(23, 18, 1447, 1132) overlay_visible=True
2026-08-14 22:50:36,225 tracking: rect=(23, 18, 1447, 1132) overlay_visible=True
2026-08-14 22:50:36,264 tracking: rect=(23, 18, 1447, 1132) overlay_visible=True
2026-08-14 22:50:36,373 tracking: rect=(23, 18, 1447, 1132) overlay_visible=True
2026-08-14 22:50:36,483 tracking: rect=(23, 18, 1447, 1132) overlay_visible=True
2026-08-14 22:50:36,544 left click mode=judgement at (1931,345)
2026-08-14 22:50:36,591 tracking: rect=(23, 18, 1447, 1132) overlay_visible=True
2026-08-14 22:50:36,625 tracking: rect=(23, 18, 1447, 1132) overlay_visible=True
2026-08-14 22:50:36,699 tracking: rect=(23, 18, 1447, 1132) overlay_visible=True
2026-08-14 22:50:36,800 tracking: rect=(23, 18, 1447, 1132) overlay_visible=True
2026-08-14 22:50:36,899 tracking: rect=(23, 18, 1447, 1132) overlay_visible=True
2026-08-14 22:50:37,000 tracking: rect=(23, 18, 1447, 1132) overlay_visible=True
2026-08-14 22:50:37,105 tracking: rect=(23, 18, 1447, 1132) overlay_visible=True
2026-08-14 22:50:37,210 tracking: rect=(23, 18, 1447, 1132) overlay_visible=True
2026-08-14 22:50:37,310 tracking: rect=(23, 18, 1447, 1132) overlay_visible=True
2026-08-14 22:50:37,416 tracking: rect=(23, 18, 1447, 1132) overlay_visible=True
2026-08-14 22:50:37,517 tracking: rect=(23, 18, 1447, 1132) overlay_visible=True
2026-08-14 22:50:37,619 tracking: rect=(23, 18, 1447, 1132) overlay_visible=True
2026-08-14 22:50:37,721 tracking: rect=(23, 18, 1447, 1132) overlay_visible=True
2026-08-14 22:50:37,821 tracking: rect=(23, 18, 1447, 1132) overlay_visible=True
2026-08-14 22:50:37,931 tracking: rect=(23, 18, 1447, 1132) overlay_visible=True
2026-08-14 22:50:38,042 tracking: rect=(23, 18, 1447, 1132) overlay_visible=True
2026-08-14 22:50:38,073 left click mode=judgement at (1744,343)
2026-08-14 22:50:38,143 tracking: rect=(23, 18, 1447, 1132) overlay_visible=True
2026-08-14 22:50:38,244 tracking: rect=(23, 18, 1447, 1132) overlay_visible=True
2026-08-14 22:50:38,355 tracking: rect=(23, 18, 1447, 1132) overlay_visible=True
2026-08-14 22:50:38,464 tracking: rect=(23, 18, 1447, 1132) overlay_visible=True
2026-08-14 22:50:38,573 tracking: rect=(23, 18, 1447, 1132) overlay_visible=True
2026-08-14 22:50:38,683 tracking: rect=(23, 18, 1447, 1132) overlay_visible=True
2026-08-14 22:50:38,793 tracking: rect=(23, 18, 1447, 1132) overlay_visible=True
2026-08-14 22:50:38,902 tracking: rect=(23, 18, 1447, 1132) overlay_visible=True
2026-08-14 22:50:39,012 tracking: rect=(23, 18, 1447, 1132) overlay_visible=True
2026-08-14 22:50:39,121 tracking: rect=(23, 18, 1447, 1132) overlay_visible=True
2026-08-14 22:50:39,230 tracking: rect=(23, 18, 1447, 1132) overlay_visible=True
2026-08-14 22:50:39,340 tracking: rect=(23, 18, 1447, 1132) overlay_visible=True
2026-08-14 22:50:39,449 tracking: rect=(23, 18, 1447, 1132) overlay_visible=True
2026-08-14 22:50:39,558 tracking: rect=(23, 18, 1447, 1132) overlay_visible=True
2026-08-14 22:50:39,667 tracking: rect=(23, 18, 1447, 1132) overlay_visible=True
2026-08-14 22:50:39,776 tracking: rect=(23, 18, 1447, 1132) overlay_visible=True
2026-08-14 22:50:39,886 tracking: rect=(23, 18, 1447, 1132) overlay_visible=True
2026-08-14 22:50:39,995 tracking: rect=(23, 18, 1447, 1132) overlay_visible=True
2026-08-14 22:50:40,104 tracking: rect=(23, 18, 1447, 1132) overlay_visible=True
2026-08-14 22:50:40,215 tracking: rect=(23, 18, 1447, 1132) overlay_visible=True
2026-08-14 22:50:40,322 tracking: rect=(23, 18, 1447, 1132) overlay_visible=True
2026-08-14 22:50:40,431 tracking: rect=(23, 18, 1447, 1132) overlay_visible=True
2026-08-14 22:50:40,540 tracking: rect=(23, 18, 1447, 1132) overlay_visible=True
2026-08-14 22:50:40,649 tracking: rect=(23, 18, 1447, 1132) overlay_visible=True
2026-08-14 22:50:40,757 tracking: rect=(23, 18, 1447, 1132) overlay_visible=True
2026-08-14 22:50:40,867 tracking: rect=(23, 18, 1447, 1132) overlay_visible=True
2026-08-14 22:50:40,977 tracking: rect=(23, 18, 1447, 1132) overlay_visible=True
2026-08-14 22:50:41,087 tracking: rect=(23, 18, 1447, 1132) overlay_visible=True
2026-08-14 22:50:41,196 tracking: rect=(23, 18, 1447, 1132) overlay_visible=True
2026-08-14 22:50:41,306 tracking: rect=(23, 18, 1447, 1132) overlay_visible=True
2026-08-14 22:50:41,416 tracking: rect=(23, 18, 1447, 1132) overlay_visible=True
2026-08-14 22:50:41,524 tracking: rect=(23, 18, 1447, 1132) overlay_visible=True
2026-08-14 22:50:41,624 tracking: rect=(23, 18, 1447, 1132) overlay_visible=True
2026-08-14 22:50:41,723 tracking: rect=(23, 18, 1447, 1132) overlay_visible=True
2026-08-14 22:50:41,837 tracking: rect=(23, 18, 1447, 1132) overlay_visible=True
2026-08-14 22:50:41,947 tracking: rect=(23, 18, 1447, 1132) overlay_visible=True
2026-08-14 22:50:42,010 left click mode=judgement at (1911,343)
2026-08-14 22:50:42,056 tracking: rect=(23, 18, 1447, 1132) overlay_visible=True
2026-08-14 22:50:42,133 tracking: rect=(23, 18, 1447, 1132) overlay_visible=True
2026-08-14 22:50:42,165 tracking: rect=(23, 18, 1447, 1132) overlay_visible=True
2026-08-14 22:50:42,275 tracking: rect=(23, 18, 1447, 1132) overlay_visible=True
2026-08-14 22:50:42,384 tracking: rect=(23, 18, 1447, 1132) overlay_visible=True
2026-08-14 22:50:42,446 left click mode=judgement at (1911,343)
2026-08-14 22:50:42,492 tracking: rect=(23, 18, 1447, 1132) overlay_visible=True
2026-08-14 22:50:42,515 tracking: rect=(23, 18, 1447, 1132) overlay_visible=True
2026-08-14 22:50:42,593 tracking: rect=(23, 18, 1447, 1132) overlay_visible=True
2026-08-14 22:50:42,693 tracking: rect=(23, 18, 1447, 1132) overlay_visible=True
2026-08-14 22:50:42,801 tracking: rect=(23, 18, 1447, 1132) overlay_visible=True
2026-08-14 22:50:42,909 tracking: rect=(23, 18, 1447, 1132) overlay_visible=True
2026-08-14 22:50:42,940 left click mode=judgement at (1769,341)
2026-08-14 22:50:43,010 tracking: rect=(23, 18, 1447, 1132) overlay_visible=True
2026-08-14 22:50:43,111 tracking: rect=(23, 18, 1447, 1132) overlay_visible=True
2026-08-14 22:50:43,211 tracking: rect=(23, 18, 1447, 1132) overlay_visible=True
2026-08-14 22:50:43,312 tracking: rect=(23, 18, 1447, 1132) overlay_visible=True
2026-08-14 22:50:43,412 tracking: rect=(23, 18, 1447, 1132) overlay_visible=True
2026-08-14 22:50:43,518 tracking: rect=(23, 18, 1447, 1132) overlay_visible=True
2026-08-14 22:50:43,533 left click mode=judgement at (1886,353)
2026-08-14 22:50:43,626 tracking: rect=(23, 18, 1447, 1132) overlay_visible=True
2026-08-14 22:50:43,633 tracking: rect=(23, 18, 1447, 1132) overlay_visible=True
2026-08-14 22:50:43,736 tracking: rect=(23, 18, 1447, 1132) overlay_visible=True
2026-08-14 22:50:43,841 tracking: rect=(23, 18, 1447, 1132) overlay_visible=True
2026-08-14 22:50:43,942 tracking: rect=(23, 18, 1447, 1132) overlay_visible=True
2026-08-14 22:50:44,048 tracking: rect=(23, 18, 1447, 1132) overlay_visible=True
2026-08-14 22:50:44,095 left click mode=judgement at (1891,349)
2026-08-14 22:50:44,158 tracking: rect=(23, 18, 1447, 1132) overlay_visible=True
2026-08-14 22:50:44,197 tracking: rect=(23, 18, 1447, 1132) overlay_visible=True
2026-08-14 22:50:44,267 tracking: rect=(23, 18, 1447, 1132) overlay_visible=True
2026-08-14 22:50:44,377 tracking: rect=(23, 18, 1447, 1132) overlay_visible=True
2026-08-14 22:50:44,486 tracking: rect=(23, 18, 1447, 1132) overlay_visible=True
2026-08-14 22:50:44,587 tracking: rect=(23, 18, 1447, 1132) overlay_visible=True
2026-08-14 22:50:44,688 tracking: rect=(23, 18, 1447, 1132) overlay_visible=True
2026-08-14 22:50:44,788 tracking: rect=(23, 18, 1447, 1132) overlay_visible=True
2026-08-14 22:50:44,891 tracking: rect=(23, 18, 1447, 1132) overlay_visible=True
2026-08-14 22:50:44,994 tracking: rect=(23, 18, 1447, 1132) overlay_visible=True
2026-08-14 22:50:45,093 tracking: rect=(23, 18, 1447, 1132) overlay_visible=True
2026-08-14 22:50:45,195 tracking: rect=(23, 18, 1447, 1132) overlay_visible=True
2026-08-14 22:50:45,296 tracking: rect=(23, 18, 1447, 1132) overlay_visible=True
2026-08-14 22:50:45,405 tracking: rect=(23, 18, 1447, 1132) overlay_visible=True
2026-08-14 22:50:45,512 tracking: rect=(23, 18, 1447, 1132) overlay_visible=True
2026-08-14 22:50:45,613 tracking: rect=(23, 18, 1447, 1132) overlay_visible=True
2026-08-14 22:50:45,713 tracking: rect=(23, 18, 1447, 1132) overlay_visible=True
2026-08-14 22:50:45,823 tracking: rect=(23, 18, 1447, 1132) overlay_visible=True
2026-08-14 22:50:45,934 tracking: rect=(23, 18, 1447, 1132) overlay_visible=True
2026-08-14 22:50:46,039 tracking: rect=(23, 18, 1447, 1132) overlay_visible=True
2026-08-14 22:50:46,141 tracking: rect=(23, 18, 1447, 1132) overlay_visible=True
2026-08-14 22:50:46,242 tracking: rect=(23, 18, 1447, 1132) overlay_visible=True
2026-08-14 22:50:46,343 tracking: rect=(23, 18, 1447, 1132) overlay_visible=True
2026-08-14 22:50:46,452 tracking: rect=(23, 18, 1447, 1132) overlay_visible=True
2026-08-14 22:50:46,562 tracking: rect=(23, 18, 1447, 1132) overlay_visible=True
2026-08-14 22:50:46,671 tracking: rect=(23, 18, 1447, 1132) overlay_visible=True
2026-08-14 22:50:46,781 tracking: rect=(23, 18, 1447, 1132) overlay_visible=True
2026-08-14 22:50:46,889 tracking: rect=(23, 18, 1447, 1132) overlay_visible=True
2026-08-14 22:50:46,997 tracking: rect=(23, 18, 1447, 1132) overlay_visible=True
2026-08-14 22:50:47,106 tracking: rect=(23, 18, 1447, 1132) overlay_visible=True
2026-08-14 22:50:47,217 tracking: rect=(23, 18, 1447, 1132) overlay_visible=True
2026-08-14 22:50:47,317 tracking: rect=(23, 18, 1447, 1132) overlay_visible=True
2026-08-14 22:50:47,419 tracking: rect=(23, 18, 1447, 1132) overlay_visible=True
2026-08-14 22:50:47,519 tracking: rect=(23, 18, 1447, 1132) overlay_visible=True
2026-08-14 22:50:47,619 tracking: rect=(23, 18, 1447, 1132) overlay_visible=True
2026-08-14 22:50:47,727 tracking: rect=(23, 18, 1447, 1132) overlay_visible=True
2026-08-14 22:50:47,828 tracking: rect=(23, 18, 1447, 1132) overlay_visible=True
2026-08-14 22:50:47,928 tracking: rect=(23, 18, 1447, 1132) overlay_visible=True
2026-08-14 22:50:48,038 tracking: rect=(23, 18, 1447, 1132) overlay_visible=True
2026-08-14 22:50:48,147 tracking: rect=(23, 18, 1447, 1132) overlay_visible=True
2026-08-14 22:50:48,256 tracking: rect=(23, 18, 1447, 1132) overlay_visible=True
2026-08-14 22:50:48,365 tracking: rect=(23, 18, 1447, 1132) overlay_visible=True
2026-08-14 22:50:48,475 tracking: rect=(23, 18, 1447, 1132) overlay_visible=True
2026-08-14 22:50:48,585 tracking: rect=(23, 18, 1447, 1132) overlay_visible=True
2026-08-14 22:50:48,695 tracking: rect=(23, 18, 1447, 1132) overlay_visible=True
2026-08-14 22:50:48,803 tracking: rect=(23, 18, 1447, 1132) overlay_visible=True
2026-08-14 22:50:48,913 tracking: rect=(23, 18, 1447, 1132) overlay_visible=True
2026-08-14 22:50:49,023 tracking: rect=(23, 18, 1447, 1132) overlay_visible=True
2026-08-14 22:50:49,134 tracking: rect=(23, 18, 1447, 1132) overlay_visible=True
2026-08-14 22:50:49,242 tracking: rect=(23, 18, 1447, 1132) overlay_visible=True
2026-08-14 22:50:49,353 tracking: rect=(23, 18, 1447, 1132) overlay_visible=True
2026-08-14 22:50:49,453 tracking: rect=(23, 18, 1447, 1132) overlay_visible=True
2026-08-14 22:50:49,553 tracking: rect=(23, 18, 1447, 1132) overlay_visible=True
2026-08-14 22:50:49,654 tracking: rect=(23, 18, 1447, 1132) overlay_visible=True
2026-08-14 22:50:49,759 tracking: rect=(23, 18, 1447, 1132) overlay_visible=True
2026-08-14 22:50:49,864 tracking: rect=(23, 18, 1447, 1132) overlay_visible=True
2026-08-14 22:50:49,980 tracking: rect=(23, 18, 1447, 1132) overlay_visible=True
2026-08-14 22:50:50,074 left click mode=judgement at (2090,358)
2026-08-14 22:50:50,090 tracking: rect=(23, 18, 1447, 1132) overlay_visible=True
2026-08-14 22:50:50,199 tracking: rect=(23, 18, 1447, 1132) overlay_visible=True
2026-08-14 22:50:50,308 tracking: rect=(23, 18, 1447, 1132) overlay_visible=True
2026-08-14 22:50:50,418 tracking: rect=(23, 18, 1447, 1132) overlay_visible=True
2026-08-14 22:50:50,511 left click mode=judgement at (2064,357)
2026-08-14 22:50:50,526 tracking: rect=(23, 18, 1447, 1132) overlay_visible=True
2026-08-14 22:50:50,627 tracking: rect=(23, 18, 1447, 1132) overlay_visible=True
2026-08-14 22:50:50,727 tracking: rect=(23, 18, 1447, 1132) overlay_visible=True
2026-08-14 22:50:50,828 tracking: rect=(23, 18, 1447, 1132) overlay_visible=True
2026-08-14 22:50:50,928 tracking: rect=(23, 18, 1447, 1132) overlay_visible=True
2026-08-14 22:50:51,029 tracking: rect=(23, 18, 1447, 1132) overlay_visible=True
2026-08-14 22:50:51,135 tracking: rect=(23, 18, 1447, 1132) overlay_visible=True
2026-08-14 22:50:51,245 tracking: rect=(23, 18, 1447, 1132) overlay_visible=True
2026-08-14 22:50:51,245 left click mode=judgement at (1856,387)
2026-08-14 22:50:51,355 tracking: rect=(23, 18, 1447, 1132) overlay_visible=True
2026-08-14 22:50:51,455 tracking: rect=(23, 18, 1447, 1132) overlay_visible=True
2026-08-14 22:50:51,556 tracking: rect=(23, 18, 1447, 1132) overlay_visible=True
2026-08-14 22:50:51,656 tracking: rect=(23, 18, 1447, 1132) overlay_visible=True
2026-08-14 22:50:51,759 tracking: rect=(23, 18, 1447, 1132) overlay_visible=True
2026-08-14 22:50:51,806 left click mode=judgement at (1794,337)
2026-08-14 22:50:51,859 tracking: rect=(23, 18, 1447, 1132) overlay_visible=True
2026-08-14 22:50:51,959 tracking: rect=(23, 18, 1447, 1132) overlay_visible=True
2026-08-14 22:50:52,067 tracking: rect=(23, 18, 1447, 1132) overlay_visible=True
2026-08-14 22:50:52,167 tracking: rect=(23, 18, 1447, 1132) overlay_visible=True
2026-08-14 22:50:52,274 tracking: rect=(23, 18, 1447, 1132) overlay_visible=True
2026-08-14 22:50:52,337 left click mode=judgement at (1950,343)
2026-08-14 22:50:52,383 tracking: rect=(23, 18, 1447, 1132) overlay_visible=True
2026-08-14 22:50:52,414 tracking: rect=(23, 18, 1447, 1132) overlay_visible=True
2026-08-14 22:50:52,493 tracking: rect=(23, 18, 1447, 1132) overlay_visible=True
2026-08-14 22:50:52,604 tracking: rect=(23, 18, 1447, 1132) overlay_visible=True
2026-08-14 22:50:52,712 tracking: rect=(23, 18, 1447, 1132) overlay_visible=True
2026-08-14 22:50:52,821 tracking: rect=(23, 18, 1447, 1132) overlay_visible=True
2026-08-14 22:50:52,930 tracking: rect=(23, 18, 1447, 1132) overlay_visible=True
2026-08-14 22:50:53,025 left click mode=judgement at (1950,343)
2026-08-14 22:50:53,041 tracking: rect=(23, 18, 1447, 1132) overlay_visible=True
2026-08-14 22:50:53,117 tracking: rect=(23, 18, 1447, 1132) overlay_visible=True
2026-08-14 22:50:53,149 tracking: rect=(23, 18, 1447, 1132) overlay_visible=True
2026-08-14 22:50:53,257 tracking: rect=(23, 18, 1447, 1132) overlay_visible=True
2026-08-14 22:50:53,366 tracking: rect=(23, 18, 1447, 1132) overlay_visible=True
2026-08-14 22:50:53,466 tracking: rect=(23, 18, 1447, 1132) overlay_visible=True
2026-08-14 22:50:53,566 tracking: rect=(23, 18, 1447, 1132) overlay_visible=True
2026-08-14 22:50:53,666 tracking: rect=(23, 18, 1447, 1132) overlay_visible=True
2026-08-14 22:50:53,768 tracking: rect=(23, 18, 1447, 1132) overlay_visible=True
2026-08-14 22:50:53,867 tracking: rect=(23, 18, 1447, 1132) overlay_visible=True
2026-08-14 22:50:53,970 tracking: rect=(23, 18, 1447, 1132) overlay_visible=True
2026-08-14 22:50:54,070 tracking: rect=(23, 18, 1447, 1132) overlay_visible=True
2026-08-14 22:50:54,163 left click mode=judgement at (2130,499)
2026-08-14 22:50:54,178 tracking: rect=(23, 18, 1447, 1132) overlay_visible=True
2026-08-14 22:50:54,287 tracking: rect=(23, 18, 1447, 1132) overlay_visible=True
2026-08-14 22:50:54,387 tracking: rect=(23, 18, 1447, 1132) overlay_visible=True
2026-08-14 22:50:54,487 tracking: rect=(23, 18, 1447, 1132) overlay_visible=True
2026-08-14 22:50:54,588 tracking: rect=(23, 18, 1447, 1132) overlay_visible=True
2026-08-14 22:50:54,688 tracking: rect=(23, 18, 1447, 1132) overlay_visible=True
2026-08-14 22:50:54,789 tracking: rect=(23, 18, 1447, 1132) overlay_visible=True
2026-08-14 22:50:54,889 tracking: rect=(23, 18, 1447, 1132) overlay_visible=True
2026-08-14 22:50:54,991 tracking: rect=(23, 18, 1447, 1132) overlay_visible=True
2026-08-14 22:50:55,097 tracking: rect=(23, 18, 1447, 1132) overlay_visible=True
2026-08-14 22:50:55,206 tracking: rect=(23, 18, 1447, 1132) overlay_visible=True
2026-08-14 22:50:55,307 tracking: rect=(23, 18, 1447, 1132) overlay_visible=True
2026-08-14 22:50:55,408 tracking: rect=(23, 18, 1447, 1132) overlay_visible=True
2026-08-14 22:50:55,518 tracking: rect=(23, 18, 1447, 1132) overlay_visible=True
2026-08-14 22:50:55,627 tracking: rect=(23, 18, 1447, 1132) overlay_visible=True
2026-08-14 22:50:55,736 tracking: rect=(23, 18, 1447, 1132) overlay_visible=True
2026-08-14 22:50:55,846 tracking: rect=(23, 18, 1447, 1132) overlay_visible=True
2026-08-14 22:50:55,955 tracking: rect=(23, 18, 1447, 1132) overlay_visible=True
2026-08-14 22:50:56,056 tracking: rect=(23, 18, 1447, 1132) overlay_visible=True
2026-08-14 22:50:56,156 tracking: rect=(23, 18, 1447, 1132) overlay_visible=True
2026-08-14 22:50:56,257 tracking: rect=(23, 18, 1447, 1132) overlay_visible=True
2026-08-14 22:50:56,358 tracking: rect=(23, 18, 1447, 1132) overlay_visible=True
2026-08-14 22:50:56,458 tracking: rect=(23, 18, 1447, 1132) overlay_visible=True
2026-08-14 22:50:56,562 tracking: rect=(23, 18, 1447, 1132) overlay_visible=True
2026-08-14 22:50:56,670 tracking: rect=(23, 18, 1447, 1132) overlay_visible=True
2026-08-14 22:50:56,778 tracking: rect=(23, 18, 1447, 1132) overlay_visible=True
2026-08-14 22:50:56,885 tracking: rect=(23, 18, 1447, 1132) overlay_visible=True
2026-08-14 22:50:56,997 tracking: rect=(23, 18, 1447, 1132) overlay_visible=True
2026-08-14 22:50:57,059 left click mode=judgement at (1775,336)
2026-08-14 22:50:57,097 tracking: rect=(23, 18, 1447, 1132) overlay_visible=True
2026-08-14 22:50:57,197 tracking: rect=(23, 18, 1447, 1132) overlay_visible=True
2026-08-14 22:50:57,309 tracking: rect=(23, 18, 1447, 1132) overlay_visible=True
2026-08-14 22:50:57,411 tracking: rect=(23, 18, 1447, 1132) overlay_visible=True
2026-08-14 22:50:57,512 tracking: rect=(23, 18, 1447, 1132) overlay_visible=True
2026-08-14 22:50:57,622 tracking: rect=(23, 18, 1447, 1132) overlay_visible=True
2026-08-14 22:50:57,731 tracking: rect=(23, 18, 1447, 1132) overlay_visible=True
2026-08-14 22:50:57,842 tracking: rect=(23, 18, 1447, 1132) overlay_visible=True
2026-08-14 22:50:57,951 tracking: rect=(23, 18, 1447, 1132) overlay_visible=True
2026-08-14 22:50:58,059 tracking: rect=(23, 18, 1447, 1132) overlay_visible=True
2026-08-14 22:50:58,169 tracking: rect=(23, 18, 1447, 1132) overlay_visible=True
2026-08-14 22:50:58,279 tracking: rect=(23, 18, 1447, 1132) overlay_visible=True
2026-08-14 22:50:58,387 tracking: rect=(23, 18, 1447, 1132) overlay_visible=True
2026-08-14 22:50:58,497 tracking: rect=(23, 18, 1447, 1132) overlay_visible=True
2026-08-14 22:50:58,597 tracking: rect=(23, 18, 1447, 1132) overlay_visible=True
2026-08-14 22:50:58,700 tracking: rect=(23, 18, 1447, 1132) overlay_visible=True
2026-08-14 22:50:58,808 tracking: rect=(23, 18, 1447, 1132) overlay_visible=True
2026-08-14 22:50:58,916 tracking: rect=(23, 18, 1447, 1132) overlay_visible=True
2026-08-14 22:50:59,017 tracking: rect=(23, 18, 1447, 1132) overlay_visible=True
2026-08-14 22:50:59,119 tracking: rect=(23, 18, 1447, 1132) overlay_visible=True
2026-08-14 22:50:59,228 tracking: rect=(23, 18, 1447, 1132) overlay_visible=True
2026-08-14 22:50:59,338 tracking: rect=(23, 18, 1447, 1132) overlay_visible=True
2026-08-14 22:50:59,447 tracking: rect=(23, 18, 1447, 1132) overlay_visible=True
2026-08-14 22:50:59,557 tracking: rect=(23, 18, 1447, 1132) overlay_visible=True
2026-08-14 22:50:59,668 tracking: rect=(23, 18, 1447, 1132) overlay_visible=True
2026-08-14 22:50:59,768 tracking: rect=(23, 18, 1447, 1132) overlay_visible=True
2026-08-14 22:50:59,870 tracking: rect=(23, 18, 1447, 1132) overlay_visible=True
2026-08-14 22:50:59,980 tracking: rect=(23, 18, 1447, 1132) overlay_visible=True
2026-08-14 22:51:00,090 tracking: rect=(23, 18, 1447, 1132) overlay_visible=True
2026-08-14 22:51:00,200 tracking: rect=(23, 18, 1447, 1132) overlay_visible=True
2026-08-14 22:51:00,309 tracking: rect=(23, 18, 1447, 1132) overlay_visible=True
2026-08-14 22:51:00,419 tracking: rect=(23, 18, 1447, 1132) overlay_visible=True
2026-08-14 22:51:00,529 tracking: rect=(23, 18, 1447, 1132) overlay_visible=True
2026-08-14 22:51:00,629 tracking: rect=(23, 18, 1447, 1132) overlay_visible=True
2026-08-14 22:51:00,730 tracking: rect=(23, 18, 1447, 1132) overlay_visible=True
2026-08-14 22:51:00,830 tracking: rect=(23, 18, 1447, 1132) overlay_visible=True
2026-08-14 22:51:00,931 tracking: rect=(23, 18, 1447, 1132) overlay_visible=True
2026-08-14 22:51:01,042 tracking: rect=(23, 18, 1447, 1132) overlay_visible=True
2026-08-14 22:51:01,151 tracking: rect=(23, 18, 1447, 1132) overlay_visible=True
2026-08-14 22:51:01,251 tracking: rect=(23, 18, 1447, 1132) overlay_visible=True
2026-08-14 22:51:01,355 tracking: rect=(23, 18, 1447, 1132) overlay_visible=True
2026-08-14 22:51:01,433 left click mode=judgement at (1778,350)
2026-08-14 22:51:01,465 tracking: rect=(23, 18, 1447, 1132) overlay_visible=True
2026-08-14 22:51:01,566 tracking: rect=(23, 18, 1447, 1132) overlay_visible=True
2026-08-14 22:51:01,666 tracking: rect=(23, 18, 1447, 1132) overlay_visible=True
2026-08-14 22:51:01,778 tracking: rect=(23, 18, 1447, 1132) overlay_visible=True
2026-08-14 22:51:01,887 tracking: rect=(23, 18, 1447, 1132) overlay_visible=True
2026-08-14 22:51:01,998 tracking: rect=(23, 18, 1447, 1132) overlay_visible=True
2026-08-14 22:51:02,106 tracking: rect=(23, 18, 1447, 1132) overlay_visible=True
2026-08-14 22:51:02,216 tracking: rect=(23, 18, 1447, 1132) overlay_visible=True
2026-08-14 22:51:02,325 tracking: rect=(23, 18, 1447, 1132) overlay_visible=True
2026-08-14 22:51:02,435 tracking: rect=(23, 18, 1447, 1132) overlay_visible=True
2026-08-14 22:51:02,543 tracking: rect=(23, 18, 1447, 1132) overlay_visible=True
2026-08-14 22:51:02,650 tracking: rect=(23, 18, 1447, 1132) overlay_visible=True
2026-08-14 22:51:02,758 tracking: rect=(23, 18, 1447, 1132) overlay_visible=True
2026-08-14 22:51:02,867 tracking: rect=(23, 18, 1447, 1132) overlay_visible=True
2026-08-14 22:51:02,977 tracking: rect=(23, 18, 1447, 1132) overlay_visible=True
2026-08-14 22:51:03,085 tracking: rect=(23, 18, 1447, 1132) overlay_visible=True
2026-08-14 22:51:03,195 tracking: rect=(23, 18, 1447, 1132) overlay_visible=True
2026-08-14 22:51:03,305 tracking: rect=(23, 18, 1447, 1132) overlay_visible=True
2026-08-14 22:51:03,415 tracking: rect=(23, 18, 1447, 1132) overlay_visible=True
2026-08-14 22:51:03,525 tracking: rect=(23, 18, 1447, 1132) overlay_visible=True
2026-08-14 22:51:03,634 tracking: rect=(23, 18, 1447, 1132) overlay_visible=True
2026-08-14 22:51:03,743 tracking: rect=(23, 18, 1447, 1132) overlay_visible=True
2026-08-14 22:51:03,853 tracking: rect=(23, 18, 1447, 1132) overlay_visible=True
2026-08-14 22:51:03,963 tracking: rect=(23, 18, 1447, 1132) overlay_visible=True
2026-08-14 22:51:04,073 tracking: rect=(23, 18, 1447, 1132) overlay_visible=True
2026-08-14 22:51:04,183 tracking: rect=(23, 18, 1447, 1132) overlay_visible=True
2026-08-14 22:51:04,283 tracking: rect=(23, 18, 1447, 1132) overlay_visible=True
2026-08-14 22:51:04,385 tracking: rect=(23, 18, 1447, 1132) overlay_visible=True
2026-08-14 22:51:04,486 tracking: rect=(23, 18, 1447, 1132) overlay_visible=True
2026-08-14 22:51:04,586 tracking: rect=(23, 18, 1447, 1132) overlay_visible=True
2026-08-14 22:51:04,687 tracking: rect=(23, 18, 1447, 1132) overlay_visible=True
2026-08-14 22:51:04,787 tracking: rect=(23, 18, 1447, 1132) overlay_visible=True
2026-08-14 22:51:04,900 tracking: rect=(23, 18, 1447, 1132) overlay_visible=True
2026-08-14 22:51:04,915 left click mode=judgement at (2074,482)
2026-08-14 22:51:05,000 tracking: rect=(23, 18, 1447, 1132) overlay_visible=True
2026-08-14 22:51:05,105 tracking: rect=(23, 18, 1447, 1132) overlay_visible=True
2026-08-14 22:51:05,211 tracking: rect=(23, 18, 1447, 1132) overlay_visible=True
2026-08-14 22:51:05,311 tracking: rect=(23, 18, 1447, 1132) overlay_visible=True
2026-08-14 22:51:05,412 tracking: rect=(23, 18, 1447, 1132) overlay_visible=True
2026-08-14 22:51:05,512 tracking: rect=(23, 18, 1447, 1132) overlay_visible=True
2026-08-14 22:51:05,619 tracking: rect=(23, 18, 1447, 1132) overlay_visible=True
2026-08-14 22:51:05,719 tracking: rect=(23, 18, 1447, 1132) overlay_visible=True
2026-08-14 22:51:05,822 tracking: rect=(23, 18, 1447, 1132) overlay_visible=True
2026-08-14 22:51:05,915 left click mode=judgement at (2086,346)
2026-08-14 22:51:05,930 tracking: rect=(23, 18, 1447, 1132) overlay_visible=True
2026-08-14 22:51:06,039 tracking: rect=(23, 18, 1447, 1132) overlay_visible=True
2026-08-14 22:51:06,139 tracking: rect=(23, 18, 1447, 1132) overlay_visible=True
2026-08-14 22:51:06,240 tracking: rect=(23, 18, 1447, 1132) overlay_visible=True
2026-08-14 22:51:06,349 tracking: rect=(23, 18, 1447, 1132) overlay_visible=True
2026-08-14 22:51:06,459 tracking: rect=(23, 18, 1447, 1132) overlay_visible=True
2026-08-14 22:51:06,569 tracking: rect=(23, 18, 1447, 1132) overlay_visible=True
2026-08-14 22:51:06,679 tracking: rect=(23, 18, 1447, 1132) overlay_visible=True
2026-08-14 22:51:06,787 tracking: rect=(23, 18, 1447, 1132) overlay_visible=True
2026-08-14 22:51:06,850 left click mode=judgement at (1960,345)
2026-08-14 22:51:06,897 tracking: rect=(23, 18, 1447, 1132) overlay_visible=True
2026-08-14 22:51:06,923 tracking: rect=(23, 18, 1447, 1132) overlay_visible=True
2026-08-14 22:51:07,007 tracking: rect=(23, 18, 1447, 1132) overlay_visible=True
2026-08-14 22:51:07,116 tracking: rect=(23, 18, 1447, 1132) overlay_visible=True
2026-08-14 22:51:07,226 tracking: rect=(23, 18, 1447, 1132) overlay_visible=True
2026-08-14 22:51:07,333 tracking: rect=(23, 18, 1447, 1132) overlay_visible=True
2026-08-14 22:51:07,442 tracking: rect=(23, 18, 1447, 1132) overlay_visible=True
2026-08-14 22:51:07,551 tracking: rect=(23, 18, 1447, 1132) overlay_visible=True
2026-08-14 22:51:07,661 tracking: rect=(23, 18, 1447, 1132) overlay_visible=True
2026-08-14 22:51:07,768 tracking: rect=(23, 18, 1447, 1132) overlay_visible=True
2026-08-14 22:51:07,877 tracking: rect=(23, 18, 1447, 1132) overlay_visible=True
2026-08-14 22:51:07,986 tracking: rect=(23, 18, 1447, 1132) overlay_visible=True
2026-08-14 22:51:08,097 tracking: rect=(23, 18, 1447, 1132) overlay_visible=True
2026-08-14 22:51:08,206 tracking: rect=(23, 18, 1447, 1132) overlay_visible=True
2026-08-14 22:51:08,315 tracking: rect=(23, 18, 1447, 1132) overlay_visible=True
2026-08-14 22:51:08,424 tracking: rect=(23, 18, 1447, 1132) overlay_visible=True
2026-08-14 22:51:08,533 tracking: rect=(23, 18, 1447, 1132) overlay_visible=True
2026-08-14 22:51:08,641 tracking: rect=(23, 18, 1447, 1132) overlay_visible=True
2026-08-14 22:51:08,752 tracking: rect=(23, 18, 1447, 1132) overlay_visible=True
2026-08-14 22:51:08,861 tracking: rect=(23, 18, 1447, 1132) overlay_visible=True
2026-08-14 22:51:08,970 tracking: rect=(23, 18, 1447, 1132) overlay_visible=True
2026-08-14 22:51:09,079 tracking: rect=(23, 18, 1447, 1132) overlay_visible=True
2026-08-14 22:51:09,187 tracking: rect=(23, 18, 1447, 1132) overlay_visible=True
2026-08-14 22:51:09,296 tracking: rect=(23, 18, 1447, 1132) overlay_visible=True
2026-08-14 22:51:09,405 tracking: rect=(23, 18, 1447, 1132) overlay_visible=True
2026-08-14 22:51:09,515 tracking: rect=(23, 18, 1447, 1132) overlay_visible=True
2026-08-14 22:51:09,625 tracking: rect=(23, 18, 1447, 1132) overlay_visible=True
2026-08-14 22:51:09,734 tracking: rect=(23, 18, 1447, 1132) overlay_visible=True
2026-08-14 22:51:09,842 tracking: rect=(23, 18, 1447, 1132) overlay_visible=True
2026-08-14 22:51:09,952 tracking: rect=(23, 18, 1447, 1132) overlay_visible=True
2026-08-14 22:51:10,061 tracking: rect=(23, 18, 1447, 1132) overlay_visible=True
2026-08-14 22:51:10,171 tracking: rect=(23, 18, 1447, 1132) overlay_visible=True
2026-08-14 22:51:10,279 tracking: rect=(23, 18, 1447, 1132) overlay_visible=True
2026-08-14 22:51:10,389 tracking: rect=(23, 18, 1447, 1132) overlay_visible=True
2026-08-14 22:51:10,496 tracking: rect=(23, 18, 1447, 1132) overlay_visible=True
2026-08-14 22:51:10,604 tracking: rect=(23, 18, 1447, 1132) overlay_visible=True
2026-08-14 22:51:10,703 tracking: rect=(23, 18, 1447, 1132) overlay_visible=True
2026-08-14 22:51:10,804 tracking: rect=(23, 18, 1447, 1132) overlay_visible=True
2026-08-14 22:51:10,917 tracking: rect=(23, 18, 1447, 1132) overlay_visible=True
2026-08-14 22:51:11,021 tracking: rect=(23, 18, 1447, 1132) overlay_visible=True
2026-08-14 22:51:11,130 tracking: rect=(23, 18, 1447, 1132) overlay_visible=True
2026-08-14 22:51:11,230 tracking: rect=(23, 18, 1447, 1132) overlay_visible=True
2026-08-14 22:51:11,331 tracking: rect=(23, 18, 1447, 1132) overlay_visible=True
2026-08-14 22:51:11,431 tracking: rect=(23, 18, 1447, 1132) overlay_visible=True
2026-08-14 22:51:11,540 tracking: rect=(23, 18, 1447, 1132) overlay_visible=True
2026-08-14 22:51:11,648 tracking: rect=(23, 18, 1447, 1132) overlay_visible=True
2026-08-14 22:51:11,755 tracking: rect=(23, 18, 1447, 1132) overlay_visible=True
2026-08-14 22:51:11,856 tracking: rect=(23, 18, 1447, 1132) overlay_visible=True
2026-08-14 22:51:11,956 tracking: rect=(23, 18, 1447, 1132) overlay_visible=True
2026-08-14 22:51:12,057 tracking: rect=(23, 18, 1447, 1132) overlay_visible=True
2026-08-14 22:51:12,159 tracking: rect=(23, 18, 1447, 1132) overlay_visible=True
2026-08-14 22:51:12,274 tracking: rect=(23, 18, 1447, 1132) overlay_visible=True
2026-08-14 22:51:12,378 tracking: rect=(23, 18, 1447, 1132) overlay_visible=True
2026-08-14 22:51:12,492 tracking: rect=(23, 18, 1447, 1132) overlay_visible=True
2026-08-14 22:51:12,601 tracking: rect=(23, 18, 1447, 1132) overlay_visible=True
2026-08-14 22:51:12,710 tracking: rect=(23, 18, 1447, 1132) overlay_visible=True
2026-08-14 22:51:12,810 tracking: rect=(23, 18, 1447, 1132) overlay_visible=True
2026-08-14 22:51:12,911 tracking: rect=(23, 18, 1447, 1132) overlay_visible=True
2026-08-14 22:51:13,011 tracking: rect=(23, 18, 1447, 1132) overlay_visible=True
2026-08-14 22:51:13,118 tracking: rect=(23, 18, 1447, 1132) overlay_visible=True
2026-08-14 22:51:13,213 left click mode=judgement at (1922,353)
2026-08-14 22:51:13,229 tracking: rect=(23, 18, 1447, 1132) overlay_visible=True
2026-08-14 22:51:13,291 tracking: rect=(23, 18, 1447, 1132) overlay_visible=True
2026-08-14 22:51:13,339 tracking: rect=(23, 18, 1447, 1132) overlay_visible=True
2026-08-14 22:51:13,448 tracking: rect=(23, 18, 1447, 1132) overlay_visible=True
2026-08-14 22:51:13,558 tracking: rect=(23, 18, 1447, 1132) overlay_visible=True
2026-08-14 22:51:13,666 tracking: rect=(23, 18, 1447, 1132) overlay_visible=True
2026-08-14 22:51:13,769 tracking: rect=(23, 18, 1447, 1132) overlay_visible=True
2026-08-14 22:51:13,870 tracking: rect=(23, 18, 1447, 1132) overlay_visible=True
2026-08-14 22:51:13,981 tracking: rect=(23, 18, 1447, 1132) overlay_visible=True
2026-08-14 22:51:14,090 tracking: rect=(23, 18, 1447, 1132) overlay_visible=True
2026-08-14 22:51:14,199 tracking: rect=(23, 18, 1447, 1132) overlay_visible=True
2026-08-14 22:51:14,309 tracking: rect=(23, 18, 1447, 1132) overlay_visible=True
2026-08-14 22:51:14,418 tracking: rect=(23, 18, 1447, 1132) overlay_visible=True
2026-08-14 22:51:14,527 tracking: rect=(23, 18, 1447, 1132) overlay_visible=True
2026-08-14 22:51:14,636 tracking: rect=(23, 18, 1447, 1132) overlay_visible=True
2026-08-14 22:51:14,745 tracking: rect=(23, 18, 1447, 1132) overlay_visible=True
2026-08-14 22:51:14,855 tracking: rect=(23, 18, 1447, 1132) overlay_visible=True
2026-08-14 22:51:14,965 tracking: rect=(23, 18, 1447, 1132) overlay_visible=True
2026-08-14 22:51:15,075 tracking: rect=(23, 18, 1447, 1132) overlay_visible=True
2026-08-14 22:51:15,184 tracking: rect=(23, 18, 1447, 1132) overlay_visible=True
2026-08-14 22:51:15,292 tracking: rect=(23, 18, 1447, 1132) overlay_visible=True
2026-08-14 22:51:15,401 tracking: rect=(23, 18, 1447, 1132) overlay_visible=True
2026-08-14 22:51:15,511 tracking: rect=(23, 18, 1447, 1132) overlay_visible=True
2026-08-14 22:51:15,621 tracking: rect=(23, 18, 1447, 1132) overlay_visible=True
2026-08-14 22:51:15,731 tracking: rect=(23, 18, 1447, 1132) overlay_visible=True
2026-08-14 22:51:15,839 tracking: rect=(23, 18, 1447, 1132) overlay_visible=True
2026-08-14 22:51:15,948 tracking: rect=(23, 18, 1447, 1132) overlay_visible=True
2026-08-14 22:51:16,057 tracking: rect=(23, 18, 1447, 1132) overlay_visible=True
2026-08-14 22:51:16,165 tracking: rect=(23, 18, 1447, 1132) overlay_visible=True
2026-08-14 22:51:16,274 tracking: rect=(23, 18, 1447, 1132) overlay_visible=True
2026-08-14 22:51:16,383 tracking: rect=(23, 18, 1447, 1132) overlay_visible=True
2026-08-14 22:51:16,491 tracking: rect=(23, 18, 1447, 1132) overlay_visible=True
2026-08-14 22:51:16,600 tracking: rect=(23, 18, 1447, 1132) overlay_visible=True
2026-08-14 22:51:16,702 tracking: rect=(23, 18, 1447, 1132) overlay_visible=True
2026-08-14 22:51:16,804 tracking: rect=(23, 18, 1447, 1132) overlay_visible=True
2026-08-14 22:51:16,911 tracking: rect=(23, 18, 1447, 1132) overlay_visible=True
2026-08-14 22:51:17,020 tracking: rect=(23, 18, 1447, 1132) overlay_visible=True
2026-08-14 22:51:17,120 tracking: rect=(23, 18, 1447, 1132) overlay_visible=True
2026-08-14 22:51:17,221 tracking: rect=(23, 18, 1447, 1132) overlay_visible=True
2026-08-14 22:51:17,331 tracking: rect=(23, 18, 1447, 1132) overlay_visible=True
2026-08-14 22:51:17,441 tracking: rect=(23, 18, 1447, 1132) overlay_visible=True
2026-08-14 22:51:17,551 tracking: rect=(23, 18, 1447, 1132) overlay_visible=True
2026-08-14 22:51:17,660 tracking: rect=(23, 18, 1447, 1132) overlay_visible=True
2026-08-14 22:51:17,760 tracking: rect=(23, 18, 1447, 1132) overlay_visible=True
2026-08-14 22:51:17,861 tracking: rect=(23, 18, 1447, 1132) overlay_visible=True
2026-08-14 22:51:17,961 tracking: rect=(23, 18, 1447, 1132) overlay_visible=True
2026-08-14 22:51:18,063 tracking: rect=(23, 18, 1447, 1132) overlay_visible=True
2026-08-14 22:51:18,173 tracking: rect=(23, 18, 1447, 1132) overlay_visible=True
2026-08-14 22:51:18,276 tracking: rect=(23, 18, 1447, 1132) overlay_visible=True
2026-08-14 22:51:18,391 tracking: rect=(23, 18, 1447, 1132) overlay_visible=True
2026-08-14 22:51:18,499 tracking: rect=(23, 18, 1447, 1132) overlay_visible=True
2026-08-14 22:51:18,609 tracking: rect=(23, 18, 1447, 1132) overlay_visible=True
2026-08-14 22:51:18,711 tracking: rect=(23, 18, 1447, 1132) overlay_visible=True
2026-08-14 22:51:18,811 tracking: rect=(23, 18, 1447, 1132) overlay_visible=True
2026-08-14 22:51:18,912 tracking: rect=(23, 18, 1447, 1132) overlay_visible=True
2026-08-14 22:51:19,012 tracking: rect=(23, 18, 1447, 1132) overlay_visible=True
2026-08-14 22:51:19,115 tracking: rect=(23, 18, 1447, 1132) overlay_visible=True
2026-08-14 22:51:19,215 tracking: rect=(23, 18, 1447, 1132) overlay_visible=True
2026-08-14 22:51:19,323 tracking: rect=(23, 18, 1447, 1132) overlay_visible=True
2026-08-14 22:51:19,428 tracking: rect=(23, 18, 1447, 1132) overlay_visible=True
2026-08-14 22:51:19,528 tracking: rect=(23, 18, 1447, 1132) overlay_visible=True
2026-08-14 22:51:19,634 tracking: rect=(23, 18, 1447, 1132) overlay_visible=True
2026-08-14 22:51:19,734 tracking: rect=(23, 18, 1447, 1132) overlay_visible=True
2026-08-14 22:51:19,836 tracking: rect=(23, 18, 1447, 1132) overlay_visible=True
2026-08-14 22:51:19,946 tracking: rect=(23, 18, 1447, 1132) overlay_visible=True
2026-08-14 22:51:20,040 left click mode=judgement at (1749,457)
2026-08-14 22:51:20,056 tracking: rect=(23, 18, 1447, 1132) overlay_visible=True
2026-08-14 22:51:20,167 tracking: rect=(23, 18, 1447, 1132) overlay_visible=True
2026-08-14 22:51:20,267 tracking: rect=(23, 18, 1447, 1132) overlay_visible=True
2026-08-14 22:51:20,369 tracking: rect=(23, 18, 1447, 1132) overlay_visible=True
2026-08-14 22:51:20,478 tracking: rect=(23, 18, 1447, 1132) overlay_visible=True
2026-08-14 22:51:20,588 tracking: rect=(23, 18, 1447, 1132) overlay_visible=True
2026-08-14 22:51:20,697 tracking: rect=(23, 18, 1447, 1132) overlay_visible=True
2026-08-14 22:51:20,805 tracking: rect=(23, 18, 1447, 1132) overlay_visible=True
2026-08-14 22:51:20,913 tracking: rect=(23, 18, 1447, 1132) overlay_visible=True
2026-08-14 22:51:21,023 tracking: rect=(23, 18, 1447, 1132) overlay_visible=True
2026-08-14 22:51:21,133 tracking: rect=(23, 18, 1447, 1132) overlay_visible=True
2026-08-14 22:51:21,243 tracking: rect=(23, 18, 1447, 1132) overlay_visible=True
2026-08-14 22:51:21,345 tracking: rect=(23, 18, 1447, 1132) overlay_visible=True
2026-08-14 22:51:21,445 tracking: rect=(23, 18, 1447, 1132) overlay_visible=True
2026-08-14 22:51:21,546 tracking: rect=(23, 18, 1447, 1132) overlay_visible=True
2026-08-14 22:51:21,646 tracking: rect=(23, 18, 1447, 1132) overlay_visible=True
2026-08-14 22:51:21,748 tracking: rect=(23, 18, 1447, 1132) overlay_visible=True
2026-08-14 22:51:21,848 tracking: rect=(23, 18, 1447, 1132) overlay_visible=True
2026-08-14 22:51:21,949 tracking: rect=(23, 18, 1447, 1132) overlay_visible=True
2026-08-14 22:51:22,052 tracking: rect=(23, 18, 1447, 1132) overlay_visible=True
2026-08-14 22:51:22,160 tracking: rect=(23, 18, 1447, 1132) overlay_visible=True
2026-08-14 22:51:22,269 tracking: rect=(23, 18, 1447, 1132) overlay_visible=True
2026-08-14 22:51:22,378 tracking: rect=(23, 18, 1447, 1132) overlay_visible=True
2026-08-14 22:51:22,488 tracking: rect=(23, 18, 1447, 1132) overlay_visible=True
2026-08-14 22:51:22,598 tracking: rect=(23, 18, 1447, 1132) overlay_visible=True
2026-08-14 22:51:22,706 tracking: rect=(23, 18, 1447, 1132) overlay_visible=True
2026-08-14 22:51:22,815 tracking: rect=(23, 18, 1447, 1132) overlay_visible=True
2026-08-14 22:51:22,925 tracking: rect=(23, 18, 1447, 1132) overlay_visible=True
2026-08-14 22:51:23,035 tracking: rect=(23, 18, 1447, 1132) overlay_visible=True
2026-08-14 22:51:23,145 tracking: rect=(23, 18, 1447, 1132) overlay_visible=True
2026-08-14 22:51:23,255 tracking: rect=(23, 18, 1447, 1132) overlay_visible=True
2026-08-14 22:51:23,365 tracking: rect=(23, 18, 1447, 1132) overlay_visible=True
2026-08-14 22:51:23,475 tracking: rect=(23, 18, 1447, 1132) overlay_visible=True
2026-08-14 22:51:23,584 tracking: rect=(23, 18, 1447, 1132) overlay_visible=True
2026-08-14 22:51:23,693 tracking: rect=(23, 18, 1447, 1132) overlay_visible=True
2026-08-14 22:51:23,802 tracking: rect=(23, 18, 1447, 1132) overlay_visible=True
2026-08-14 22:51:23,911 tracking: rect=(23, 18, 1447, 1132) overlay_visible=True
2026-08-14 22:51:24,019 tracking: rect=(23, 18, 1447, 1132) overlay_visible=True
2026-08-14 22:51:24,128 tracking: rect=(23, 18, 1447, 1132) overlay_visible=True
2026-08-14 22:51:24,237 tracking: rect=(23, 18, 1447, 1132) overlay_visible=True
2026-08-14 22:51:24,337 tracking: rect=(23, 18, 1447, 1132) overlay_visible=True
2026-08-14 22:51:24,438 tracking: rect=(23, 18, 1447, 1132) overlay_visible=True
2026-08-14 22:51:24,539 tracking: rect=(23, 18, 1447, 1132) overlay_visible=True
2026-08-14 22:51:24,641 tracking: rect=(23, 18, 1447, 1132) overlay_visible=True
2026-08-14 22:51:24,741 tracking: rect=(23, 18, 1447, 1132) overlay_visible=True
2026-08-14 22:51:24,849 tracking: rect=(23, 18, 1447, 1132) overlay_visible=True
2026-08-14 22:51:24,958 tracking: rect=(23, 18, 1447, 1132) overlay_visible=True
2026-08-14 22:51:25,067 tracking: rect=(23, 18, 1447, 1132) overlay_visible=True
2026-08-14 22:51:25,145 left click mode=eyedrop_bg at (1766,445)
2026-08-14 22:51:25,176 tracking: rect=(23, 18, 1447, 1132) overlay_visible=True
2026-08-14 22:51:25,284 tracking: rect=(23, 18, 1447, 1132) overlay_visible=True
2026-08-14 22:51:25,393 tracking: rect=(23, 18, 1447, 1132) overlay_visible=True
2026-08-14 22:51:25,495 tracking: rect=(23, 18, 1447, 1132) overlay_visible=True
2026-08-14 22:51:25,599 tracking: rect=(23, 18, 1447, 1132) overlay_visible=True
2026-08-14 22:51:25,707 tracking: rect=(23, 18, 1447, 1132) overlay_visible=True
2026-08-14 22:51:25,817 tracking: rect=(23, 18, 1447, 1132) overlay_visible=True
2026-08-14 22:51:25,926 tracking: rect=(23, 18, 1447, 1132) overlay_visible=True
2026-08-14 22:51:26,036 tracking: rect=(23, 18, 1447, 1132) overlay_visible=True
2026-08-14 22:51:26,145 tracking: rect=(23, 18, 1447, 1132) overlay_visible=True
2026-08-14 22:51:26,207 left click mode=eyedrop_bg at (1267,510)
2026-08-14 22:51:26,254 tracking: rect=(23, 18, 1447, 1132) overlay_visible=True
2026-08-14 22:51:26,363 tracking: rect=(23, 18, 1447, 1132) overlay_visible=True
2026-08-14 22:51:26,472 tracking: rect=(23, 18, 1447, 1132) overlay_visible=True
2026-08-14 22:51:26,581 tracking: rect=(23, 18, 1447, 1132) overlay_visible=True
2026-08-14 22:51:26,691 tracking: rect=(23, 18, 1447, 1132) overlay_visible=True
2026-08-14 22:51:26,799 tracking: rect=(23, 18, 1447, 1132) overlay_visible=True
2026-08-14 22:51:26,909 tracking: rect=(23, 18, 1447, 1132) overlay_visible=True
2026-08-14 22:51:27,017 tracking: rect=(23, 18, 1447, 1132) overlay_visible=True
2026-08-14 22:51:27,126 tracking: rect=(23, 18, 1447, 1132) overlay_visible=True
2026-08-14 22:51:27,235 tracking: rect=(23, 18, 1447, 1132) overlay_visible=True
2026-08-14 22:51:27,343 tracking: rect=(23, 18, 1447, 1132) overlay_visible=True
2026-08-14 22:51:27,452 tracking: rect=(23, 18, 1447, 1132) overlay_visible=True
2026-08-14 22:51:27,561 tracking: rect=(23, 18, 1447, 1132) overlay_visible=True
2026-08-14 22:51:27,671 tracking: rect=(23, 18, 1447, 1132) overlay_visible=True
2026-08-14 22:51:27,780 tracking: rect=(23, 18, 1447, 1132) overlay_visible=True
2026-08-14 22:51:27,889 tracking: rect=(23, 18, 1447, 1132) overlay_visible=True
2026-08-14 22:51:27,998 tracking: rect=(23, 18, 1447, 1132) overlay_visible=True
2026-08-14 22:51:27,999 left click mode=eyedrop_bg at (1246,548)
2026-08-14 22:51:28,108 tracking: rect=(23, 18, 1447, 1132) overlay_visible=True
2026-08-14 22:51:28,216 tracking: rect=(23, 18, 1447, 1132) overlay_visible=True
2026-08-14 22:51:28,325 tracking: rect=(23, 18, 1447, 1132) overlay_visible=True
2026-08-14 22:51:28,435 tracking: rect=(23, 18, 1447, 1132) overlay_visible=True
2026-08-14 22:51:28,546 tracking: rect=(23, 18, 1447, 1132) overlay_visible=True
2026-08-14 22:51:28,655 tracking: rect=(23, 18, 1447, 1132) overlay_visible=True
2026-08-14 22:51:28,765 tracking: rect=(23, 18, 1447, 1132) overlay_visible=True
2026-08-14 22:51:28,875 tracking: rect=(23, 18, 1447, 1132) overlay_visible=True
2026-08-14 22:51:28,983 tracking: rect=(23, 18, 1447, 1132) overlay_visible=True
2026-08-14 22:51:29,084 tracking: rect=(23, 18, 1447, 1132) overlay_visible=True
2026-08-14 22:51:29,186 tracking: rect=(23, 18, 1447, 1132) overlay_visible=True
2026-08-14 22:51:29,290 tracking: rect=(23, 18, 1447, 1132) overlay_visible=True
2026-08-14 22:51:29,402 tracking: rect=(23, 18, 1447, 1132) overlay_visible=True
2026-08-14 22:51:29,511 tracking: rect=(23, 18, 1447, 1132) overlay_visible=True
2026-08-14 22:51:29,573 left click mode=eyedrop_bg at (1799,461)
2026-08-14 22:51:29,621 tracking: rect=(23, 18, 1447, 1132) overlay_visible=True
2026-08-14 22:51:29,731 tracking: rect=(23, 18, 1447, 1132) overlay_visible=True
2026-08-14 22:51:29,840 tracking: rect=(23, 18, 1447, 1132) overlay_visible=True
2026-08-14 22:51:29,948 tracking: rect=(23, 18, 1447, 1132) overlay_visible=True
2026-08-14 22:51:30,058 tracking: rect=(23, 18, 1447, 1132) overlay_visible=True
2026-08-14 22:51:30,163 tracking: rect=(23, 18, 1447, 1132) overlay_visible=True
2026-08-14 22:51:30,263 tracking: rect=(23, 18, 1447, 1132) overlay_visible=True
2026-08-14 22:51:30,371 tracking: rect=(23, 18, 1447, 1132) overlay_visible=True
2026-08-14 22:51:30,480 tracking: rect=(23, 18, 1447, 1132) overlay_visible=True
2026-08-14 22:51:30,589 tracking: rect=(23, 18, 1447, 1132) overlay_visible=True
2026-08-14 22:51:30,698 tracking: rect=(23, 18, 1447, 1132) overlay_visible=True
2026-08-14 22:51:30,744 left click mode=eyedrop_bg at (1315,496)
2026-08-14 22:51:30,806 tracking: rect=(23, 18, 1447, 1132) overlay_visible=True
2026-08-14 22:51:30,916 tracking: rect=(23, 18, 1447, 1132) overlay_visible=True
2026-08-14 22:51:31,025 tracking: rect=(23, 18, 1447, 1132) overlay_visible=True
2026-08-14 22:51:31,125 tracking: rect=(23, 18, 1447, 1132) overlay_visible=True
2026-08-14 22:51:31,230 tracking: rect=(23, 18, 1447, 1132) overlay_visible=True
2026-08-14 22:51:31,330 tracking: rect=(23, 18, 1447, 1132) overlay_visible=True
2026-08-14 22:51:31,433 tracking: rect=(23, 18, 1447, 1132) overlay_visible=True
2026-08-14 22:51:31,539 tracking: rect=(23, 18, 1447, 1132) overlay_visible=True
2026-08-14 22:51:31,647 tracking: rect=(23, 18, 1447, 1132) overlay_visible=True
2026-08-14 22:51:31,758 tracking: rect=(23, 18, 1447, 1132) overlay_visible=True
2026-08-14 22:51:31,867 tracking: rect=(23, 18, 1447, 1132) overlay_visible=True
2026-08-14 22:51:31,969 tracking: rect=(23, 18, 1447, 1132) overlay_visible=True
2026-08-14 22:51:32,069 tracking: rect=(23, 18, 1447, 1132) overlay_visible=True
2026-08-14 22:51:32,170 tracking: rect=(23, 18, 1447, 1132) overlay_visible=True
2026-08-14 22:51:32,273 tracking: rect=(23, 18, 1447, 1132) overlay_visible=True
2026-08-14 22:51:32,381 tracking: rect=(23, 18, 1447, 1132) overlay_visible=True
2026-08-14 22:51:32,490 tracking: rect=(23, 18, 1447, 1132) overlay_visible=True
2026-08-14 22:51:32,600 tracking: rect=(23, 18, 1447, 1132) overlay_visible=True
2026-08-14 22:51:32,707 tracking: rect=(23, 18, 1447, 1132) overlay_visible=True
2026-08-14 22:51:32,817 tracking: rect=(23, 18, 1447, 1132) overlay_visible=True
2026-08-14 22:51:32,918 tracking: rect=(23, 18, 1447, 1132) overlay_visible=True
2026-08-14 22:51:33,018 tracking: rect=(23, 18, 1447, 1132) overlay_visible=True
2026-08-14 22:51:33,127 tracking: rect=(23, 18, 1447, 1132) overlay_visible=True
2026-08-14 22:51:33,238 tracking: rect=(23, 18, 1447, 1132) overlay_visible=True
2026-08-14 22:51:33,340 tracking: rect=(23, 18, 1447, 1132) overlay_visible=True
2026-08-14 22:51:33,441 tracking: rect=(23, 18, 1447, 1132) overlay_visible=True
2026-08-14 22:51:33,549 tracking: rect=(23, 18, 1447, 1132) overlay_visible=True
2026-08-14 22:51:33,657 tracking: rect=(23, 18, 1447, 1132) overlay_visible=True
2026-08-14 22:51:33,767 tracking: rect=(23, 18, 1447, 1132) overlay_visible=True
2026-08-14 22:51:33,876 tracking: rect=(23, 18, 1447, 1132) overlay_visible=True
2026-08-14 22:51:33,984 tracking: rect=(23, 18, 1447, 1132) overlay_visible=True
2026-08-14 22:51:34,093 tracking: rect=(23, 18, 1447, 1132) overlay_visible=True
2026-08-14 22:51:34,204 tracking: rect=(23, 18, 1447, 1132) overlay_visible=True
2026-08-14 22:51:34,314 tracking: rect=(23, 18, 1447, 1132) overlay_visible=True
2026-08-14 22:51:34,423 tracking: rect=(23, 18, 1447, 1132) overlay_visible=True
2026-08-14 22:51:34,533 tracking: rect=(23, 18, 1447, 1132) overlay_visible=True
2026-08-14 22:51:34,643 tracking: rect=(23, 18, 1447, 1132) overlay_visible=True
2026-08-14 22:51:34,755 tracking: rect=(23, 18, 1447, 1132) overlay_visible=True
2026-08-14 22:51:34,864 tracking: rect=(23, 18, 1447, 1132) overlay_visible=True
2026-08-14 22:51:34,973 tracking: rect=(23, 18, 1447, 1132) overlay_visible=True
2026-08-14 22:51:35,082 tracking: rect=(23, 18, 1447, 1132) overlay_visible=True
2026-08-14 22:51:35,192 tracking: rect=(23, 18, 1447, 1132) overlay_visible=True
2026-08-14 22:51:35,303 tracking: rect=(23, 18, 1447, 1132) overlay_visible=True
2026-08-14 22:51:35,413 tracking: rect=(23, 18, 1447, 1132) overlay_visible=True
2026-08-14 22:51:35,522 tracking: rect=(23, 18, 1447, 1132) overlay_visible=True
2026-08-14 22:51:35,633 tracking: rect=(23, 18, 1447, 1132) overlay_visible=True
2026-08-14 22:51:35,743 tracking: rect=(23, 18, 1447, 1132) overlay_visible=True
2026-08-14 22:51:35,852 tracking: rect=(23, 18, 1447, 1132) overlay_visible=True
2026-08-14 22:51:35,961 tracking: rect=(23, 18, 1447, 1132) overlay_visible=True
2026-08-14 22:51:36,071 tracking: rect=(23, 18, 1447, 1132) overlay_visible=True
2026-08-14 22:51:36,179 tracking: rect=(23, 18, 1447, 1132) overlay_visible=True
2026-08-14 22:51:36,289 tracking: rect=(23, 18, 1447, 1132) overlay_visible=True
2026-08-14 22:51:36,397 tracking: rect=(23, 18, 1447, 1132) overlay_visible=True
2026-08-14 22:51:36,506 tracking: rect=(23, 18, 1447, 1132) overlay_visible=True
2026-08-14 22:51:36,616 tracking: rect=(23, 18, 1447, 1132) overlay_visible=True
2026-08-14 22:51:36,717 tracking: rect=(23, 18, 1447, 1132) overlay_visible=True
2026-08-14 22:51:36,819 tracking: rect=(23, 18, 1447, 1132) overlay_visible=True
2026-08-14 22:51:36,920 tracking: rect=(23, 18, 1447, 1132) overlay_visible=True
2026-08-14 22:51:37,024 tracking: rect=(23, 18, 1447, 1132) overlay_visible=True
2026-08-14 22:51:37,133 tracking: rect=(23, 18, 1447, 1132) overlay_visible=True
2026-08-14 22:51:37,241 tracking: rect=(23, 18, 1447, 1132) overlay_visible=True
2026-08-14 22:51:37,353 tracking: rect=(23, 18, 1447, 1132) overlay_visible=True
2026-08-14 22:51:37,462 tracking: rect=(23, 18, 1447, 1132) overlay_visible=True
2026-08-14 22:51:37,576 tracking: rect=(23, 18, 1447, 1132) overlay_visible=True
2026-08-14 22:51:37,685 tracking: rect=(23, 18, 1447, 1132) overlay_visible=True
2026-08-14 22:51:37,793 tracking: rect=(23, 18, 1447, 1132) overlay_visible=True
2026-08-14 22:51:37,903 tracking: rect=(23, 18, 1447, 1132) overlay_visible=True
2026-08-14 22:51:38,014 tracking: rect=(23, 18, 1447, 1132) overlay_visible=True
2026-08-14 22:51:38,123 tracking: rect=(23, 18, 1447, 1132) overlay_visible=True
2026-08-14 22:51:38,231 tracking: rect=(23, 18, 1447, 1132) overlay_visible=True
2026-08-14 22:51:38,339 tracking: rect=(23, 18, 1447, 1132) overlay_visible=True
2026-08-14 22:51:38,340 left click mode=eyedrop_bg at (1863,458)
2026-08-14 22:51:38,445 tracking: rect=(23, 18, 1447, 1132) overlay_visible=True
2026-08-14 22:51:38,557 tracking: rect=(23, 18, 1447, 1132) overlay_visible=True
2026-08-14 22:51:38,667 tracking: rect=(23, 18, 1447, 1132) overlay_visible=True
2026-08-14 22:51:38,777 tracking: rect=(23, 18, 1447, 1132) overlay_visible=True
2026-08-14 22:51:38,888 tracking: rect=(23, 18, 1447, 1132) overlay_visible=True
2026-08-14 22:51:38,996 tracking: rect=(23, 18, 1447, 1132) overlay_visible=True
2026-08-14 22:51:39,101 tracking: rect=(23, 18, 1447, 1132) overlay_visible=True
2026-08-14 22:51:39,216 tracking: rect=(23, 18, 1447, 1132) overlay_visible=True
2026-08-14 22:51:39,323 tracking: rect=(23, 18, 1447, 1132) overlay_visible=True
2026-08-14 22:51:39,432 tracking: rect=(23, 18, 1447, 1132) overlay_visible=True
2026-08-14 22:51:39,539 tracking: rect=(23, 18, 1447, 1132) overlay_visible=True
2026-08-14 22:51:39,639 tracking: rect=(23, 18, 1447, 1132) overlay_visible=True
2026-08-14 22:51:39,745 tracking: rect=(23, 18, 1447, 1132) overlay_visible=True
2026-08-14 22:51:39,853 tracking: rect=(23, 18, 1447, 1132) overlay_visible=True
2026-08-14 22:51:39,953 tracking: rect=(23, 18, 1447, 1132) overlay_visible=True
2026-08-14 22:51:40,053 tracking: rect=(23, 18, 1447, 1132) overlay_visible=True
2026-08-14 22:51:40,154 tracking: rect=(23, 18, 1447, 1132) overlay_visible=True
2026-08-14 22:51:40,256 tracking: rect=(23, 18, 1447, 1132) overlay_visible=True
2026-08-14 22:51:40,366 tracking: rect=(23, 18, 1447, 1132) overlay_visible=True
2026-08-14 22:51:40,476 tracking: rect=(23, 18, 1447, 1132) overlay_visible=True
2026-08-14 22:51:40,586 tracking: rect=(23, 18, 1447, 1132) overlay_visible=True
2026-08-14 22:51:40,679 left click mode=eyedrop_bg at (1235,601)
2026-08-14 22:51:40,695 tracking: rect=(23, 18, 1447, 1132) overlay_visible=True
2026-08-14 22:51:40,804 tracking: rect=(23, 18, 1447, 1132) overlay_visible=True
2026-08-14 22:51:40,913 tracking: rect=(23, 18, 1447, 1132) overlay_visible=True
2026-08-14 22:51:41,022 tracking: rect=(23, 18, 1447, 1132) overlay_visible=True
2026-08-14 22:51:41,130 tracking: rect=(23, 18, 1447, 1132) overlay_visible=True
2026-08-14 22:51:41,240 tracking: rect=(23, 18, 1447, 1132) overlay_visible=True
2026-08-14 22:51:41,341 tracking: rect=(23, 18, 1447, 1132) overlay_visible=True
2026-08-14 22:51:41,442 tracking: rect=(23, 18, 1447, 1132) overlay_visible=True
2026-08-14 22:51:41,543 tracking: rect=(23, 18, 1447, 1132) overlay_visible=True
2026-08-14 22:51:41,645 tracking: rect=(23, 18, 1447, 1132) overlay_visible=True
2026-08-14 22:51:41,746 tracking: rect=(23, 18, 1447, 1132) overlay_visible=True
2026-08-14 22:51:41,846 tracking: rect=(23, 18, 1447, 1132) overlay_visible=True
2026-08-14 22:51:41,959 tracking: rect=(23, 18, 1447, 1132) overlay_visible=True
2026-08-14 22:51:42,060 tracking: rect=(23, 18, 1447, 1132) overlay_visible=True
2026-08-14 22:51:42,161 tracking: rect=(23, 18, 1447, 1132) overlay_visible=True
2026-08-14 22:51:42,264 tracking: rect=(23, 18, 1447, 1132) overlay_visible=True
2026-08-14 22:51:42,377 tracking: rect=(23, 18, 1447, 1132) overlay_visible=True
2026-08-14 22:51:42,485 tracking: rect=(23, 18, 1447, 1132) overlay_visible=True
2026-08-14 22:51:42,588 tracking: rect=(23, 18, 1447, 1132) overlay_visible=True
2026-08-14 22:51:42,688 tracking: rect=(23, 18, 1447, 1132) overlay_visible=True
2026-08-14 22:51:42,796 tracking: rect=(23, 18, 1447, 1132) overlay_visible=True
2026-08-14 22:51:42,905 tracking: rect=(23, 18, 1447, 1132) overlay_visible=True
2026-08-14 22:51:42,936 left click mode=eyedrop_bg at (1907,622)
2026-08-14 22:51:43,012 tracking: rect=(23, 18, 1447, 1132) overlay_visible=True
2026-08-14 22:51:43,118 tracking: rect=(23, 18, 1447, 1132) overlay_visible=True
2026-08-14 22:51:43,219 tracking: rect=(23, 18, 1447, 1132) overlay_visible=True
2026-08-14 22:51:43,319 tracking: rect=(23, 18, 1447, 1132) overlay_visible=True
2026-08-14 22:51:43,419 tracking: rect=(23, 18, 1447, 1132) overlay_visible=True
2026-08-14 22:51:43,520 tracking: rect=(23, 18, 1447, 1132) overlay_visible=True
2026-08-14 22:51:43,621 tracking: rect=(23, 18, 1447, 1132) overlay_visible=True
2026-08-14 22:51:43,721 tracking: rect=(23, 18, 1447, 1132) overlay_visible=True
2026-08-14 22:51:43,824 tracking: rect=(23, 18, 1447, 1132) overlay_visible=True
2026-08-14 22:51:43,925 tracking: rect=(23, 18, 1447, 1132) overlay_visible=True
2026-08-14 22:51:44,025 tracking: rect=(23, 18, 1447, 1132) overlay_visible=True
2026-08-14 22:51:44,126 tracking: rect=(23, 18, 1447, 1132) overlay_visible=True
2026-08-14 22:51:44,233 tracking: rect=(23, 18, 1447, 1132) overlay_visible=True
2026-08-14 22:51:44,333 tracking: rect=(23, 18, 1447, 1132) overlay_visible=True
2026-08-14 22:51:44,435 tracking: rect=(23, 18, 1447, 1132) overlay_visible=True
2026-08-14 22:51:44,545 tracking: rect=(23, 18, 1447, 1132) overlay_visible=True
2026-08-14 22:51:44,653 tracking: rect=(23, 18, 1447, 1132) overlay_visible=True
2026-08-14 22:51:44,763 tracking: rect=(23, 18, 1447, 1132) overlay_visible=True
2026-08-14 22:51:44,872 tracking: rect=(23, 18, 1447, 1132) overlay_visible=True
2026-08-14 22:51:44,982 tracking: rect=(23, 18, 1447, 1132) overlay_visible=True
2026-08-14 22:51:45,092 tracking: rect=(23, 18, 1447, 1132) overlay_visible=True
2026-08-14 22:51:45,200 tracking: rect=(23, 18, 1447, 1132) overlay_visible=True
2026-08-14 22:51:45,309 tracking: rect=(23, 18, 1447, 1132) overlay_visible=True
2026-08-14 22:51:45,417 tracking: rect=(23, 18, 1447, 1132) overlay_visible=True
2026-08-14 22:51:45,574 tracking: rect=(23, 18, 1447, 1132) overlay_visible=True
2026-08-14 22:51:45,682 tracking: rect=(23, 18, 1447, 1132) overlay_visible=True
2026-08-14 22:51:45,793 tracking: rect=(23, 18, 1447, 1132) overlay_visible=True
2026-08-14 22:51:45,902 tracking: rect=(23, 18, 1447, 1132) overlay_visible=True
2026-08-14 22:51:46,011 tracking: rect=(23, 18, 1447, 1132) overlay_visible=True
2026-08-14 22:51:46,120 tracking: rect=(23, 18, 1447, 1132) overlay_visible=True
2026-08-14 22:51:46,231 tracking: rect=(23, 18, 1447, 1132) overlay_visible=True
2026-08-14 22:51:46,339 tracking: rect=(23, 18, 1447, 1132) overlay_visible=True
2026-08-14 22:51:46,450 tracking: rect=(23, 18, 1447, 1132) overlay_visible=True
2026-08-14 22:51:46,560 tracking: rect=(23, 18, 1447, 1132) overlay_visible=True
2026-08-14 22:51:46,670 tracking: rect=(23, 18, 1447, 1132) overlay_visible=True
2026-08-14 22:51:46,779 tracking: rect=(23, 18, 1447, 1132) overlay_visible=True
2026-08-14 22:51:46,888 tracking: rect=(23, 18, 1447, 1132) overlay_visible=True
2026-08-14 22:51:46,997 tracking: rect=(23, 18, 1447, 1132) overlay_visible=True
2026-08-14 22:51:47,105 tracking: rect=(23, 18, 1447, 1132) overlay_visible=True
2026-08-14 22:51:47,214 tracking: rect=(23, 18, 1447, 1132) overlay_visible=True
2026-08-14 22:51:47,323 tracking: rect=(23, 18, 1447, 1132) overlay_visible=True
2026-08-14 22:51:47,432 tracking: rect=(23, 18, 1447, 1132) overlay_visible=True
2026-08-14 22:51:47,541 tracking: rect=(23, 18, 1447, 1132) overlay_visible=True
2026-08-14 22:51:47,650 tracking: rect=(23, 18, 1447, 1132) overlay_visible=True
2026-08-14 22:51:47,760 tracking: rect=(23, 18, 1447, 1132) overlay_visible=True
2026-08-14 22:51:47,869 tracking: rect=(23, 18, 1447, 1132) overlay_visible=True
2026-08-14 22:51:47,993 tracking: rect=(23, 18, 1447, 1132) overlay_visible=True
2026-08-14 22:51:48,102 tracking: rect=(23, 18, 1447, 1132) overlay_visible=True
2026-08-14 22:51:48,210 tracking: rect=(23, 18, 1447, 1132) overlay_visible=True
2026-08-14 22:51:48,320 tracking: rect=(23, 18, 1447, 1132) overlay_visible=True
2026-08-14 22:51:48,429 tracking: rect=(23, 18, 1447, 1132) overlay_visible=True
2026-08-14 22:51:48,539 tracking: rect=(23, 18, 1447, 1132) overlay_visible=True
2026-08-14 22:51:48,648 tracking: rect=(23, 18, 1447, 1132) overlay_visible=True
2026-08-14 22:51:48,757 tracking: rect=(23, 18, 1447, 1132) overlay_visible=True
2026-08-14 22:51:48,866 tracking: rect=(23, 18, 1447, 1132) overlay_visible=True
2026-08-14 22:51:48,973 tracking: rect=(23, 18, 1447, 1132) overlay_visible=True
2026-08-14 22:51:49,083 tracking: rect=(23, 18, 1447, 1132) overlay_visible=True
2026-08-14 22:51:49,192 tracking: rect=(23, 18, 1447, 1132) overlay_visible=True
2026-08-14 22:51:49,302 tracking: rect=(23, 18, 1447, 1132) overlay_visible=True
2026-08-14 22:51:49,410 tracking: rect=(23, 18, 1447, 1132) overlay_visible=True
2026-08-14 22:51:49,521 tracking: rect=(23, 18, 1447, 1132) overlay_visible=True
2026-08-14 22:51:49,630 tracking: rect=(23, 18, 1447, 1132) overlay_visible=True
2026-08-14 22:51:49,738 tracking: rect=(23, 18, 1447, 1132) overlay_visible=True
2026-08-14 22:51:49,847 tracking: rect=(23, 18, 1447, 1132) overlay_visible=True
2026-08-14 22:51:49,953 tracking: rect=(23, 18, 1447, 1132) overlay_visible=True
2026-08-14 22:51:50,066 tracking: rect=(23, 18, 1447, 1132) overlay_visible=True
2026-08-14 22:51:50,177 tracking: rect=(23, 18, 1447, 1132) overlay_visible=True
2026-08-14 22:51:50,285 tracking: rect=(23, 18, 1447, 1132) overlay_visible=True
2026-08-14 22:51:50,395 tracking: rect=(23, 18, 1447, 1132) overlay_visible=True
2026-08-14 22:51:50,503 tracking: rect=(23, 18, 1447, 1132) overlay_visible=True
2026-08-14 22:51:50,611 tracking: rect=(23, 18, 1447, 1132) overlay_visible=True
2026-08-14 22:51:50,721 tracking: rect=(23, 18, 1447, 1132) overlay_visible=True
2026-08-14 22:51:50,831 tracking: rect=(23, 18, 1447, 1132) overlay_visible=True
2026-08-14 22:51:50,941 tracking: rect=(23, 18, 1447, 1132) overlay_visible=True
2026-08-14 22:51:51,050 tracking: rect=(23, 18, 1447, 1132) overlay_visible=True
2026-08-14 22:51:51,160 tracking: rect=(23, 18, 1447, 1132) overlay_visible=True
2026-08-14 22:51:51,268 tracking: rect=(23, 18, 1447, 1132) overlay_visible=True
2026-08-14 22:51:51,378 tracking: rect=(23, 18, 1447, 1132) overlay_visible=True
2026-08-14 22:51:51,487 tracking: rect=(23, 18, 1447, 1132) overlay_visible=True
2026-08-14 22:51:51,597 tracking: rect=(23, 18, 1447, 1132) overlay_visible=True
2026-08-14 22:51:51,705 tracking: rect=(23, 18, 1447, 1132) overlay_visible=True
2026-08-14 22:51:51,814 tracking: rect=(23, 18, 1447, 1132) overlay_visible=True
2026-08-14 22:51:51,924 tracking: rect=(23, 18, 1447, 1132) overlay_visible=True
2026-08-14 22:51:52,033 tracking: rect=(23, 18, 1447, 1132) overlay_visible=True
2026-08-14 22:51:52,144 tracking: rect=(23, 18, 1447, 1132) overlay_visible=True
2026-08-14 22:51:52,252 tracking: rect=(23, 18, 1447, 1132) overlay_visible=True
2026-08-14 22:51:52,361 tracking: rect=(23, 18, 1447, 1132) overlay_visible=True
2026-08-14 22:51:52,470 tracking: rect=(23, 18, 1447, 1132) overlay_visible=True
2026-08-14 22:51:52,579 tracking: rect=(23, 18, 1447, 1132) overlay_visible=True
2026-08-14 22:51:52,687 tracking: rect=(23, 18, 1447, 1132) overlay_visible=True
2026-08-14 22:51:52,797 tracking: rect=(23, 18, 1447, 1132) overlay_visible=True
2026-08-14 22:51:52,906 tracking: rect=(23, 18, 1447, 1132) overlay_visible=True
2026-08-14 22:51:53,015 tracking: rect=(23, 18, 1447, 1132) overlay_visible=True
2026-08-14 22:51:53,125 tracking: rect=(23, 18, 1447, 1132) overlay_visible=True
2026-08-14 22:51:53,234 tracking: rect=(23, 18, 1447, 1132) overlay_visible=True
2026-08-14 22:51:53,343 tracking: rect=(23, 18, 1447, 1132) overlay_visible=True
2026-08-14 22:51:53,452 tracking: rect=(23, 18, 1447, 1132) overlay_visible=True
2026-08-14 22:51:53,561 tracking: rect=(23, 18, 1447, 1132) overlay_visible=True
2026-08-14 22:51:53,670 tracking: rect=(23, 18, 1447, 1132) overlay_visible=True
2026-08-14 22:51:53,779 tracking: rect=(23, 18, 1447, 1132) overlay_visible=True
2026-08-14 22:51:53,888 tracking: rect=(23, 18, 1447, 1132) overlay_visible=True
2026-08-14 22:51:53,998 tracking: rect=(23, 18, 1447, 1132) overlay_visible=True
2026-08-14 22:51:54,099 tracking: rect=(23, 18, 1447, 1132) overlay_visible=True
2026-08-14 22:51:54,199 tracking: rect=(23, 18, 1447, 1132) overlay_visible=True
2026-08-14 22:51:54,300 tracking: rect=(23, 18, 1447, 1132) overlay_visible=True
2026-08-14 22:51:54,415 tracking: rect=(23, 18, 1447, 1132) overlay_visible=True
2026-08-14 22:51:54,525 tracking: rect=(23, 18, 1447, 1132) overlay_visible=True
2026-08-14 22:51:54,635 tracking: rect=(23, 18, 1447, 1132) overlay_visible=True
2026-08-14 22:51:54,744 tracking: rect=(23, 18, 1447, 1132) overlay_visible=True
2026-08-14 22:51:54,845 tracking: rect=(23, 18, 1447, 1132) overlay_visible=True
2026-08-14 22:51:54,947 tracking: rect=(23, 18, 1447, 1132) overlay_visible=True
2026-08-14 22:51:55,055 tracking: rect=(23, 18, 1447, 1132) overlay_visible=True
2026-08-14 22:51:55,165 tracking: rect=(23, 18, 1447, 1132) overlay_visible=True
2026-08-14 22:51:55,273 tracking: rect=(23, 18, 1447, 1132) overlay_visible=True
2026-08-14 22:51:55,383 tracking: rect=(23, 18, 1447, 1132) overlay_visible=True
2026-08-14 22:51:55,483 tracking: rect=(23, 18, 1447, 1132) overlay_visible=True
2026-08-14 22:51:55,586 tracking: rect=(23, 18, 1447, 1132) overlay_visible=True
2026-08-14 22:51:55,696 tracking: rect=(23, 18, 1447, 1132) overlay_visible=True
2026-08-14 22:51:55,799 tracking: rect=(23, 18, 1447, 1132) overlay_visible=True
2026-08-14 22:51:55,914 tracking: rect=(23, 18, 1447, 1132) overlay_visible=True
2026-08-14 22:51:56,024 tracking: rect=(23, 18, 1447, 1132) overlay_visible=True
2026-08-14 22:51:56,133 tracking: rect=(23, 18, 1447, 1132) overlay_visible=True
2026-08-14 22:51:56,241 tracking: rect=(23, 18, 1447, 1132) overlay_visible=True
2026-08-14 22:51:56,352 tracking: rect=(23, 18, 1447, 1132) overlay_visible=True
2026-08-14 22:51:56,452 tracking: rect=(23, 18, 1447, 1132) overlay_visible=True
2026-08-14 22:51:56,554 tracking: rect=(23, 18, 1447, 1132) overlay_visible=True
2026-08-14 22:51:56,657 tracking: rect=(23, 18, 1447, 1132) overlay_visible=True
2026-08-14 22:51:56,758 tracking: rect=(23, 18, 1447, 1132) overlay_visible=True
2026-08-14 22:51:56,861 tracking: rect=(23, 18, 1447, 1132) overlay_visible=True
2026-08-14 22:51:56,961 tracking: rect=(23, 18, 1447, 1132) overlay_visible=True
2026-08-14 22:51:57,064 tracking: rect=(23, 18, 1447, 1132) overlay_visible=True
2026-08-14 22:51:57,165 tracking: rect=(23, 18, 1447, 1132) overlay_visible=True
2026-08-14 22:51:57,273 tracking: rect=(23, 18, 1447, 1132) overlay_visible=True
2026-08-14 22:51:57,382 tracking: rect=(23, 18, 1447, 1132) overlay_visible=True
2026-08-14 22:51:57,492 tracking: rect=(23, 18, 1447, 1132) overlay_visible=True
2026-08-14 22:51:57,600 tracking: rect=(23, 18, 1447, 1132) overlay_visible=True
2026-08-14 22:51:57,711 tracking: rect=(23, 18, 1447, 1132) overlay_visible=True
2026-08-14 22:51:57,821 tracking: rect=(23, 18, 1447, 1132) overlay_visible=True
2026-08-14 22:51:57,930 tracking: rect=(23, 18, 1447, 1132) overlay_visible=True
2026-08-14 22:51:58,038 tracking: rect=(23, 18, 1447, 1132) overlay_visible=True
2026-08-14 22:51:58,146 tracking: rect=(23, 18, 1447, 1132) overlay_visible=True
2026-08-14 22:51:58,255 tracking: rect=(23, 18, 1447, 1132) overlay_visible=True
2026-08-14 22:51:58,364 tracking: rect=(23, 18, 1447, 1132) overlay_visible=True
2026-08-14 22:51:58,474 tracking: rect=(23, 18, 1447, 1132) overlay_visible=True
2026-08-14 22:51:58,584 tracking: rect=(23, 18, 1447, 1132) overlay_visible=True
2026-08-14 22:51:58,684 tracking: rect=(23, 18, 1447, 1132) overlay_visible=True
2026-08-14 22:51:58,785 tracking: rect=(23, 18, 1447, 1132) overlay_visible=True
2026-08-14 22:51:58,886 tracking: rect=(23, 18, 1447, 1132) overlay_visible=True
2026-08-14 22:51:58,986 tracking: rect=(23, 18, 1447, 1132) overlay_visible=True
2026-08-14 22:51:59,087 tracking: rect=(23, 18, 1447, 1132) overlay_visible=True
2026-08-14 22:51:59,190 tracking: rect=(23, 18, 1447, 1132) overlay_visible=True
2026-08-14 22:51:59,300 tracking: rect=(23, 18, 1447, 1132) overlay_visible=True
2026-08-14 22:51:59,408 tracking: rect=(23, 18, 1447, 1132) overlay_visible=True
2026-08-14 22:51:59,517 tracking: rect=(23, 18, 1447, 1132) overlay_visible=True
2026-08-14 22:51:59,628 tracking: rect=(23, 18, 1447, 1132) overlay_visible=True
2026-08-14 22:51:59,737 tracking: rect=(23, 18, 1447, 1132) overlay_visible=True
2026-08-14 22:51:59,846 tracking: rect=(23, 18, 1447, 1132) overlay_visible=True
2026-08-14 22:51:59,955 tracking: rect=(23, 18, 1447, 1132) overlay_visible=True
2026-08-14 22:52:00,065 tracking: rect=(23, 18, 1447, 1132) overlay_visible=True
2026-08-14 22:52:00,165 tracking: rect=(23, 18, 1447, 1132) overlay_visible=True
2026-08-14 22:52:00,266 tracking: rect=(23, 18, 1447, 1132) overlay_visible=True
2026-08-14 22:52:00,368 tracking: rect=(23, 18, 1447, 1132) overlay_visible=True
2026-08-14 22:52:00,423 left click mode=eyedrop_bg at (2171,366)
2026-08-14 22:52:00,471 tracking: rect=(23, 18, 1447, 1132) overlay_visible=True
2026-08-14 22:52:00,571 tracking: rect=(23, 18, 1447, 1132) overlay_visible=True
2026-08-14 22:52:00,671 tracking: rect=(23, 18, 1447, 1132) overlay_visible=True
2026-08-14 22:52:00,780 tracking: rect=(23, 18, 1447, 1132) overlay_visible=True
2026-08-14 22:52:00,890 tracking: rect=(23, 18, 1447, 1132) overlay_visible=True
2026-08-14 22:52:00,991 tracking: rect=(23, 18, 1447, 1132) overlay_visible=True
2026-08-14 22:52:01,092 tracking: rect=(23, 18, 1447, 1132) overlay_visible=True
2026-08-14 22:52:01,204 tracking: rect=(23, 18, 1447, 1132) overlay_visible=True
2026-08-14 22:52:01,309 tracking: rect=(23, 18, 1447, 1132) overlay_visible=True
2026-08-14 22:52:01,411 tracking: rect=(23, 18, 1447, 1132) overlay_visible=True
2026-08-14 22:52:01,517 tracking: rect=(23, 18, 1447, 1132) overlay_visible=True
2026-08-14 22:52:01,624 tracking: rect=(23, 18, 1447, 1132) overlay_visible=True
2026-08-14 22:52:01,724 tracking: rect=(23, 18, 1447, 1132) overlay_visible=True
2026-08-14 22:52:01,825 tracking: rect=(23, 18, 1447, 1132) overlay_visible=True
2026-08-14 22:52:01,937 tracking: rect=(23, 18, 1447, 1132) overlay_visible=True
2026-08-14 22:52:02,037 tracking: rect=(23, 18, 1447, 1132) overlay_visible=True
2026-08-14 22:52:02,138 tracking: rect=(23, 18, 1447, 1132) overlay_visible=True
2026-08-14 22:52:02,248 tracking: rect=(23, 18, 1447, 1132) overlay_visible=True
2026-08-14 22:52:02,359 tracking: rect=(23, 18, 1447, 1132) overlay_visible=True
2026-08-14 22:52:02,468 tracking: rect=(23, 18, 1447, 1132) overlay_visible=True
2026-08-14 22:52:02,577 tracking: rect=(23, 18, 1447, 1132) overlay_visible=True
2026-08-14 22:56:35,035 left click mode=idle at (1842,80)
2026-08-14 22:56:38,716 left click mode=idle at (2347,277)
2026-08-14 22:56:40,138 left click mode=idle at (2337,288)
2026-08-14 22:56:44,910 left click mode=idle at (2473,1166)
2026-08-14 22:56:47,086 left click mode=idle at (2117,170)
2026-08-14 22:56:48,116 left click mode=idle at (2162,121)
2026-08-14 22:56:48,899 left click mode=select_window at (918,62)
2026-08-14 22:56:48,900 select hit: hwnd=1114858 own=False
2026-08-14 22:56:48,900 select_game_window hwnd=1114858 own_root=1509654 own_overlay=1313166
2026-08-14 22:56:48,900 tracking: rect=(23, 18, 1447, 1132) overlay_visible=False
2026-08-14 22:56:48,905 after select: mode=idle game_hwnd=1114858
2026-08-14 22:56:48,945 tracking: rect=(23, 18, 1447, 1132) overlay_visible=True
2026-08-14 22:56:49,054 tracking: rect=(23, 18, 1447, 1132) overlay_visible=True
2026-08-14 22:56:49,162 tracking: rect=(23, 18, 1447, 1132) overlay_visible=True
2026-08-14 22:56:49,267 tracking: rect=(23, 18, 1447, 1132) overlay_visible=True
2026-08-14 22:56:49,380 tracking: rect=(23, 18, 1447, 1132) overlay_visible=True
2026-08-14 22:56:49,489 tracking: rect=(23, 18, 1447, 1132) overlay_visible=True
2026-08-14 22:56:49,599 tracking: rect=(23, 18, 1447, 1132) overlay_visible=True
2026-08-14 22:56:49,706 tracking: rect=(23, 18, 1447, 1132) overlay_visible=True
2026-08-14 22:56:49,814 tracking: rect=(23, 18, 1447, 1132) overlay_visible=True
2026-08-14 22:56:49,923 tracking: rect=(23, 18, 1447, 1132) overlay_visible=True
2026-08-14 22:56:50,023 tracking: rect=(23, 18, 1447, 1132) overlay_visible=True
2026-08-14 22:56:50,126 tracking: rect=(23, 18, 1447, 1132) overlay_visible=True
2026-08-14 22:56:50,228 tracking: rect=(23, 18, 1447, 1132) overlay_visible=True
2026-08-14 22:56:50,329 tracking: rect=(23, 18, 1447, 1132) overlay_visible=True
2026-08-14 22:56:50,429 tracking: rect=(23, 18, 1447, 1132) overlay_visible=True
2026-08-14 22:56:50,531 tracking: rect=(23, 18, 1447, 1132) overlay_visible=True
2026-08-14 22:56:50,639 tracking: rect=(23, 18, 1447, 1132) overlay_visible=True
2026-08-14 22:56:50,749 tracking: rect=(23, 18, 1447, 1132) overlay_visible=True
2026-08-14 22:56:50,859 tracking: rect=(23, 18, 1447, 1132) overlay_visible=True
2026-08-14 22:56:50,936 left click mode=idle at (2222,183)
2026-08-14 22:56:50,968 tracking: rect=(23, 18, 1447, 1132) overlay_visible=True
2026-08-14 22:56:51,008 tracking: rect=(23, 18, 1447, 1132) overlay_visible=True
2026-08-14 22:56:51,077 tracking: rect=(23, 18, 1447, 1132) overlay_visible=True
2026-08-14 22:56:51,181 tracking: rect=(23, 18, 1447, 1132) overlay_visible=True
2026-08-14 22:56:51,282 tracking: rect=(23, 18, 1447, 1132) overlay_visible=True
2026-08-14 22:56:51,382 tracking: rect=(23, 18, 1447, 1132) overlay_visible=True
2026-08-14 22:56:51,482 tracking: rect=(23, 18, 1447, 1132) overlay_visible=True
2026-08-14 22:56:51,583 tracking: rect=(23, 18, 1447, 1132) overlay_visible=True
2026-08-14 22:56:51,687 tracking: rect=(23, 18, 1447, 1132) overlay_visible=True
2026-08-14 22:56:51,795 tracking: rect=(23, 18, 1447, 1132) overlay_visible=True
2026-08-14 22:56:51,904 tracking: rect=(23, 18, 1447, 1132) overlay_visible=True
2026-08-14 22:56:52,013 tracking: rect=(23, 18, 1447, 1132) overlay_visible=True
2026-08-14 22:56:52,123 tracking: rect=(23, 18, 1447, 1132) overlay_visible=True
2026-08-14 22:56:52,232 tracking: rect=(23, 18, 1447, 1132) overlay_visible=True
2026-08-14 22:56:52,341 tracking: rect=(23, 18, 1447, 1132) overlay_visible=True
2026-08-14 22:56:52,450 tracking: rect=(23, 18, 1447, 1132) overlay_visible=True
2026-08-14 22:56:52,559 tracking: rect=(23, 18, 1447, 1132) overlay_visible=True
2026-08-14 22:56:52,668 tracking: rect=(23, 18, 1447, 1132) overlay_visible=True
2026-08-14 22:56:52,777 tracking: rect=(23, 18, 1447, 1132) overlay_visible=True
2026-08-14 22:56:52,886 tracking: rect=(23, 18, 1447, 1132) overlay_visible=True
2026-08-14 22:56:52,995 tracking: rect=(23, 18, 1447, 1132) overlay_visible=True
2026-08-14 22:56:53,104 tracking: rect=(23, 18, 1447, 1132) overlay_visible=True
2026-08-14 22:56:53,212 tracking: rect=(23, 18, 1447, 1132) overlay_visible=True
2026-08-14 22:56:53,337 tracking: rect=(23, 18, 1447, 1132) overlay_visible=True
2026-08-14 22:56:53,446 tracking: rect=(23, 18, 1447, 1132) overlay_visible=True
2026-08-14 22:56:53,555 tracking: rect=(23, 18, 1447, 1132) overlay_visible=True
2026-08-14 22:56:53,662 tracking: rect=(23, 18, 1447, 1132) overlay_visible=True
2026-08-14 22:56:53,772 tracking: rect=(23, 18, 1447, 1132) overlay_visible=True
2026-08-14 22:56:53,881 tracking: rect=(23, 18, 1447, 1132) overlay_visible=True
2026-08-14 22:56:53,990 tracking: rect=(23, 18, 1447, 1132) overlay_visible=True
2026-08-14 22:56:54,100 tracking: rect=(23, 18, 1447, 1132) overlay_visible=True
2026-08-14 22:56:54,208 tracking: rect=(23, 18, 1447, 1132) overlay_visible=True
2026-08-14 22:56:54,318 tracking: rect=(23, 18, 1447, 1132) overlay_visible=True
2026-08-14 22:56:54,426 tracking: rect=(23, 18, 1447, 1132) overlay_visible=True
2026-08-14 22:56:54,526 tracking: rect=(23, 18, 1447, 1132) overlay_visible=True
2026-08-14 22:56:54,630 tracking: rect=(23, 18, 1447, 1132) overlay_visible=True
2026-08-14 22:56:54,731 tracking: rect=(23, 18, 1447, 1132) overlay_visible=True
2026-08-14 22:56:54,831 tracking: rect=(23, 18, 1447, 1132) overlay_visible=True
2026-08-14 22:56:54,940 tracking: rect=(23, 18, 1447, 1132) overlay_visible=True
2026-08-14 22:56:55,049 tracking: rect=(23, 18, 1447, 1132) overlay_visible=True
2026-08-14 22:56:55,158 tracking: rect=(23, 18, 1447, 1132) overlay_visible=True
2026-08-14 22:56:55,266 tracking: rect=(23, 18, 1447, 1132) overlay_visible=True
2026-08-14 22:56:55,374 tracking: rect=(23, 18, 1447, 1132) overlay_visible=True
2026-08-14 22:56:55,483 tracking: rect=(23, 18, 1447, 1132) overlay_visible=True
2026-08-14 22:56:55,592 tracking: rect=(23, 18, 1447, 1132) overlay_visible=True
2026-08-14 22:56:55,701 tracking: rect=(23, 18, 1447, 1132) overlay_visible=True
2026-08-14 22:56:55,810 tracking: rect=(23, 18, 1447, 1132) overlay_visible=True
2026-08-14 22:56:55,919 tracking: rect=(23, 18, 1447, 1132) overlay_visible=True
2026-08-14 22:56:56,028 tracking: rect=(23, 18, 1447, 1132) overlay_visible=True
2026-08-14 22:56:56,138 tracking: rect=(23, 18, 1447, 1132) overlay_visible=True
2026-08-14 22:56:56,247 tracking: rect=(23, 18, 1447, 1132) overlay_visible=True
2026-08-14 22:56:56,357 tracking: rect=(23, 18, 1447, 1132) overlay_visible=True
2026-08-14 22:56:56,467 tracking: rect=(23, 18, 1447, 1132) overlay_visible=True
2026-08-14 22:56:56,574 tracking: rect=(23, 18, 1447, 1132) overlay_visible=True
2026-08-14 22:56:56,684 tracking: rect=(23, 18, 1447, 1132) overlay_visible=True
2026-08-14 22:56:56,794 tracking: rect=(23, 18, 1447, 1132) overlay_visible=True
2026-08-14 22:56:56,903 tracking: rect=(23, 18, 1447, 1132) overlay_visible=True
2026-08-14 22:56:57,011 tracking: rect=(23, 18, 1447, 1132) overlay_visible=True
2026-08-14 22:56:57,121 tracking: rect=(23, 18, 1447, 1132) overlay_visible=True
2026-08-14 22:56:57,229 tracking: rect=(23, 18, 1447, 1132) overlay_visible=True
2026-08-14 22:56:57,337 tracking: rect=(23, 18, 1447, 1132) overlay_visible=True
2026-08-14 22:56:57,447 tracking: rect=(23, 18, 1447, 1132) overlay_visible=True
2026-08-14 22:56:57,557 tracking: rect=(23, 18, 1447, 1132) overlay_visible=True
2026-08-14 22:56:57,666 tracking: rect=(23, 18, 1447, 1132) overlay_visible=True
2026-08-14 22:56:57,777 tracking: rect=(23, 18, 1447, 1132) overlay_visible=True
2026-08-14 22:56:57,886 tracking: rect=(23, 18, 1447, 1132) overlay_visible=True
2026-08-14 22:56:57,996 tracking: rect=(23, 18, 1447, 1132) overlay_visible=True
2026-08-14 22:56:58,099 tracking: rect=(23, 18, 1447, 1132) overlay_visible=True
2026-08-14 22:56:58,208 tracking: rect=(23, 18, 1447, 1132) overlay_visible=True
2026-08-14 22:56:58,320 tracking: rect=(23, 18, 1447, 1132) overlay_visible=True
2026-08-14 22:56:58,428 tracking: rect=(23, 18, 1447, 1132) overlay_visible=True
2026-08-14 22:56:58,537 tracking: rect=(23, 18, 1447, 1132) overlay_visible=True
2026-08-14 22:56:58,646 tracking: rect=(23, 18, 1447, 1132) overlay_visible=True
2026-08-14 22:56:58,756 tracking: rect=(23, 18, 1447, 1132) overlay_visible=True
2026-08-14 22:56:58,865 tracking: rect=(23, 18, 1447, 1132) overlay_visible=True
2026-08-14 22:56:58,973 tracking: rect=(23, 18, 1447, 1132) overlay_visible=True
2026-08-14 22:56:59,083 tracking: rect=(23, 18, 1447, 1132) overlay_visible=True
2026-08-14 22:56:59,192 tracking: rect=(23, 18, 1447, 1132) overlay_visible=True
2026-08-14 22:56:59,300 tracking: rect=(23, 18, 1447, 1132) overlay_visible=True
2026-08-14 22:56:59,409 tracking: rect=(23, 18, 1447, 1132) overlay_visible=True
2026-08-14 22:56:59,517 tracking: rect=(23, 18, 1447, 1132) overlay_visible=True
2026-08-14 22:56:59,627 tracking: rect=(23, 18, 1447, 1132) overlay_visible=True
2026-08-14 22:56:59,735 tracking: rect=(23, 18, 1447, 1132) overlay_visible=True
2026-08-14 22:56:59,843 tracking: rect=(23, 18, 1447, 1132) overlay_visible=True
2026-08-14 22:56:59,952 tracking: rect=(23, 18, 1447, 1132) overlay_visible=True
2026-08-14 22:57:00,063 tracking: rect=(23, 18, 1447, 1132) overlay_visible=True
2026-08-14 22:57:00,162 tracking: rect=(23, 18, 1447, 1132) overlay_visible=True
2026-08-14 22:57:00,264 tracking: rect=(23, 18, 1447, 1132) overlay_visible=True
2026-08-14 22:57:00,373 tracking: rect=(23, 18, 1447, 1132) overlay_visible=True
2026-08-14 22:57:00,483 tracking: rect=(23, 18, 1447, 1132) overlay_visible=True
2026-08-14 22:57:00,585 tracking: rect=(23, 18, 1447, 1132) overlay_visible=True
2026-08-14 22:57:00,685 tracking: rect=(23, 18, 1447, 1132) overlay_visible=True
2026-08-14 22:57:00,785 tracking: rect=(23, 18, 1447, 1132) overlay_visible=True
2026-08-14 22:57:00,886 tracking: rect=(23, 18, 1447, 1132) overlay_visible=True
2026-08-14 22:57:00,986 tracking: rect=(23, 18, 1447, 1132) overlay_visible=True
2026-08-14 22:57:01,090 tracking: rect=(23, 18, 1447, 1132) overlay_visible=True
2026-08-14 22:57:01,201 tracking: rect=(23, 18, 1447, 1132) overlay_visible=True
2026-08-14 22:57:01,309 tracking: rect=(23, 18, 1447, 1132) overlay_visible=True
2026-08-14 22:57:01,418 tracking: rect=(23, 18, 1447, 1132) overlay_visible=True
2026-08-14 22:57:01,527 tracking: rect=(23, 18, 1447, 1132) overlay_visible=True
2026-08-14 22:57:01,637 tracking: rect=(23, 18, 1447, 1132) overlay_visible=True
2026-08-14 22:57:01,745 tracking: rect=(23, 18, 1447, 1132) overlay_visible=True
2026-08-14 22:57:01,856 tracking: rect=(23, 18, 1447, 1132) overlay_visible=True
2026-08-14 22:57:01,965 tracking: rect=(23, 18, 1447, 1132) overlay_visible=True
2026-08-14 22:57:02,067 tracking: rect=(23, 18, 1447, 1132) overlay_visible=True
2026-08-14 22:57:02,168 tracking: rect=(23, 18, 1447, 1132) overlay_visible=True
2026-08-14 22:57:02,277 tracking: rect=(23, 18, 1447, 1132) overlay_visible=True
2026-08-14 22:57:02,385 tracking: rect=(23, 18, 1447, 1132) overlay_visible=True
2026-08-14 22:57:02,495 tracking: rect=(23, 18, 1447, 1132) overlay_visible=True
2026-08-14 22:57:02,604 tracking: rect=(23, 18, 1447, 1132) overlay_visible=True
2026-08-14 22:57:02,682 left click mode=judgement at (1113,947)
2026-08-14 22:57:02,713 tracking: rect=(23, 18, 1447, 1132) overlay_visible=True
2026-08-14 22:57:02,822 tracking: rect=(23, 18, 1447, 1132) overlay_visible=True
2026-08-14 22:57:02,931 tracking: rect=(23, 18, 1447, 1132) overlay_visible=True
2026-08-14 22:57:03,040 tracking: rect=(23, 18, 1447, 1132) overlay_visible=True
2026-08-14 22:57:03,141 tracking: rect=(23, 18, 1447, 1132) overlay_visible=True
2026-08-14 22:57:03,242 tracking: rect=(23, 18, 1447, 1132) overlay_visible=True
2026-08-14 22:57:03,343 tracking: rect=(23, 18, 1447, 1132) overlay_visible=True
2026-08-14 22:57:03,443 tracking: rect=(23, 18, 1447, 1132) overlay_visible=True
2026-08-14 22:57:03,553 tracking: rect=(23, 18, 1447, 1132) overlay_visible=True
2026-08-14 22:57:03,655 tracking: rect=(23, 18, 1447, 1132) overlay_visible=True
2026-08-14 22:57:03,755 tracking: rect=(23, 18, 1447, 1132) overlay_visible=True
2026-08-14 22:57:03,863 tracking: rect=(23, 18, 1447, 1132) overlay_visible=True
2026-08-14 22:57:03,974 tracking: rect=(23, 18, 1447, 1132) overlay_visible=True
2026-08-14 22:57:04,083 tracking: rect=(23, 18, 1447, 1132) overlay_visible=True
2026-08-14 22:57:04,193 tracking: rect=(23, 18, 1447, 1132) overlay_visible=True
2026-08-14 22:57:04,300 tracking: rect=(23, 18, 1447, 1132) overlay_visible=True
2026-08-14 22:57:04,410 tracking: rect=(23, 18, 1447, 1132) overlay_visible=True
2026-08-14 22:57:04,520 tracking: rect=(23, 18, 1447, 1132) overlay_visible=True
2026-08-14 22:57:04,629 tracking: rect=(23, 18, 1447, 1132) overlay_visible=True
2026-08-14 22:57:04,739 tracking: rect=(23, 18, 1447, 1132) overlay_visible=True
2026-08-14 22:57:04,849 tracking: rect=(23, 18, 1447, 1132) overlay_visible=True
2026-08-14 22:57:04,957 tracking: rect=(23, 18, 1447, 1132) overlay_visible=True
2026-08-14 22:57:05,035 left click mode=judgement at (1157,962)
2026-08-14 22:57:05,066 tracking: rect=(23, 18, 1447, 1132) overlay_visible=True
2026-08-14 22:57:05,174 tracking: rect=(23, 18, 1447, 1132) overlay_visible=True
2026-08-14 22:57:05,284 tracking: rect=(23, 18, 1447, 1132) overlay_visible=True
2026-08-14 22:57:05,393 tracking: rect=(23, 18, 1447, 1132) overlay_visible=True
2026-08-14 22:57:05,502 tracking: rect=(23, 18, 1447, 1132) overlay_visible=True
2026-08-14 22:57:05,612 tracking: rect=(23, 18, 1447, 1132) overlay_visible=True
2026-08-14 22:57:05,721 tracking: rect=(23, 18, 1447, 1132) overlay_visible=True
2026-08-14 22:57:05,829 tracking: rect=(23, 18, 1447, 1132) overlay_visible=True
2026-08-14 22:57:05,845 left click mode=judgement at (1102,996)
2026-08-14 22:57:05,937 tracking: rect=(23, 18, 1447, 1132) overlay_visible=True
2026-08-14 22:57:06,047 tracking: rect=(23, 18, 1447, 1132) overlay_visible=True
2026-08-14 22:57:06,155 tracking: rect=(23, 18, 1447, 1132) overlay_visible=True
2026-08-14 22:57:06,266 tracking: rect=(23, 18, 1447, 1132) overlay_visible=True
2026-08-14 22:57:06,344 left click mode=judgement at (1095,983)
2026-08-14 22:57:06,375 tracking: rect=(23, 18, 1447, 1132) overlay_visible=True
2026-08-14 22:57:06,486 tracking: rect=(23, 18, 1447, 1132) overlay_visible=True
2026-08-14 22:57:06,597 tracking: rect=(23, 18, 1447, 1132) overlay_visible=True
2026-08-14 22:57:06,690 left click mode=judgement at (1093,977)
2026-08-14 22:57:06,705 tracking: rect=(23, 18, 1447, 1132) overlay_visible=True
2026-08-14 22:57:06,814 tracking: rect=(23, 18, 1447, 1132) overlay_visible=True
2026-08-14 22:57:06,925 tracking: rect=(23, 18, 1447, 1132) overlay_visible=True
2026-08-14 22:57:07,004 left click mode=judgement at (1093,972)
2026-08-14 22:57:07,034 tracking: rect=(23, 18, 1447, 1132) overlay_visible=True
2026-08-14 22:57:07,143 tracking: rect=(23, 18, 1447, 1132) overlay_visible=True
2026-08-14 22:57:07,251 tracking: rect=(23, 18, 1447, 1132) overlay_visible=True
2026-08-14 22:57:07,345 left click mode=judgement at (1093,972)
2026-08-14 22:57:07,360 tracking: rect=(23, 18, 1447, 1132) overlay_visible=True
2026-08-14 22:57:07,469 tracking: rect=(23, 18, 1447, 1132) overlay_visible=True
2026-08-14 22:57:07,577 tracking: rect=(23, 18, 1447, 1132) overlay_visible=True
2026-08-14 22:57:07,689 tracking: rect=(23, 18, 1447, 1132) overlay_visible=True
2026-08-14 22:57:07,720 left click mode=judgement at (1093,970)
2026-08-14 22:57:07,799 tracking: rect=(23, 18, 1447, 1132) overlay_visible=True
2026-08-14 22:57:07,908 tracking: rect=(23, 18, 1447, 1132) overlay_visible=True
2026-08-14 22:57:08,017 tracking: rect=(23, 18, 1447, 1132) overlay_visible=True
2026-08-14 22:57:08,048 left click mode=judgement at (1094,967)
2026-08-14 22:57:08,127 tracking: rect=(23, 18, 1447, 1132) overlay_visible=True
2026-08-14 22:57:08,235 tracking: rect=(23, 18, 1447, 1132) overlay_visible=True
2026-08-14 22:57:08,343 tracking: rect=(23, 18, 1447, 1132) overlay_visible=True
2026-08-14 22:57:08,452 tracking: rect=(23, 18, 1447, 1132) overlay_visible=True
2026-08-14 22:57:08,562 tracking: rect=(23, 18, 1447, 1132) overlay_visible=True
2026-08-14 22:57:08,672 tracking: rect=(23, 18, 1447, 1132) overlay_visible=True
2026-08-14 22:57:08,781 tracking: rect=(23, 18, 1447, 1132) overlay_visible=True
2026-08-14 22:57:08,890 tracking: rect=(23, 18, 1447, 1132) overlay_visible=True
2026-08-14 22:57:08,999 tracking: rect=(23, 18, 1447, 1132) overlay_visible=True
2026-08-14 22:57:09,109 tracking: rect=(23, 18, 1447, 1132) overlay_visible=True
2026-08-14 22:57:09,218 tracking: rect=(23, 18, 1447, 1132) overlay_visible=True
2026-08-14 22:57:09,326 tracking: rect=(23, 18, 1447, 1132) overlay_visible=True
2026-08-14 22:57:09,436 tracking: rect=(23, 18, 1447, 1132) overlay_visible=True
2026-08-14 22:57:09,546 tracking: rect=(23, 18, 1447, 1132) overlay_visible=True
2026-08-14 22:57:09,654 tracking: rect=(23, 18, 1447, 1132) overlay_visible=True
2026-08-14 22:57:09,764 tracking: rect=(23, 18, 1447, 1132) overlay_visible=True
2026-08-14 22:57:09,873 tracking: rect=(23, 18, 1447, 1132) overlay_visible=True
2026-08-14 22:57:09,988 tracking: rect=(23, 18, 1447, 1132) overlay_visible=True
2026-08-14 22:57:10,093 tracking: rect=(23, 18, 1447, 1132) overlay_visible=True
2026-08-14 22:57:10,203 tracking: rect=(23, 18, 1447, 1132) overlay_visible=True
2026-08-14 22:57:10,311 tracking: rect=(23, 18, 1447, 1132) overlay_visible=True
2026-08-14 22:57:10,420 tracking: rect=(23, 18, 1447, 1132) overlay_visible=True
2026-08-14 22:57:10,529 tracking: rect=(23, 18, 1447, 1132) overlay_visible=True
2026-08-14 22:57:10,638 tracking: rect=(23, 18, 1447, 1132) overlay_visible=True
2026-08-14 22:57:10,747 tracking: rect=(23, 18, 1447, 1132) overlay_visible=True
2026-08-14 22:57:10,856 tracking: rect=(23, 18, 1447, 1132) overlay_visible=True
2026-08-14 22:57:10,965 tracking: rect=(23, 18, 1447, 1132) overlay_visible=True
2026-08-14 22:57:11,072 tracking: rect=(23, 18, 1447, 1132) overlay_visible=True
2026-08-14 22:57:11,186 tracking: rect=(23, 18, 1447, 1132) overlay_visible=True
2026-08-14 22:57:11,296 tracking: rect=(23, 18, 1447, 1132) overlay_visible=True
2026-08-14 22:57:11,405 tracking: rect=(23, 18, 1447, 1132) overlay_visible=True
2026-08-14 22:57:11,505 tracking: rect=(23, 18, 1447, 1132) overlay_visible=True
2026-08-14 22:57:11,606 tracking: rect=(23, 18, 1447, 1132) overlay_visible=True
2026-08-14 22:57:11,707 tracking: rect=(23, 18, 1447, 1132) overlay_visible=True
2026-08-14 22:57:11,807 tracking: rect=(23, 18, 1447, 1132) overlay_visible=True
2026-08-14 22:57:11,916 tracking: rect=(23, 18, 1447, 1132) overlay_visible=True
2026-08-14 22:57:12,026 tracking: rect=(23, 18, 1447, 1132) overlay_visible=True
2026-08-14 22:57:12,128 tracking: rect=(23, 18, 1447, 1132) overlay_visible=True
2026-08-14 22:57:12,242 tracking: rect=(23, 18, 1447, 1132) overlay_visible=True
2026-08-14 22:57:12,351 tracking: rect=(23, 18, 1447, 1132) overlay_visible=True
2026-08-14 22:57:12,461 tracking: rect=(23, 18, 1447, 1132) overlay_visible=True
2026-08-14 22:57:12,561 tracking: rect=(23, 18, 1447, 1132) overlay_visible=True
2026-08-14 22:57:12,661 tracking: rect=(23, 18, 1447, 1132) overlay_visible=True
2026-08-14 22:57:12,762 tracking: rect=(23, 18, 1447, 1132) overlay_visible=True
2026-08-14 22:57:12,864 tracking: rect=(23, 18, 1447, 1132) overlay_visible=True
2026-08-14 22:57:12,965 tracking: rect=(23, 18, 1447, 1132) overlay_visible=True
2026-08-14 22:57:13,065 tracking: rect=(23, 18, 1447, 1132) overlay_visible=True
2026-08-14 22:57:13,175 tracking: rect=(23, 18, 1447, 1132) overlay_visible=True
2026-08-14 22:57:13,287 tracking: rect=(23, 18, 1447, 1132) overlay_visible=True
2026-08-14 22:57:13,388 tracking: rect=(23, 18, 1447, 1132) overlay_visible=True
2026-08-14 22:57:13,396 left click mode=judgement at (2109,199)
2026-08-14 22:57:13,504 tracking: rect=(23, 18, 1447, 1132) overlay_visible=True
2026-08-14 22:57:13,614 tracking: rect=(23, 18, 1447, 1132) overlay_visible=True
2026-08-14 22:57:13,720 tracking: rect=(23, 18, 1447, 1132) overlay_visible=True
2026-08-14 22:57:13,822 tracking: rect=(23, 18, 1447, 1132) overlay_visible=True
2026-08-14 22:57:13,926 tracking: rect=(23, 18, 1447, 1132) overlay_visible=True
2026-08-14 22:57:14,034 tracking: rect=(23, 18, 1447, 1132) overlay_visible=True
2026-08-14 22:57:14,144 tracking: rect=(23, 18, 1447, 1132) overlay_visible=True
2026-08-14 22:57:14,255 tracking: rect=(23, 18, 1447, 1132) overlay_visible=True
2026-08-14 22:57:14,365 tracking: rect=(23, 18, 1447, 1132) overlay_visible=True
2026-08-14 22:57:14,473 tracking: rect=(23, 18, 1447, 1132) overlay_visible=True
2026-08-14 22:57:14,582 tracking: rect=(23, 18, 1447, 1132) overlay_visible=True
2026-08-14 22:57:14,692 tracking: rect=(23, 18, 1447, 1132) overlay_visible=True
2026-08-14 22:57:14,801 tracking: rect=(23, 18, 1447, 1132) overlay_visible=True
2026-08-14 22:57:14,910 tracking: rect=(23, 18, 1447, 1132) overlay_visible=True
2026-08-14 22:57:15,019 tracking: rect=(23, 18, 1447, 1132) overlay_visible=True
2026-08-14 22:57:15,128 tracking: rect=(23, 18, 1447, 1132) overlay_visible=True
2026-08-14 22:57:15,238 tracking: rect=(23, 18, 1447, 1132) overlay_visible=True
2026-08-14 22:57:15,347 tracking: rect=(23, 18, 1447, 1132) overlay_visible=True
2026-08-14 22:57:15,457 tracking: rect=(23, 18, 1447, 1132) overlay_visible=True
2026-08-14 22:57:15,567 tracking: rect=(23, 18, 1447, 1132) overlay_visible=True
2026-08-14 22:57:15,675 tracking: rect=(23, 18, 1447, 1132) overlay_visible=True
2026-08-14 22:57:15,786 tracking: rect=(23, 18, 1447, 1132) overlay_visible=True
2026-08-14 22:57:15,895 tracking: rect=(23, 18, 1447, 1132) overlay_visible=True
2026-08-14 22:57:16,003 tracking: rect=(23, 18, 1447, 1132) overlay_visible=True
2026-08-14 22:57:16,111 tracking: rect=(23, 18, 1447, 1132) overlay_visible=True
2026-08-14 22:57:16,204 left click mode=judgement at (2127,173)
2026-08-14 22:57:16,219 tracking: rect=(23, 18, 1447, 1132) overlay_visible=True
2026-08-14 22:57:16,327 tracking: rect=(23, 18, 1447, 1132) overlay_visible=True
2026-08-14 22:57:16,428 tracking: rect=(23, 18, 1447, 1132) overlay_visible=True
2026-08-14 22:57:16,530 tracking: rect=(23, 18, 1447, 1132) overlay_visible=True
2026-08-14 22:57:16,639 tracking: rect=(23, 18, 1447, 1132) overlay_visible=True
2026-08-14 22:57:16,748 tracking: rect=(23, 18, 1447, 1132) overlay_visible=True
2026-08-14 22:57:16,858 tracking: rect=(23, 18, 1447, 1132) overlay_visible=True
2026-08-14 22:57:16,967 tracking: rect=(23, 18, 1447, 1132) overlay_visible=True
2026-08-14 22:57:17,076 tracking: rect=(23, 18, 1447, 1132) overlay_visible=True
2026-08-14 22:57:17,185 tracking: rect=(23, 18, 1447, 1132) overlay_visible=True
2026-08-14 22:57:17,295 tracking: rect=(23, 18, 1447, 1132) overlay_visible=True
2026-08-14 22:57:17,404 tracking: rect=(23, 18, 1447, 1132) overlay_visible=True
2026-08-14 22:57:17,514 tracking: rect=(23, 18, 1447, 1132) overlay_visible=True
2026-08-14 22:57:17,624 tracking: rect=(23, 18, 1447, 1132) overlay_visible=True
2026-08-14 22:57:17,734 tracking: rect=(23, 18, 1447, 1132) overlay_visible=True
2026-08-14 22:57:17,842 tracking: rect=(23, 18, 1447, 1132) overlay_visible=True
2026-08-14 22:57:17,952 tracking: rect=(23, 18, 1447, 1132) overlay_visible=True
2026-08-14 22:57:18,061 tracking: rect=(23, 18, 1447, 1132) overlay_visible=True
2026-08-14 22:57:18,170 tracking: rect=(23, 18, 1447, 1132) overlay_visible=True
2026-08-14 22:57:18,279 tracking: rect=(23, 18, 1447, 1132) overlay_visible=True
2026-08-14 22:57:18,389 tracking: rect=(23, 18, 1447, 1132) overlay_visible=True
2026-08-14 22:57:18,498 tracking: rect=(23, 18, 1447, 1132) overlay_visible=True
2026-08-14 22:57:18,606 tracking: rect=(23, 18, 1447, 1132) overlay_visible=True
2026-08-14 22:57:18,715 tracking: rect=(23, 18, 1447, 1132) overlay_visible=True
2026-08-14 22:57:18,824 tracking: rect=(23, 18, 1447, 1132) overlay_visible=True
2026-08-14 22:57:18,933 tracking: rect=(23, 18, 1447, 1132) overlay_visible=True
2026-08-14 22:57:19,042 tracking: rect=(23, 18, 1447, 1132) overlay_visible=True
2026-08-14 22:57:19,152 tracking: rect=(23, 18, 1447, 1132) overlay_visible=True
2026-08-14 22:57:19,262 tracking: rect=(23, 18, 1447, 1132) overlay_visible=True
2026-08-14 22:57:19,372 tracking: rect=(23, 18, 1447, 1132) overlay_visible=True
2026-08-14 22:57:19,480 tracking: rect=(23, 18, 1447, 1132) overlay_visible=True
2026-08-14 22:57:19,588 tracking: rect=(23, 18, 1447, 1132) overlay_visible=True
2026-08-14 22:57:19,698 tracking: rect=(23, 18, 1447, 1132) overlay_visible=True
2026-08-14 22:57:19,807 tracking: rect=(23, 18, 1447, 1132) overlay_visible=True
2026-08-14 22:57:19,917 tracking: rect=(23, 18, 1447, 1132) overlay_visible=True
2026-08-14 22:57:20,025 tracking: rect=(23, 18, 1447, 1132) overlay_visible=True
2026-08-14 22:57:20,134 tracking: rect=(23, 18, 1447, 1132) overlay_visible=True
2026-08-14 22:57:20,242 tracking: rect=(23, 18, 1447, 1132) overlay_visible=True
2026-08-14 22:57:20,351 tracking: rect=(23, 18, 1447, 1132) overlay_visible=True
2026-08-14 22:57:20,460 tracking: rect=(23, 18, 1447, 1132) overlay_visible=True
2026-08-14 22:57:20,565 tracking: rect=(23, 18, 1447, 1132) overlay_visible=True
2026-08-14 22:57:20,679 tracking: rect=(23, 18, 1447, 1132) overlay_visible=True
2026-08-14 22:57:20,787 tracking: rect=(23, 18, 1447, 1132) overlay_visible=True
2026-08-14 22:57:20,896 tracking: rect=(23, 18, 1447, 1132) overlay_visible=True
2026-08-14 22:57:21,006 tracking: rect=(23, 18, 1447, 1132) overlay_visible=True
2026-08-14 22:57:21,116 tracking: rect=(23, 18, 1447, 1132) overlay_visible=True
2026-08-14 22:57:21,226 tracking: rect=(23, 18, 1447, 1132) overlay_visible=True
2026-08-14 22:57:21,327 tracking: rect=(23, 18, 1447, 1132) overlay_visible=True
2026-08-14 22:57:21,428 tracking: rect=(23, 18, 1447, 1132) overlay_visible=True
2026-08-14 22:57:21,529 tracking: rect=(23, 18, 1447, 1132) overlay_visible=True
2026-08-14 22:57:21,629 tracking: rect=(23, 18, 1447, 1132) overlay_visible=True
2026-08-14 22:57:21,733 tracking: rect=(23, 18, 1447, 1132) overlay_visible=True
2026-08-14 22:57:21,833 tracking: rect=(23, 18, 1447, 1132) overlay_visible=True
2026-08-14 22:57:21,943 tracking: rect=(23, 18, 1447, 1132) overlay_visible=True
2026-08-14 22:57:22,053 tracking: rect=(23, 18, 1447, 1132) overlay_visible=True
2026-08-14 22:57:22,154 tracking: rect=(23, 18, 1447, 1132) overlay_visible=True
2026-08-14 22:57:22,254 tracking: rect=(23, 18, 1447, 1132) overlay_visible=True
2026-08-14 22:57:22,363 tracking: rect=(23, 18, 1447, 1132) overlay_visible=True
2026-08-14 22:57:22,473 tracking: rect=(23, 18, 1447, 1132) overlay_visible=True
2026-08-14 22:57:22,583 tracking: rect=(23, 18, 1447, 1132) overlay_visible=True
2026-08-14 22:57:22,692 tracking: rect=(23, 18, 1447, 1132) overlay_visible=True
2026-08-14 22:57:22,802 tracking: rect=(23, 18, 1447, 1132) overlay_visible=True
2026-08-14 22:57:22,911 tracking: rect=(23, 18, 1447, 1132) overlay_visible=True
2026-08-14 22:57:23,019 tracking: rect=(23, 18, 1447, 1132) overlay_visible=True
2026-08-14 22:57:23,129 tracking: rect=(23, 18, 1447, 1132) overlay_visible=True
2026-08-14 22:57:23,238 tracking: rect=(23, 18, 1447, 1132) overlay_visible=True
2026-08-14 22:57:23,347 tracking: rect=(23, 18, 1447, 1132) overlay_visible=True
2026-08-14 22:57:23,456 tracking: rect=(23, 18, 1447, 1132) overlay_visible=True
2026-08-14 22:57:23,563 tracking: rect=(23, 18, 1447, 1132) overlay_visible=True
2026-08-14 22:57:23,672 tracking: rect=(23, 18, 1447, 1132) overlay_visible=True
2026-08-14 22:57:23,782 tracking: rect=(23, 18, 1447, 1132) overlay_visible=True
2026-08-14 22:57:23,891 tracking: rect=(23, 18, 1447, 1132) overlay_visible=True
2026-08-14 22:57:24,001 tracking: rect=(23, 18, 1447, 1132) overlay_visible=True
2026-08-14 22:57:24,110 tracking: rect=(23, 18, 1447, 1132) overlay_visible=True
2026-08-14 22:57:24,219 tracking: rect=(23, 18, 1447, 1132) overlay_visible=True
2026-08-14 22:57:24,331 tracking: rect=(23, 18, 1447, 1132) overlay_visible=True
2026-08-14 22:57:24,440 tracking: rect=(23, 18, 1447, 1132) overlay_visible=True
2026-08-14 22:57:24,550 tracking: rect=(23, 18, 1447, 1132) overlay_visible=True
2026-08-14 22:57:24,658 tracking: rect=(23, 18, 1447, 1132) overlay_visible=True
2026-08-14 22:57:24,769 tracking: rect=(23, 18, 1447, 1132) overlay_visible=True
2026-08-14 22:57:24,869 tracking: rect=(23, 18, 1447, 1132) overlay_visible=True
2026-08-14 22:57:24,972 tracking: rect=(23, 18, 1447, 1132) overlay_visible=True
2026-08-14 22:57:25,081 tracking: rect=(23, 18, 1447, 1132) overlay_visible=True
2026-08-14 22:57:25,190 tracking: rect=(23, 18, 1447, 1132) overlay_visible=True
2026-08-14 22:57:25,297 tracking: rect=(23, 18, 1447, 1132) overlay_visible=True
2026-08-14 22:57:25,410 tracking: rect=(23, 18, 1447, 1132) overlay_visible=True
2026-08-14 22:57:25,520 tracking: rect=(23, 18, 1447, 1132) overlay_visible=True
2026-08-14 22:57:25,621 tracking: rect=(23, 18, 1447, 1132) overlay_visible=True
2026-08-14 22:57:25,723 tracking: rect=(23, 18, 1447, 1132) overlay_visible=True
2026-08-14 22:57:25,833 tracking: rect=(23, 18, 1447, 1132) overlay_visible=True
2026-08-14 22:57:25,941 tracking: rect=(23, 18, 1447, 1132) overlay_visible=True
2026-08-14 22:57:26,050 tracking: rect=(23, 18, 1447, 1132) overlay_visible=True
2026-08-14 22:57:26,154 tracking: rect=(23, 18, 1447, 1132) overlay_visible=True
2026-08-14 22:57:26,267 tracking: rect=(23, 18, 1447, 1132) overlay_visible=True
2026-08-14 22:57:26,377 tracking: rect=(23, 18, 1447, 1132) overlay_visible=True
2026-08-14 22:57:26,486 tracking: rect=(23, 18, 1447, 1132) overlay_visible=True
2026-08-14 22:57:26,595 tracking: rect=(23, 18, 1447, 1132) overlay_visible=True
2026-08-14 22:57:26,704 tracking: rect=(23, 18, 1447, 1132) overlay_visible=True
2026-08-14 22:57:26,814 tracking: rect=(23, 18, 1447, 1132) overlay_visible=True
2026-08-14 22:57:26,923 tracking: rect=(23, 18, 1447, 1132) overlay_visible=True
2026-08-14 22:57:27,033 tracking: rect=(23, 18, 1447, 1132) overlay_visible=True
2026-08-14 22:57:27,141 tracking: rect=(23, 18, 1447, 1132) overlay_visible=True
2026-08-14 22:57:27,249 tracking: rect=(23, 18, 1447, 1132) overlay_visible=True
2026-08-14 22:57:27,359 tracking: rect=(23, 18, 1447, 1132) overlay_visible=True
2026-08-14 22:57:27,468 tracking: rect=(23, 18, 1447, 1132) overlay_visible=True
2026-08-14 22:57:27,576 tracking: rect=(23, 18, 1447, 1132) overlay_visible=True
2026-08-14 22:57:27,686 tracking: rect=(23, 18, 1447, 1132) overlay_visible=True
2026-08-14 22:57:27,794 tracking: rect=(23, 18, 1447, 1132) overlay_visible=True
2026-08-14 22:57:27,904 tracking: rect=(23, 18, 1447, 1132) overlay_visible=True
2026-08-14 22:57:28,013 tracking: rect=(23, 18, 1447, 1132) overlay_visible=True
2026-08-14 22:57:28,123 tracking: rect=(23, 18, 1447, 1132) overlay_visible=True
2026-08-14 22:57:28,231 tracking: rect=(23, 18, 1447, 1132) overlay_visible=True
2026-08-14 22:57:28,341 tracking: rect=(23, 18, 1447, 1132) overlay_visible=True
2026-08-14 22:57:28,451 tracking: rect=(23, 18, 1447, 1132) overlay_visible=True
2026-08-14 22:57:28,551 tracking: rect=(23, 18, 1447, 1132) overlay_visible=True
2026-08-14 22:57:28,652 tracking: rect=(23, 18, 1447, 1132) overlay_visible=True
2026-08-14 22:57:28,753 tracking: rect=(23, 18, 1447, 1132) overlay_visible=True
2026-08-14 22:57:28,856 tracking: rect=(23, 18, 1447, 1132) overlay_visible=True
2026-08-14 22:57:28,965 tracking: rect=(23, 18, 1447, 1132) overlay_visible=True
2026-08-14 22:57:29,073 tracking: rect=(23, 18, 1447, 1132) overlay_visible=True
2026-08-14 22:57:29,183 tracking: rect=(23, 18, 1447, 1132) overlay_visible=True
2026-08-14 22:57:29,291 tracking: rect=(23, 18, 1447, 1132) overlay_visible=True
2026-08-14 22:57:29,401 tracking: rect=(23, 18, 1447, 1132) overlay_visible=True
2026-08-14 22:57:29,510 tracking: rect=(23, 18, 1447, 1132) overlay_visible=True
2026-08-14 22:57:29,619 tracking: rect=(23, 18, 1447, 1132) overlay_visible=True
2026-08-14 22:57:29,728 tracking: rect=(23, 18, 1447, 1132) overlay_visible=True
2026-08-14 22:57:29,837 tracking: rect=(23, 18, 1447, 1132) overlay_visible=True
2026-08-14 22:57:29,943 tracking: rect=(23, 18, 1447, 1132) overlay_visible=True
2026-08-14 22:57:30,048 tracking: rect=(23, 18, 1447, 1132) overlay_visible=True
2026-08-14 22:57:30,151 tracking: rect=(23, 18, 1447, 1132) overlay_visible=True
2026-08-14 22:57:30,252 tracking: rect=(23, 18, 1447, 1132) overlay_visible=True
2026-08-14 22:57:30,354 tracking: rect=(23, 18, 1447, 1132) overlay_visible=True
2026-08-14 22:57:30,454 tracking: rect=(23, 18, 1447, 1132) overlay_visible=True
2026-08-14 22:57:30,558 tracking: rect=(23, 18, 1447, 1132) overlay_visible=True
2026-08-14 22:57:30,659 tracking: rect=(23, 18, 1447, 1132) overlay_visible=True
2026-08-14 22:57:30,762 tracking: rect=(23, 18, 1447, 1132) overlay_visible=True
2026-08-14 22:57:30,868 tracking: rect=(23, 18, 1447, 1132) overlay_visible=True
2026-08-14 22:57:30,979 tracking: rect=(23, 18, 1447, 1132) overlay_visible=True
2026-08-14 22:57:31,088 tracking: rect=(23, 18, 1447, 1132) overlay_visible=True
2026-08-14 22:57:31,197 tracking: rect=(23, 18, 1447, 1132) overlay_visible=True
2026-08-14 22:57:31,306 tracking: rect=(23, 18, 1447, 1132) overlay_visible=True
2026-08-14 22:57:31,415 tracking: rect=(23, 18, 1447, 1132) overlay_visible=True
2026-08-14 22:57:31,431 left click mode=judgement at (2093,170)
2026-08-14 22:57:31,525 tracking: rect=(23, 18, 1447, 1132) overlay_visible=True
2026-08-14 22:57:31,634 tracking: rect=(23, 18, 1447, 1132) overlay_visible=True
2026-08-14 22:57:31,735 tracking: rect=(23, 18, 1447, 1132) overlay_visible=True
2026-08-14 22:57:31,837 tracking: rect=(23, 18, 1447, 1132) overlay_visible=True
2026-08-14 22:57:31,946 tracking: rect=(23, 18, 1447, 1132) overlay_visible=True
2026-08-14 22:57:32,055 tracking: rect=(23, 18, 1447, 1132) overlay_visible=True
2026-08-14 22:57:32,164 tracking: rect=(23, 18, 1447, 1132) overlay_visible=True
2026-08-14 22:57:32,272 tracking: rect=(23, 18, 1447, 1132) overlay_visible=True
2026-08-14 22:57:32,382 tracking: rect=(23, 18, 1447, 1132) overlay_visible=True
2026-08-14 22:57:32,490 tracking: rect=(23, 18, 1447, 1132) overlay_visible=True
2026-08-14 22:57:32,599 tracking: rect=(23, 18, 1447, 1132) overlay_visible=True
2026-08-14 22:57:32,710 tracking: rect=(23, 18, 1447, 1132) overlay_visible=True
2026-08-14 22:57:32,818 tracking: rect=(23, 18, 1447, 1132) overlay_visible=True
2026-08-14 22:57:32,927 tracking: rect=(23, 18, 1447, 1132) overlay_visible=True
2026-08-14 22:57:33,036 tracking: rect=(23, 18, 1447, 1132) overlay_visible=True
2026-08-14 22:57:33,143 tracking: rect=(23, 18, 1447, 1132) overlay_visible=True
2026-08-14 22:57:33,253 tracking: rect=(23, 18, 1447, 1132) overlay_visible=True
2026-08-14 22:57:33,363 tracking: rect=(23, 18, 1447, 1132) overlay_visible=True
2026-08-14 22:57:33,472 tracking: rect=(23, 18, 1447, 1132) overlay_visible=True
2026-08-14 22:57:33,580 tracking: rect=(23, 18, 1447, 1132) overlay_visible=True
2026-08-14 22:57:33,689 tracking: rect=(23, 18, 1447, 1132) overlay_visible=True
2026-08-14 22:57:33,797 tracking: rect=(23, 18, 1447, 1132) overlay_visible=True
2026-08-14 22:57:33,907 tracking: rect=(23, 18, 1447, 1132) overlay_visible=True
2026-08-14 22:57:34,018 tracking: rect=(23, 18, 1447, 1132) overlay_visible=True
2026-08-14 22:57:34,126 tracking: rect=(23, 18, 1447, 1132) overlay_visible=True
2026-08-14 22:57:34,236 tracking: rect=(23, 18, 1447, 1132) overlay_visible=True
2026-08-14 22:57:34,346 tracking: rect=(23, 18, 1447, 1132) overlay_visible=True
2026-08-14 22:57:34,456 tracking: rect=(23, 18, 1447, 1132) overlay_visible=True
2026-08-14 22:57:34,557 tracking: rect=(23, 18, 1447, 1132) overlay_visible=True
2026-08-14 22:57:34,658 tracking: rect=(23, 18, 1447, 1132) overlay_visible=True
2026-08-14 22:57:34,759 tracking: rect=(23, 18, 1447, 1132) overlay_visible=True
2026-08-14 22:57:34,859 tracking: rect=(23, 18, 1447, 1132) overlay_visible=True
2026-08-14 22:57:34,971 tracking: rect=(23, 18, 1447, 1132) overlay_visible=True
2026-08-14 22:57:35,081 tracking: rect=(23, 18, 1447, 1132) overlay_visible=True
2026-08-14 22:57:35,181 tracking: rect=(23, 18, 1447, 1132) overlay_visible=True
2026-08-14 22:57:35,282 tracking: rect=(23, 18, 1447, 1132) overlay_visible=True
2026-08-14 22:57:35,394 tracking: rect=(23, 18, 1447, 1132) overlay_visible=True
2026-08-14 22:57:35,498 tracking: rect=(23, 18, 1447, 1132) overlay_visible=True
2026-08-14 22:57:35,598 tracking: rect=(23, 18, 1447, 1132) overlay_visible=True
2026-08-14 22:57:35,698 tracking: rect=(23, 18, 1447, 1132) overlay_visible=True
2026-08-14 22:57:35,800 tracking: rect=(23, 18, 1447, 1132) overlay_visible=True
2026-08-14 22:57:35,909 tracking: rect=(23, 18, 1447, 1132) overlay_visible=True
2026-08-14 22:57:36,019 tracking: rect=(23, 18, 1447, 1132) overlay_visible=True
2026-08-14 22:57:36,127 tracking: rect=(23, 18, 1447, 1132) overlay_visible=True
2026-08-14 22:57:36,237 tracking: rect=(23, 18, 1447, 1132) overlay_visible=True
2026-08-14 22:57:36,347 tracking: rect=(23, 18, 1447, 1132) overlay_visible=True
2026-08-14 22:57:36,456 tracking: rect=(23, 18, 1447, 1132) overlay_visible=True
2026-08-14 22:57:36,566 tracking: rect=(23, 18, 1447, 1132) overlay_visible=True
2026-08-14 22:57:36,675 tracking: rect=(23, 18, 1447, 1132) overlay_visible=True
2026-08-14 22:57:36,783 tracking: rect=(23, 18, 1447, 1132) overlay_visible=True
2026-08-14 22:57:36,893 tracking: rect=(23, 18, 1447, 1132) overlay_visible=True
2026-08-14 22:57:36,997 tracking: rect=(23, 18, 1447, 1132) overlay_visible=True
2026-08-14 22:57:37,099 tracking: rect=(23, 18, 1447, 1132) overlay_visible=True
2026-08-14 22:57:37,204 tracking: rect=(23, 18, 1447, 1132) overlay_visible=True
2026-08-14 22:57:37,305 tracking: rect=(23, 18, 1447, 1132) overlay_visible=True
2026-08-14 22:57:37,406 tracking: rect=(23, 18, 1447, 1132) overlay_visible=True
2026-08-14 22:57:37,514 tracking: rect=(23, 18, 1447, 1132) overlay_visible=True
2026-08-14 22:57:37,626 tracking: rect=(23, 18, 1447, 1132) overlay_visible=True
2026-08-14 22:57:37,735 tracking: rect=(23, 18, 1447, 1132) overlay_visible=True
2026-08-14 22:57:37,845 tracking: rect=(23, 18, 1447, 1132) overlay_visible=True
2026-08-14 22:57:37,955 tracking: rect=(23, 18, 1447, 1132) overlay_visible=True
2026-08-14 22:57:38,063 tracking: rect=(23, 18, 1447, 1132) overlay_visible=True
2026-08-14 22:57:38,168 tracking: rect=(23, 18, 1447, 1132) overlay_visible=True
2026-08-14 22:57:38,279 tracking: rect=(23, 18, 1447, 1132) overlay_visible=True
2026-08-14 22:57:38,381 tracking: rect=(23, 18, 1447, 1132) overlay_visible=True
2026-08-14 22:57:38,483 tracking: rect=(23, 18, 1447, 1132) overlay_visible=True
2026-08-14 22:57:38,592 tracking: rect=(23, 18, 1447, 1132) overlay_visible=True
2026-08-14 22:57:38,693 tracking: rect=(23, 18, 1447, 1132) overlay_visible=True
2026-08-14 22:57:38,796 tracking: rect=(23, 18, 1447, 1132) overlay_visible=True
2026-08-14 22:57:38,904 tracking: rect=(23, 18, 1447, 1132) overlay_visible=True
2026-08-14 22:57:39,014 tracking: rect=(23, 18, 1447, 1132) overlay_visible=True
2026-08-14 22:57:39,114 tracking: rect=(23, 18, 1447, 1132) overlay_visible=True
2026-08-14 22:57:39,215 tracking: rect=(23, 18, 1447, 1132) overlay_visible=True
2026-08-14 22:57:39,324 tracking: rect=(23, 18, 1447, 1132) overlay_visible=True
2026-08-14 22:57:39,427 tracking: rect=(23, 18, 1447, 1132) overlay_visible=True
2026-08-14 22:57:39,528 tracking: rect=(23, 18, 1447, 1132) overlay_visible=True
2026-08-14 22:57:39,628 tracking: rect=(23, 18, 1447, 1132) overlay_visible=True
2026-08-14 22:57:39,729 tracking: rect=(23, 18, 1447, 1132) overlay_visible=True
2026-08-14 22:57:39,841 tracking: rect=(23, 18, 1447, 1132) overlay_visible=True
2026-08-14 22:57:39,950 tracking: rect=(23, 18, 1447, 1132) overlay_visible=True
2026-08-14 22:57:40,061 tracking: rect=(23, 18, 1447, 1132) overlay_visible=True
2026-08-14 22:57:40,170 tracking: rect=(23, 18, 1447, 1132) overlay_visible=True
2026-08-14 22:57:40,279 tracking: rect=(23, 18, 1447, 1132) overlay_visible=True
2026-08-14 22:57:40,389 tracking: rect=(23, 18, 1447, 1132) overlay_visible=True
2026-08-14 22:57:40,499 tracking: rect=(23, 18, 1447, 1132) overlay_visible=True
2026-08-14 22:57:40,609 tracking: rect=(23, 18, 1447, 1132) overlay_visible=True
2026-08-14 22:57:40,609 left click mode=judgement at (2177,281)
2026-08-14 22:57:40,718 tracking: rect=(23, 18, 1447, 1132) overlay_visible=True
2026-08-14 22:57:40,819 tracking: rect=(23, 18, 1447, 1132) overlay_visible=True
2026-08-14 22:57:40,924 tracking: rect=(23, 18, 1447, 1132) overlay_visible=True
2026-08-14 22:57:41,033 tracking: rect=(23, 18, 1447, 1132) overlay_visible=True
2026-08-14 22:57:41,143 tracking: rect=(23, 18, 1447, 1132) overlay_visible=True
2026-08-14 22:57:41,253 tracking: rect=(23, 18, 1447, 1132) overlay_visible=True
2026-08-14 22:57:41,361 tracking: rect=(23, 18, 1447, 1132) overlay_visible=True
2026-08-14 22:57:41,470 tracking: rect=(23, 18, 1447, 1132) overlay_visible=True
2026-08-14 22:57:41,580 tracking: rect=(23, 18, 1447, 1132) overlay_visible=True
2026-08-14 22:57:41,687 tracking: rect=(23, 18, 1447, 1132) overlay_visible=True
2026-08-14 22:57:41,708 left click mode=eyedrop_bg at (1282,538)
2026-08-14 22:57:41,796 tracking: rect=(23, 18, 1447, 1132) overlay_visible=True
2026-08-14 22:57:41,906 tracking: rect=(23, 18, 1447, 1132) overlay_visible=True
2026-08-14 22:57:42,014 tracking: rect=(23, 18, 1447, 1132) overlay_visible=True
2026-08-14 22:57:42,122 tracking: rect=(23, 18, 1447, 1132) overlay_visible=True
2026-08-14 22:57:42,232 tracking: rect=(23, 18, 1447, 1132) overlay_visible=True
2026-08-14 22:57:42,342 tracking: rect=(23, 18, 1447, 1132) overlay_visible=True
2026-08-14 22:57:42,442 tracking: rect=(23, 18, 1447, 1132) overlay_visible=True
2026-08-14 22:57:42,544 tracking: rect=(23, 18, 1447, 1132) overlay_visible=True
2026-08-14 22:57:42,654 tracking: rect=(23, 18, 1447, 1132) overlay_visible=True
2026-08-14 22:57:42,762 tracking: rect=(23, 18, 1447, 1132) overlay_visible=True
2026-08-14 22:57:42,863 tracking: rect=(23, 18, 1447, 1132) overlay_visible=True
2026-08-14 22:57:42,963 tracking: rect=(23, 18, 1447, 1132) overlay_visible=True
2026-08-14 22:57:43,074 tracking: rect=(23, 18, 1447, 1132) overlay_visible=True
2026-08-14 22:57:43,184 tracking: rect=(23, 18, 1447, 1132) overlay_visible=True
2026-08-14 22:57:43,250 left click mode=eyedrop_bg at (2217,274)
2026-08-14 22:57:43,293 tracking: rect=(23, 18, 1447, 1132) overlay_visible=True
2026-08-14 22:57:43,401 tracking: rect=(23, 18, 1447, 1132) overlay_visible=True
2026-08-14 22:57:43,509 tracking: rect=(23, 18, 1447, 1132) overlay_visible=True
2026-08-14 22:57:43,618 tracking: rect=(23, 18, 1447, 1132) overlay_visible=True
2026-08-14 22:57:43,727 tracking: rect=(23, 18, 1447, 1132) overlay_visible=True
2026-08-14 22:57:43,836 tracking: rect=(23, 18, 1447, 1132) overlay_visible=True
2026-08-14 22:57:43,946 tracking: rect=(23, 18, 1447, 1132) overlay_visible=True
2026-08-14 22:57:44,056 tracking: rect=(23, 18, 1447, 1132) overlay_visible=True
2026-08-14 22:57:44,165 tracking: rect=(23, 18, 1447, 1132) overlay_visible=True
2026-08-14 22:57:44,274 tracking: rect=(23, 18, 1447, 1132) overlay_visible=True
2026-08-14 22:57:44,383 tracking: rect=(23, 18, 1447, 1132) overlay_visible=True
2026-08-14 22:57:44,491 tracking: rect=(23, 18, 1447, 1132) overlay_visible=True
2026-08-14 22:57:44,600 tracking: rect=(23, 18, 1447, 1132) overlay_visible=True
2026-08-14 22:57:44,711 tracking: rect=(23, 18, 1447, 1132) overlay_visible=True
2026-08-14 22:57:44,819 tracking: rect=(23, 18, 1447, 1132) overlay_visible=True
2026-08-14 22:57:44,920 tracking: rect=(23, 18, 1447, 1132) overlay_visible=True
2026-08-14 22:57:45,021 tracking: rect=(23, 18, 1447, 1132) overlay_visible=True
2026-08-14 22:57:45,134 tracking: rect=(23, 18, 1447, 1132) overlay_visible=True
2026-08-14 22:57:45,241 tracking: rect=(23, 18, 1447, 1132) overlay_visible=True
2026-08-14 22:57:45,351 tracking: rect=(23, 18, 1447, 1132) overlay_visible=True
2026-08-14 22:57:45,461 tracking: rect=(23, 18, 1447, 1132) overlay_visible=True
2026-08-14 22:57:45,570 tracking: rect=(23, 18, 1447, 1132) overlay_visible=True
2026-08-14 22:57:45,678 tracking: rect=(23, 18, 1447, 1132) overlay_visible=True
2026-08-14 22:57:45,787 tracking: rect=(23, 18, 1447, 1132) overlay_visible=True
2026-08-14 22:57:45,896 tracking: rect=(23, 18, 1447, 1132) overlay_visible=True
2026-08-14 22:57:46,005 tracking: rect=(23, 18, 1447, 1132) overlay_visible=True
2026-08-14 22:57:46,115 tracking: rect=(23, 18, 1447, 1132) overlay_visible=True
2026-08-14 22:57:46,224 tracking: rect=(23, 18, 1447, 1132) overlay_visible=True
2026-08-14 22:57:46,325 tracking: rect=(23, 18, 1447, 1132) overlay_visible=True
2026-08-14 22:57:46,426 tracking: rect=(23, 18, 1447, 1132) overlay_visible=True
2026-08-14 22:57:46,526 tracking: rect=(23, 18, 1447, 1132) overlay_visible=True
2026-08-14 22:57:46,626 tracking: rect=(23, 18, 1447, 1132) overlay_visible=True
2026-08-14 22:57:46,729 tracking: rect=(23, 18, 1447, 1132) overlay_visible=True
2026-08-14 22:57:46,835 tracking: rect=(23, 18, 1447, 1132) overlay_visible=True
2026-08-14 22:57:46,943 tracking: rect=(23, 18, 1447, 1132) overlay_visible=True
2026-08-14 22:57:47,051 tracking: rect=(23, 18, 1447, 1132) overlay_visible=True
2026-08-14 22:57:47,161 tracking: rect=(23, 18, 1447, 1132) overlay_visible=True
2026-08-14 22:57:47,271 tracking: rect=(23, 18, 1447, 1132) overlay_visible=True
2026-08-14 22:57:47,380 tracking: rect=(23, 18, 1447, 1132) overlay_visible=True
2026-08-14 22:57:47,490 tracking: rect=(23, 18, 1447, 1132) overlay_visible=True
2026-08-14 22:57:47,599 tracking: rect=(23, 18, 1447, 1132) overlay_visible=True
2026-08-14 22:57:47,708 tracking: rect=(23, 18, 1447, 1132) overlay_visible=True
2026-08-14 22:57:47,808 tracking: rect=(23, 18, 1447, 1132) overlay_visible=True
2026-08-14 22:57:47,909 tracking: rect=(23, 18, 1447, 1132) overlay_visible=True
2026-08-14 22:57:48,009 tracking: rect=(23, 18, 1447, 1132) overlay_visible=True
2026-08-14 22:57:48,109 tracking: rect=(23, 18, 1447, 1132) overlay_visible=True
2026-08-14 22:57:48,200 left click mode=eyedrop_bg at (2466,152)
2026-08-14 22:57:48,222 tracking: rect=(23, 18, 1447, 1132) overlay_visible=True
2026-08-14 22:57:48,331 tracking: rect=(23, 18, 1447, 1132) overlay_visible=True
2026-08-14 22:57:48,441 tracking: rect=(23, 18, 1447, 1132) overlay_visible=True
2026-08-14 22:57:48,542 tracking: rect=(23, 18, 1447, 1132) overlay_visible=True
2026-08-14 22:57:48,643 tracking: rect=(23, 18, 1447, 1132) overlay_visible=True
2026-08-14 22:57:48,643 left click mode=eyedrop_bg at (2469,159)
2026-08-14 22:57:48,752 tracking: rect=(23, 18, 1447, 1132) overlay_visible=True
2026-08-14 22:57:48,862 tracking: rect=(23, 18, 1447, 1132) overlay_visible=True
2026-08-14 22:57:48,963 tracking: rect=(23, 18, 1447, 1132) overlay_visible=True
2026-08-14 22:57:49,064 tracking: rect=(23, 18, 1447, 1132) overlay_visible=True
2026-08-14 22:57:49,173 tracking: rect=(23, 18, 1447, 1132) overlay_visible=True
2026-08-14 22:57:49,273 tracking: rect=(23, 18, 1447, 1132) overlay_visible=True
2026-08-14 22:57:49,358 left click mode=eyedrop_bg at (2356,175)
2026-08-14 22:57:49,375 tracking: rect=(23, 18, 1447, 1132) overlay_visible=True
2026-08-14 22:57:49,461 tracking: rect=(23, 18, 1447, 1132) overlay_visible=True
2026-08-14 22:57:49,486 tracking: rect=(23, 18, 1447, 1132) overlay_visible=True
2026-08-14 22:57:49,595 tracking: rect=(23, 18, 1447, 1132) overlay_visible=True
2026-08-14 22:57:49,705 tracking: rect=(23, 18, 1447, 1132) overlay_visible=True
2026-08-14 22:57:49,816 tracking: rect=(23, 18, 1447, 1132) overlay_visible=True
2026-08-14 22:57:49,925 tracking: rect=(23, 18, 1447, 1132) overlay_visible=True
2026-08-14 22:57:50,035 tracking: rect=(23, 18, 1447, 1132) overlay_visible=True
2026-08-14 22:57:50,140 tracking: rect=(23, 18, 1447, 1132) overlay_visible=True
2026-08-14 22:57:50,240 tracking: rect=(23, 18, 1447, 1132) overlay_visible=True
2026-08-14 22:57:50,341 tracking: rect=(23, 18, 1447, 1132) overlay_visible=True
2026-08-14 22:57:50,441 tracking: rect=(23, 18, 1447, 1132) overlay_visible=True
2026-08-14 22:57:50,541 tracking: rect=(23, 18, 1447, 1132) overlay_visible=True
2026-08-14 22:57:50,644 tracking: rect=(23, 18, 1447, 1132) overlay_visible=True
2026-08-14 22:57:50,753 tracking: rect=(23, 18, 1447, 1132) overlay_visible=True
2026-08-14 22:57:50,800 left click mode=judgement at (2154,162)
2026-08-14 22:57:50,863 tracking: rect=(23, 18, 1447, 1132) overlay_visible=True
2026-08-14 22:57:50,972 tracking: rect=(23, 18, 1447, 1132) overlay_visible=True
2026-08-14 22:57:51,072 tracking: rect=(23, 18, 1447, 1132) overlay_visible=True
2026-08-14 22:57:51,172 tracking: rect=(23, 18, 1447, 1132) overlay_visible=True
2026-08-14 22:57:51,275 tracking: rect=(23, 18, 1447, 1132) overlay_visible=True
2026-08-14 22:57:51,376 tracking: rect=(23, 18, 1447, 1132) overlay_visible=True
2026-08-14 22:57:51,485 tracking: rect=(23, 18, 1447, 1132) overlay_visible=True
2026-08-14 22:57:51,516 left click mode=judgement at (2290,249)
2026-08-14 22:57:51,591 tracking: rect=(23, 18, 1447, 1132) overlay_visible=True
2026-08-14 22:57:51,673 left click mode=judgement at (2290,249)
2026-08-14 22:57:51,704 tracking: rect=(23, 18, 1447, 1132) overlay_visible=True
2026-08-14 22:57:51,813 tracking: rect=(23, 18, 1447, 1132) overlay_visible=True
2026-08-14 22:57:51,914 tracking: rect=(23, 18, 1447, 1132) overlay_visible=True
2026-08-14 22:57:52,015 tracking: rect=(23, 18, 1447, 1132) overlay_visible=True
2026-08-14 22:57:52,124 tracking: rect=(23, 18, 1447, 1132) overlay_visible=True
2026-08-14 22:57:52,234 tracking: rect=(23, 18, 1447, 1132) overlay_visible=True
2026-08-14 22:57:52,343 tracking: rect=(23, 18, 1447, 1132) overlay_visible=True
2026-08-14 22:57:52,449 tracking: rect=(23, 18, 1447, 1132) overlay_visible=True
2026-08-14 22:57:52,562 tracking: rect=(23, 18, 1447, 1132) overlay_visible=True
2026-08-14 22:57:52,667 tracking: rect=(23, 18, 1447, 1132) overlay_visible=True
2026-08-14 22:57:52,672 left click mode=judgement at (2401,292)
2026-08-14 22:57:52,767 tracking: rect=(23, 18, 1447, 1132) overlay_visible=True
2026-08-14 22:57:52,867 tracking: rect=(23, 18, 1447, 1132) overlay_visible=True
2026-08-14 22:57:52,968 tracking: rect=(23, 18, 1447, 1132) overlay_visible=True
2026-08-14 22:57:53,070 tracking: rect=(23, 18, 1447, 1132) overlay_visible=True
2026-08-14 22:57:53,170 tracking: rect=(23, 18, 1447, 1132) overlay_visible=True
2026-08-14 22:57:53,271 tracking: rect=(23, 18, 1447, 1132) overlay_visible=True
2026-08-14 22:57:53,374 tracking: rect=(23, 18, 1447, 1132) overlay_visible=True
2026-08-14 22:57:53,483 tracking: rect=(23, 18, 1447, 1132) overlay_visible=True
2026-08-14 22:57:53,591 tracking: rect=(23, 18, 1447, 1132) overlay_visible=True
2026-08-14 22:57:53,702 tracking: rect=(23, 18, 1447, 1132) overlay_visible=True
2026-08-14 22:57:53,811 tracking: rect=(23, 18, 1447, 1132) overlay_visible=True
2026-08-14 22:57:53,921 tracking: rect=(23, 18, 1447, 1132) overlay_visible=True
2026-08-14 22:57:54,021 tracking: rect=(23, 18, 1447, 1132) overlay_visible=True
2026-08-14 22:57:54,122 tracking: rect=(23, 18, 1447, 1132) overlay_visible=True
2026-08-14 22:57:54,232 tracking: rect=(23, 18, 1447, 1132) overlay_visible=True
2026-08-14 22:57:54,263 left click mode=judgement at (2503,188)
2026-08-14 22:57:54,339 tracking: rect=(23, 18, 1447, 1132) overlay_visible=True
2026-08-14 22:57:54,446 tracking: rect=(23, 18, 1447, 1132) overlay_visible=True
2026-08-14 22:57:54,449 left click mode=judgement at (2503,187)
2026-08-14 22:57:54,545 tracking: rect=(23, 18, 1447, 1132) overlay_visible=True
2026-08-14 22:57:54,646 tracking: rect=(23, 18, 1447, 1132) overlay_visible=True
2026-08-14 22:57:54,746 tracking: rect=(23, 18, 1447, 1132) overlay_visible=True
2026-08-14 22:57:54,848 tracking: rect=(23, 18, 1447, 1132) overlay_visible=True
2026-08-14 22:57:54,949 tracking: rect=(23, 18, 1447, 1132) overlay_visible=True
2026-08-14 22:57:55,050 tracking: rect=(23, 18, 1447, 1132) overlay_visible=True
2026-08-14 22:57:55,212 left click mode=judgement at (2250,57)
2026-08-14 22:57:55,212 tracking: rect=(23, 18, 1447, 1132) overlay_visible=True
2026-08-14 22:57:55,323 tracking: rect=(23, 18, 1447, 1132) overlay_visible=True
2026-08-14 22:57:55,432 tracking: rect=(23, 18, 1447, 1132) overlay_visible=True
2026-08-14 22:57:55,551 left click mode=judgement at (2238,72)
2026-08-14 22:57:55,551 tracking: rect=(23, 18, 1447, 1132) overlay_visible=True
2026-08-14 22:57:55,666 tracking: rect=(23, 18, 1447, 1132) overlay_visible=True
2026-08-14 22:57:55,773 tracking: rect=(23, 18, 1447, 1132) overlay_visible=True
2026-08-14 22:57:55,874 tracking: rect=(23, 18, 1447, 1132) overlay_visible=True
2026-08-14 22:57:55,978 tracking: rect=(23, 18, 1447, 1132) overlay_visible=True
2026-08-14 22:57:56,087 tracking: rect=(23, 18, 1447, 1132) overlay_visible=True
2026-08-14 22:57:56,194 tracking: rect=(23, 18, 1447, 1132) overlay_visible=True
2026-08-14 22:57:56,211 left click mode=judgement at (1741,169)
2026-08-14 22:57:56,305 tracking: rect=(23, 18, 1447, 1132) overlay_visible=True
2026-08-14 22:57:56,415 tracking: rect=(23, 18, 1447, 1132) overlay_visible=True
2026-08-14 22:57:56,516 tracking: rect=(23, 18, 1447, 1132) overlay_visible=True
2026-08-14 22:57:56,616 tracking: rect=(23, 18, 1447, 1132) overlay_visible=True
2026-08-14 22:57:56,719 tracking: rect=(23, 18, 1447, 1132) overlay_visible=True
2026-08-14 22:57:56,819 tracking: rect=(23, 18, 1447, 1132) overlay_visible=True
2026-08-14 22:57:56,919 tracking: rect=(23, 18, 1447, 1132) overlay_visible=True
2026-08-14 22:57:57,020 tracking: rect=(23, 18, 1447, 1132) overlay_visible=True
2026-08-14 22:57:57,143 tracking: rect=(23, 18, 1447, 1132) overlay_visible=True
2026-08-14 22:57:57,144 left click mode=judgement at (2408,227)
2026-08-14 22:57:57,245 tracking: rect=(23, 18, 1447, 1132) overlay_visible=True
2026-08-14 22:57:57,345 tracking: rect=(23, 18, 1447, 1132) overlay_visible=True
2026-08-14 22:57:57,445 tracking: rect=(23, 18, 1447, 1132) overlay_visible=True
2026-08-14 22:57:57,556 tracking: rect=(23, 18, 1447, 1132) overlay_visible=True
2026-08-14 22:57:57,660 tracking: rect=(23, 18, 1447, 1132) overlay_visible=True
2026-08-14 22:57:57,766 tracking: rect=(23, 18, 1447, 1132) overlay_visible=True
2026-08-14 22:57:57,867 tracking: rect=(23, 18, 1447, 1132) overlay_visible=True
2026-08-14 22:57:57,962 left click mode=judgement at (2096,87)
2026-08-14 22:57:57,967 tracking: rect=(23, 18, 1447, 1132) overlay_visible=True
2026-08-14 22:57:58,069 tracking: rect=(23, 18, 1447, 1132) overlay_visible=True
2026-08-14 22:57:58,178 tracking: rect=(23, 18, 1447, 1132) overlay_visible=True
2026-08-14 22:57:58,291 tracking: rect=(23, 18, 1447, 1132) overlay_visible=True
2026-08-14 22:57:58,400 tracking: rect=(23, 18, 1447, 1132) overlay_visible=True
2026-08-14 22:57:58,500 tracking: rect=(23, 18, 1447, 1132) overlay_visible=True
2026-08-14 22:57:58,601 tracking: rect=(23, 18, 1447, 1132) overlay_visible=True
2026-08-14 22:57:58,705 tracking: rect=(23, 18, 1447, 1132) overlay_visible=True
2026-08-14 22:57:58,806 tracking: rect=(23, 18, 1447, 1132) overlay_visible=True
2026-08-14 22:57:58,886 left click mode=judgement at (1748,124)
2026-08-14 22:57:58,916 tracking: rect=(23, 18, 1447, 1132) overlay_visible=True
2026-08-14 22:57:59,024 tracking: rect=(23, 18, 1447, 1132) overlay_visible=True
2026-08-14 22:57:59,126 tracking: rect=(23, 18, 1447, 1132) overlay_visible=True
2026-08-14 22:57:59,225 tracking: rect=(23, 18, 1447, 1132) overlay_visible=True
2026-08-14 22:57:59,327 tracking: rect=(23, 18, 1447, 1132) overlay_visible=True
2026-08-14 22:57:59,429 tracking: rect=(23, 18, 1447, 1132) overlay_visible=True
2026-08-14 22:57:59,494 left click mode=judgement at (2340,265)
2026-08-14 22:57:59,539 tracking: rect=(23, 18, 1447, 1132) overlay_visible=True
2026-08-14 22:57:59,649 tracking: rect=(23, 18, 1447, 1132) overlay_visible=True
2026-08-14 22:57:59,681 left click mode=judgement at (2340,270)
2026-08-14 22:57:59,758 tracking: rect=(23, 18, 1447, 1132) overlay_visible=True
2026-08-14 22:57:59,869 tracking: rect=(23, 18, 1447, 1132) overlay_visible=True
2026-08-14 22:57:59,869 left click mode=judgement at (2340,270)
2026-08-14 22:57:59,969 tracking: rect=(23, 18, 1447, 1132) overlay_visible=True
2026-08-14 22:58:00,070 tracking: rect=(23, 18, 1447, 1132) overlay_visible=True
2026-08-14 22:58:00,170 tracking: rect=(23, 18, 1447, 1132) overlay_visible=True
2026-08-14 22:58:00,270 tracking: rect=(23, 18, 1447, 1132) overlay_visible=True
2026-08-14 22:58:00,377 tracking: rect=(23, 18, 1447, 1132) overlay_visible=True
2026-08-14 22:58:00,490 tracking: rect=(23, 18, 1447, 1132) overlay_visible=True
2026-08-14 22:58:00,590 tracking: rect=(23, 18, 1447, 1132) overlay_visible=True
2026-08-14 22:58:00,696 tracking: rect=(23, 18, 1447, 1132) overlay_visible=True
2026-08-14 22:58:00,796 tracking: rect=(23, 18, 1447, 1132) overlay_visible=True
2026-08-14 22:58:00,897 tracking: rect=(23, 18, 1447, 1132) overlay_visible=True
2026-08-14 22:58:01,000 tracking: rect=(23, 18, 1447, 1132) overlay_visible=True
2026-08-14 22:58:01,101 tracking: rect=(23, 18, 1447, 1132) overlay_visible=True
2026-08-14 22:58:01,181 left click mode=judgement at (2076,503)
2026-08-14 22:58:01,211 tracking: rect=(23, 18, 1447, 1132) overlay_visible=True
2026-08-14 22:58:01,322 tracking: rect=(23, 18, 1447, 1132) overlay_visible=True
2026-08-14 22:58:01,425 tracking: rect=(23, 18, 1447, 1132) overlay_visible=True
2026-08-14 22:58:01,538 tracking: rect=(23, 18, 1447, 1132) overlay_visible=True
2026-08-14 22:58:01,649 tracking: rect=(23, 18, 1447, 1132) overlay_visible=True
2026-08-14 22:58:01,758 tracking: rect=(23, 18, 1447, 1132) overlay_visible=True
2026-08-14 22:58:01,861 tracking: rect=(23, 18, 1447, 1132) overlay_visible=True
2026-08-14 22:58:01,962 tracking: rect=(23, 18, 1447, 1132) overlay_visible=True
2026-08-14 22:58:02,063 tracking: rect=(23, 18, 1447, 1132) overlay_visible=True
2026-08-14 22:58:02,175 tracking: rect=(23, 18, 1447, 1132) overlay_visible=True
2026-08-14 22:58:02,277 tracking: rect=(23, 18, 1447, 1132) overlay_visible=True
2026-08-14 22:58:02,378 tracking: rect=(23, 18, 1447, 1132) overlay_visible=True
2026-08-14 22:58:02,478 tracking: rect=(23, 18, 1447, 1132) overlay_visible=True
2026-08-14 22:58:02,579 tracking: rect=(23, 18, 1447, 1132) overlay_visible=True
2026-08-14 22:58:02,690 tracking: rect=(23, 18, 1447, 1132) overlay_visible=True
2026-08-14 22:58:02,799 tracking: rect=(23, 18, 1447, 1132) overlay_visible=True
2026-08-14 22:58:02,900 tracking: rect=(23, 18, 1447, 1132) overlay_visible=True
2026-08-14 22:58:03,002 tracking: rect=(23, 18, 1447, 1132) overlay_visible=True
2026-08-14 22:58:03,080 left click mode=judgement at (2213,388)
2026-08-14 22:58:03,111 tracking: rect=(23, 18, 1447, 1132) overlay_visible=True
2026-08-14 22:58:03,222 tracking: rect=(23, 18, 1447, 1132) overlay_visible=True
2026-08-14 22:58:03,238 left click mode=judgement at (2214,388)
2026-08-14 22:58:03,332 tracking: rect=(23, 18, 1447, 1132) overlay_visible=True
2026-08-14 22:58:03,432 tracking: rect=(23, 18, 1447, 1132) overlay_visible=True
2026-08-14 22:58:03,532 tracking: rect=(23, 18, 1447, 1132) overlay_visible=True
2026-08-14 22:58:03,646 tracking: rect=(23, 18, 1447, 1132) overlay_visible=True
2026-08-14 22:58:03,746 tracking: rect=(23, 18, 1447, 1132) overlay_visible=True
2026-08-14 22:58:03,848 tracking: rect=(23, 18, 1447, 1132) overlay_visible=True
2026-08-14 22:58:03,957 tracking: rect=(23, 18, 1447, 1132) overlay_visible=True
2026-08-14 22:58:04,059 tracking: rect=(23, 18, 1447, 1132) overlay_visible=True
2026-08-14 22:58:04,160 tracking: rect=(23, 18, 1447, 1132) overlay_visible=True
2026-08-14 22:58:04,268 tracking: rect=(23, 18, 1447, 1132) overlay_visible=True
2026-08-14 22:58:04,299 left click mode=judgement at (2107,252)
2026-08-14 22:58:04,378 tracking: rect=(23, 18, 1447, 1132) overlay_visible=True
2026-08-14 22:58:04,480 tracking: rect=(23, 18, 1447, 1132) overlay_visible=True
2026-08-14 22:58:04,580 tracking: rect=(23, 18, 1447, 1132) overlay_visible=True
2026-08-14 22:58:04,690 tracking: rect=(23, 18, 1447, 1132) overlay_visible=True
2026-08-14 22:58:04,800 tracking: rect=(23, 18, 1447, 1132) overlay_visible=True
2026-08-14 22:58:04,800 left click mode=judgement at (2055,227)
2026-08-14 22:58:04,904 tracking: rect=(23, 18, 1447, 1132) overlay_visible=True
2026-08-14 22:58:05,004 tracking: rect=(23, 18, 1447, 1132) overlay_visible=True
2026-08-14 22:58:05,114 tracking: rect=(23, 18, 1447, 1132) overlay_visible=True
2026-08-14 22:58:05,218 tracking: rect=(23, 18, 1447, 1132) overlay_visible=True
2026-08-14 22:58:05,239 left click mode=judgement at (2004,210)
2026-08-14 22:58:05,329 tracking: rect=(23, 18, 1447, 1132) overlay_visible=True
2026-08-14 22:58:05,430 tracking: rect=(23, 18, 1447, 1132) overlay_visible=True
2026-08-14 22:58:05,530 tracking: rect=(23, 18, 1447, 1132) overlay_visible=True
2026-08-14 22:58:05,641 tracking: rect=(23, 18, 1447, 1132) overlay_visible=True
2026-08-14 22:58:05,745 tracking: rect=(23, 18, 1447, 1132) overlay_visible=True
2026-08-14 22:58:05,860 tracking: rect=(23, 18, 1447, 1132) overlay_visible=True
2026-08-14 22:58:05,922 left click mode=judgement at (2067,172)
2026-08-14 22:58:05,969 tracking: rect=(23, 18, 1447, 1132) overlay_visible=True
2026-08-14 22:58:06,078 tracking: rect=(23, 18, 1447, 1132) overlay_visible=True
2026-08-14 22:58:06,178 tracking: rect=(23, 18, 1447, 1132) overlay_visible=True
2026-08-14 22:58:06,280 tracking: rect=(23, 18, 1447, 1132) overlay_visible=True
2026-08-14 22:58:06,381 tracking: rect=(23, 18, 1447, 1132) overlay_visible=True
2026-08-14 22:58:06,482 tracking: rect=(23, 18, 1447, 1132) overlay_visible=True
2026-08-14 22:58:06,593 tracking: rect=(23, 18, 1447, 1132) overlay_visible=True
2026-08-14 22:58:06,640 left click mode=judgement at (2008,228)
2026-08-14 22:58:06,704 tracking: rect=(23, 18, 1447, 1132) overlay_visible=True
2026-08-14 22:58:06,813 tracking: rect=(23, 18, 1447, 1132) overlay_visible=True
2026-08-14 22:58:06,937 tracking: rect=(23, 18, 1447, 1132) overlay_visible=True
2026-08-14 22:58:07,038 tracking: rect=(23, 18, 1447, 1132) overlay_visible=True
2026-08-14 22:58:07,139 tracking: rect=(23, 18, 1447, 1132) overlay_visible=True
2026-08-14 22:58:07,240 tracking: rect=(23, 18, 1447, 1132) overlay_visible=True
2026-08-14 22:58:07,340 tracking: rect=(23, 18, 1447, 1132) overlay_visible=True
2026-08-14 22:58:07,452 tracking: rect=(23, 18, 1447, 1132) overlay_visible=True
2026-08-14 22:58:07,561 tracking: rect=(23, 18, 1447, 1132) overlay_visible=True
2026-08-14 22:58:07,672 tracking: rect=(23, 18, 1447, 1132) overlay_visible=True
2026-08-14 22:58:07,749 left click mode=judgement at (1823,168)
2026-08-14 22:58:07,775 tracking: rect=(23, 18, 1447, 1132) overlay_visible=True
2026-08-14 22:58:07,890 tracking: rect=(23, 18, 1447, 1132) overlay_visible=True
2026-08-14 22:58:07,992 tracking: rect=(23, 18, 1447, 1132) overlay_visible=True
2026-08-14 22:58:08,092 tracking: rect=(23, 18, 1447, 1132) overlay_visible=True
2026-08-14 22:58:08,197 tracking: rect=(23, 18, 1447, 1132) overlay_visible=True
2026-08-14 22:58:08,311 tracking: rect=(23, 18, 1447, 1132) overlay_visible=True
2026-08-14 22:58:08,413 tracking: rect=(23, 18, 1447, 1132) overlay_visible=True
2026-08-14 22:58:08,514 tracking: rect=(23, 18, 1447, 1132) overlay_visible=True
2026-08-14 22:58:08,724 tracking: rect=(23, 18, 1447, 1132) overlay_visible=True
2026-08-14 22:58:08,826 tracking: rect=(23, 18, 1447, 1132) overlay_visible=True
2026-08-14 22:58:08,935 tracking: rect=(23, 18, 1447, 1132) overlay_visible=True
2026-08-14 22:58:09,044 tracking: rect=(23, 18, 1447, 1132) overlay_visible=True
2026-08-14 22:58:10,116 left click mode=judgement at (1984,65)
2026-08-14 22:58:10,116 tracking: rect=(23, 18, 1447, 1132) overlay_visible=True
2026-08-14 22:58:10,217 tracking: rect=(23, 18, 1447, 1132) overlay_visible=True
2026-08-14 22:58:10,317 tracking: rect=(23, 18, 1447, 1132) overlay_visible=True
2026-08-14 22:58:10,417 tracking: rect=(23, 18, 1447, 1132) overlay_visible=True
2026-08-14 22:58:10,517 tracking: rect=(23, 18, 1447, 1132) overlay_visible=True
2026-08-14 22:58:10,619 tracking: rect=(23, 18, 1447, 1132) overlay_visible=True
2026-08-14 22:58:10,729 tracking: rect=(23, 18, 1447, 1132) overlay_visible=True
2026-08-14 22:58:10,834 tracking: rect=(23, 18, 1447, 1132) overlay_visible=True
2026-08-14 22:58:10,939 tracking: rect=(23, 18, 1447, 1132) overlay_visible=True
2026-08-14 22:58:11,042 tracking: rect=(23, 18, 1447, 1132) overlay_visible=True
2026-08-14 22:58:11,142 tracking: rect=(23, 18, 1447, 1132) overlay_visible=True
2026-08-14 22:58:11,243 tracking: rect=(23, 18, 1447, 1132) overlay_visible=True
2026-08-14 22:58:11,344 tracking: rect=(23, 18, 1447, 1132) overlay_visible=True
2026-08-14 22:58:11,444 tracking: rect=(23, 18, 1447, 1132) overlay_visible=True
2026-08-14 22:58:11,553 tracking: rect=(23, 18, 1447, 1132) overlay_visible=True
2026-08-14 22:58:11,654 tracking: rect=(23, 18, 1447, 1132) overlay_visible=True
2026-08-14 22:58:11,757 tracking: rect=(23, 18, 1447, 1132) overlay_visible=True
2026-08-14 22:58:11,887 tracking: rect=(23, 18, 1447, 1132) overlay_visible=True
2026-08-14 22:58:11,988 tracking: rect=(23, 18, 1447, 1132) overlay_visible=True
2026-08-14 22:58:12,088 tracking: rect=(23, 18, 1447, 1132) overlay_visible=True
2026-08-14 22:58:12,192 tracking: rect=(23, 18, 1447, 1132) overlay_visible=True
2026-08-14 22:58:12,292 tracking: rect=(23, 18, 1447, 1132) overlay_visible=True
2026-08-14 22:58:12,392 tracking: rect=(23, 18, 1447, 1132) overlay_visible=True
2026-08-14 22:58:12,506 tracking: rect=(23, 18, 1447, 1132) overlay_visible=True
2026-08-14 22:58:12,614 tracking: rect=(23, 18, 1447, 1132) overlay_visible=True
2026-08-14 22:58:12,716 tracking: rect=(23, 18, 1447, 1132) overlay_visible=True
2026-08-14 22:58:12,818 tracking: rect=(23, 18, 1447, 1132) overlay_visible=True
2026-08-14 22:58:12,917 tracking: rect=(23, 18, 1447, 1132) overlay_visible=True
2026-08-14 22:58:13,018 tracking: rect=(23, 18, 1447, 1132) overlay_visible=True
2026-08-14 22:58:13,119 tracking: rect=(23, 18, 1447, 1132) overlay_visible=True
2026-08-14 22:58:13,220 tracking: rect=(23, 18, 1447, 1132) overlay_visible=True
2026-08-14 22:58:13,322 tracking: rect=(23, 18, 1447, 1132) overlay_visible=True
2026-08-14 22:58:13,422 tracking: rect=(23, 18, 1447, 1132) overlay_visible=True
2026-08-14 22:58:13,534 tracking: rect=(23, 18, 1447, 1132) overlay_visible=True
2026-08-14 22:58:13,637 tracking: rect=(23, 18, 1447, 1132) overlay_visible=True
2026-08-14 22:58:13,754 tracking: rect=(23, 18, 1447, 1132) overlay_visible=True
2026-08-14 22:58:13,830 left click mode=judgement at (2386,169)
2026-08-14 22:58:13,861 tracking: rect=(23, 18, 1447, 1132) overlay_visible=True
2026-08-14 22:58:13,971 tracking: rect=(23, 18, 1447, 1132) overlay_visible=True
2026-08-14 22:58:14,072 tracking: rect=(23, 18, 1447, 1132) overlay_visible=True
2026-08-14 22:58:14,172 tracking: rect=(23, 18, 1447, 1132) overlay_visible=True
2026-08-14 22:58:14,274 tracking: rect=(23, 18, 1447, 1132) overlay_visible=True
2026-08-14 22:58:14,375 tracking: rect=(23, 18, 1447, 1132) overlay_visible=True
2026-08-14 22:58:14,486 tracking: rect=(23, 18, 1447, 1132) overlay_visible=True
2026-08-14 22:58:14,595 tracking: rect=(23, 18, 1447, 1132) overlay_visible=True
2026-08-14 22:58:14,700 tracking: rect=(23, 18, 1447, 1132) overlay_visible=True
2026-08-14 22:58:14,814 tracking: rect=(23, 18, 1447, 1132) overlay_visible=True
2026-08-14 22:58:14,922 tracking: rect=(23, 18, 1447, 1132) overlay_visible=True
2026-08-14 22:58:15,032 tracking: rect=(23, 18, 1447, 1132) overlay_visible=True
2026-08-14 22:58:15,142 tracking: rect=(23, 18, 1447, 1132) overlay_visible=True
2026-08-14 22:58:15,204 left click mode=judgement at (2267,173)
2026-08-14 22:58:15,251 tracking: rect=(23, 18, 1447, 1132) overlay_visible=True
2026-08-14 22:58:15,275 tracking: rect=(23, 18, 1447, 1132) overlay_visible=True
2026-08-14 22:58:15,359 tracking: rect=(23, 18, 1447, 1132) overlay_visible=True
2026-08-14 22:58:15,469 tracking: rect=(23, 18, 1447, 1132) overlay_visible=True
2026-08-14 22:58:15,578 tracking: rect=(23, 18, 1447, 1132) overlay_visible=True
2026-08-14 22:58:15,683 tracking: rect=(23, 18, 1447, 1132) overlay_visible=True
2026-08-14 22:58:15,789 tracking: rect=(23, 18, 1447, 1132) overlay_visible=True
2026-08-14 22:58:15,891 tracking: rect=(23, 18, 1447, 1132) overlay_visible=True
2026-08-14 22:58:16,001 tracking: rect=(23, 18, 1447, 1132) overlay_visible=True
2026-08-14 22:58:16,101 tracking: rect=(23, 18, 1447, 1132) overlay_visible=True
2026-08-14 22:58:16,205 tracking: rect=(23, 18, 1447, 1132) overlay_visible=True
2026-08-14 22:58:16,304 tracking: rect=(23, 18, 1447, 1132) overlay_visible=True
2026-08-14 22:58:16,409 tracking: rect=(23, 18, 1447, 1132) overlay_visible=True
2026-08-14 22:58:16,519 tracking: rect=(23, 18, 1447, 1132) overlay_visible=True
2026-08-14 22:58:16,628 tracking: rect=(23, 18, 1447, 1132) overlay_visible=True
2026-08-14 22:58:16,729 tracking: rect=(23, 18, 1447, 1132) overlay_visible=True
2026-08-14 22:58:16,830 tracking: rect=(23, 18, 1447, 1132) overlay_visible=True
2026-08-14 22:58:16,931 tracking: rect=(23, 18, 1447, 1132) overlay_visible=True
2026-08-14 22:58:17,031 tracking: rect=(23, 18, 1447, 1132) overlay_visible=True
2026-08-14 22:58:17,133 tracking: rect=(23, 18, 1447, 1132) overlay_visible=True
2026-08-14 22:58:17,236 tracking: rect=(23, 18, 1447, 1132) overlay_visible=True
2026-08-14 22:58:17,346 tracking: rect=(23, 18, 1447, 1132) overlay_visible=True
2026-08-14 22:58:17,449 tracking: rect=(23, 18, 1447, 1132) overlay_visible=True
2026-08-14 22:58:17,549 tracking: rect=(23, 18, 1447, 1132) overlay_visible=True
2026-08-14 22:58:17,649 tracking: rect=(23, 18, 1447, 1132) overlay_visible=True
2026-08-14 22:58:17,750 tracking: rect=(23, 18, 1447, 1132) overlay_visible=True
2026-08-14 22:58:17,857 tracking: rect=(23, 18, 1447, 1132) overlay_visible=True
2026-08-14 22:58:17,959 tracking: rect=(23, 18, 1447, 1132) overlay_visible=True
2026-08-14 22:58:18,063 tracking: rect=(23, 18, 1447, 1132) overlay_visible=True
2026-08-14 22:58:18,172 tracking: rect=(23, 18, 1447, 1132) overlay_visible=True
2026-08-14 22:58:18,272 tracking: rect=(23, 18, 1447, 1132) overlay_visible=True
2026-08-14 22:58:18,376 tracking: rect=(23, 18, 1447, 1132) overlay_visible=True
2026-08-14 22:58:18,484 tracking: rect=(23, 18, 1447, 1132) overlay_visible=True
2026-08-14 22:58:18,587 tracking: rect=(23, 18, 1447, 1132) overlay_visible=True
2026-08-14 22:58:18,691 tracking: rect=(23, 18, 1447, 1132) overlay_visible=True
2026-08-14 22:58:18,796 tracking: rect=(23, 18, 1447, 1132) overlay_visible=True
2026-08-14 22:58:18,906 tracking: rect=(23, 18, 1447, 1132) overlay_visible=True
2026-08-14 22:58:19,016 tracking: rect=(23, 18, 1447, 1132) overlay_visible=True
2026-08-14 22:58:19,118 tracking: rect=(23, 18, 1447, 1132) overlay_visible=True
2026-08-14 22:58:19,217 tracking: rect=(23, 18, 1447, 1132) overlay_visible=True
2026-08-14 22:58:19,318 tracking: rect=(23, 18, 1447, 1132) overlay_visible=True
2026-08-14 22:58:19,418 tracking: rect=(23, 18, 1447, 1132) overlay_visible=True
2026-08-14 22:58:19,530 tracking: rect=(23, 18, 1447, 1132) overlay_visible=True
2026-08-14 22:58:19,577 left click mode=judgement at (2419,181)
2026-08-14 22:58:19,640 tracking: rect=(23, 18, 1447, 1132) overlay_visible=True
2026-08-14 22:58:19,750 tracking: rect=(23, 18, 1447, 1132) overlay_visible=True
2026-08-14 22:58:19,852 tracking: rect=(23, 18, 1447, 1132) overlay_visible=True
2026-08-14 22:58:19,952 tracking: rect=(23, 18, 1447, 1132) overlay_visible=True
2026-08-14 22:58:20,053 tracking: rect=(23, 18, 1447, 1132) overlay_visible=True
2026-08-14 22:58:20,152 tracking: rect=(23, 18, 1447, 1132) overlay_visible=True
2026-08-14 22:58:20,254 tracking: rect=(23, 18, 1447, 1132) overlay_visible=True
2026-08-14 22:58:20,356 tracking: rect=(23, 18, 1447, 1132) overlay_visible=True
2026-08-14 22:58:20,419 left click mode=judgement at (2094,164)
2026-08-14 22:58:20,466 tracking: rect=(23, 18, 1447, 1132) overlay_visible=True
2026-08-14 22:58:20,566 tracking: rect=(23, 18, 1447, 1132) overlay_visible=True
2026-08-14 22:58:20,666 tracking: rect=(23, 18, 1447, 1132) overlay_visible=True
2026-08-14 22:58:20,776 tracking: rect=(23, 18, 1447, 1132) overlay_visible=True
2026-08-14 22:58:20,876 tracking: rect=(23, 18, 1447, 1132) overlay_visible=True
2026-08-14 22:58:20,979 tracking: rect=(23, 18, 1447, 1132) overlay_visible=True
2026-08-14 22:58:21,088 tracking: rect=(23, 18, 1447, 1132) overlay_visible=True
2026-08-14 22:58:21,197 tracking: rect=(23, 18, 1447, 1132) overlay_visible=True
2026-08-14 22:58:21,306 tracking: rect=(23, 18, 1447, 1132) overlay_visible=True
2026-08-14 22:58:21,415 tracking: rect=(23, 18, 1447, 1132) overlay_visible=True
2026-08-14 22:58:21,525 tracking: rect=(23, 18, 1447, 1132) overlay_visible=True
2026-08-14 22:58:21,635 tracking: rect=(23, 18, 1447, 1132) overlay_visible=True
2026-08-14 22:58:21,743 tracking: rect=(23, 18, 1447, 1132) overlay_visible=True
2026-08-14 22:58:21,853 tracking: rect=(23, 18, 1447, 1132) overlay_visible=True
2026-08-14 22:58:21,963 tracking: rect=(23, 18, 1447, 1132) overlay_visible=True
2026-08-14 22:58:22,072 tracking: rect=(23, 18, 1447, 1132) overlay_visible=True
2026-08-14 22:58:22,180 tracking: rect=(23, 18, 1447, 1132) overlay_visible=True
2026-08-14 22:58:22,289 tracking: rect=(23, 18, 1447, 1132) overlay_visible=True
2026-08-14 22:58:22,397 tracking: rect=(23, 18, 1447, 1132) overlay_visible=True
2026-08-14 22:58:22,507 tracking: rect=(23, 18, 1447, 1132) overlay_visible=True
2026-08-14 22:58:22,615 tracking: rect=(23, 18, 1447, 1132) overlay_visible=True
2026-08-14 22:58:22,717 tracking: rect=(23, 18, 1447, 1132) overlay_visible=True
2026-08-14 22:58:22,819 tracking: rect=(23, 18, 1447, 1132) overlay_visible=True
2026-08-14 22:58:22,929 tracking: rect=(23, 18, 1447, 1132) overlay_visible=True
2026-08-14 22:58:23,038 tracking: rect=(23, 18, 1447, 1132) overlay_visible=True
2026-08-14 22:58:23,148 tracking: rect=(23, 18, 1447, 1132) overlay_visible=True
2026-08-14 22:58:23,256 tracking: rect=(23, 18, 1447, 1132) overlay_visible=True
2026-08-14 22:58:23,365 tracking: rect=(23, 18, 1447, 1132) overlay_visible=True
2026-08-14 22:58:23,475 tracking: rect=(23, 18, 1447, 1132) overlay_visible=True
2026-08-14 22:58:23,584 tracking: rect=(23, 18, 1447, 1132) overlay_visible=True
2026-08-14 22:58:23,693 tracking: rect=(23, 18, 1447, 1132) overlay_visible=True
2026-08-14 22:58:23,802 tracking: rect=(23, 18, 1447, 1132) overlay_visible=True
2026-08-14 22:58:23,911 tracking: rect=(23, 18, 1447, 1132) overlay_visible=True
2026-08-14 22:58:24,020 tracking: rect=(23, 18, 1447, 1132) overlay_visible=True
2026-08-14 22:58:24,129 tracking: rect=(23, 18, 1447, 1132) overlay_visible=True
2026-08-14 22:58:24,238 tracking: rect=(23, 18, 1447, 1132) overlay_visible=True
2026-08-14 22:58:24,347 tracking: rect=(23, 18, 1447, 1132) overlay_visible=True
2026-08-14 22:58:24,455 tracking: rect=(23, 18, 1447, 1132) overlay_visible=True
2026-08-14 22:58:24,562 tracking: rect=(23, 18, 1447, 1132) overlay_visible=True
2026-08-14 22:58:24,674 tracking: rect=(23, 18, 1447, 1132) overlay_visible=True
2026-08-14 22:58:24,783 tracking: rect=(23, 18, 1447, 1132) overlay_visible=True
2026-08-14 22:58:24,891 tracking: rect=(23, 18, 1447, 1132) overlay_visible=True
2026-08-14 22:58:24,999 tracking: rect=(23, 18, 1447, 1132) overlay_visible=True
2026-08-14 22:58:25,107 tracking: rect=(23, 18, 1447, 1132) overlay_visible=True
2026-08-14 22:58:25,216 tracking: rect=(23, 18, 1447, 1132) overlay_visible=True
2026-08-14 22:58:25,325 tracking: rect=(23, 18, 1447, 1132) overlay_visible=True
2026-08-14 22:58:25,425 tracking: rect=(23, 18, 1447, 1132) overlay_visible=True
2026-08-14 22:58:25,526 tracking: rect=(23, 18, 1447, 1132) overlay_visible=True
2026-08-14 22:58:25,637 tracking: rect=(23, 18, 1447, 1132) overlay_visible=True
2026-08-14 22:58:25,745 tracking: rect=(23, 18, 1447, 1132) overlay_visible=True
2026-08-14 22:58:25,854 tracking: rect=(23, 18, 1447, 1132) overlay_visible=True
2026-08-14 22:58:25,963 tracking: rect=(23, 18, 1447, 1132) overlay_visible=True
2026-08-14 22:58:26,069 tracking: rect=(23, 18, 1447, 1132) overlay_visible=True
2026-08-14 22:58:26,170 tracking: rect=(23, 18, 1447, 1132) overlay_visible=True
2026-08-14 22:58:26,271 tracking: rect=(23, 18, 1447, 1132) overlay_visible=True
2026-08-14 22:58:26,371 tracking: rect=(23, 18, 1447, 1132) overlay_visible=True
2026-08-14 22:58:26,472 tracking: rect=(23, 18, 1447, 1132) overlay_visible=True
2026-08-14 22:58:26,573 tracking: rect=(23, 18, 1447, 1132) overlay_visible=True
2026-08-14 22:58:26,677 tracking: rect=(23, 18, 1447, 1132) overlay_visible=True
2026-08-14 22:58:26,778 tracking: rect=(23, 18, 1447, 1132) overlay_visible=True
2026-08-14 22:58:26,882 tracking: rect=(23, 18, 1447, 1132) overlay_visible=True
2026-08-14 22:58:26,983 tracking: rect=(23, 18, 1447, 1132) overlay_visible=True
2026-08-14 22:58:27,083 tracking: rect=(23, 18, 1447, 1132) overlay_visible=True
2026-08-14 22:58:27,193 tracking: rect=(23, 18, 1447, 1132) overlay_visible=True
2026-08-14 22:58:27,301 tracking: rect=(23, 18, 1447, 1132) overlay_visible=True
2026-08-14 22:58:27,411 tracking: rect=(23, 18, 1447, 1132) overlay_visible=True
2026-08-14 22:58:27,520 tracking: rect=(23, 18, 1447, 1132) overlay_visible=True
2026-08-14 22:58:27,629 tracking: rect=(23, 18, 1447, 1132) overlay_visible=True
2026-08-14 22:58:27,738 tracking: rect=(23, 18, 1447, 1132) overlay_visible=True
2026-08-14 22:58:27,847 tracking: rect=(23, 18, 1447, 1132) overlay_visible=True
2026-08-14 22:58:27,957 tracking: rect=(23, 18, 1447, 1132) overlay_visible=True
2026-08-14 22:58:28,066 tracking: rect=(23, 18, 1447, 1132) overlay_visible=True
2026-08-14 22:58:28,176 tracking: rect=(23, 18, 1447, 1132) overlay_visible=True
2026-08-14 22:58:28,286 tracking: rect=(23, 18, 1447, 1132) overlay_visible=True
2026-08-14 22:58:28,396 tracking: rect=(23, 18, 1447, 1132) overlay_visible=True
2026-08-14 22:58:28,506 tracking: rect=(23, 18, 1447, 1132) overlay_visible=True
2026-08-14 22:58:28,615 tracking: rect=(23, 18, 1447, 1132) overlay_visible=True
2026-08-14 22:58:28,723 tracking: rect=(23, 18, 1447, 1132) overlay_visible=True
2026-08-14 22:58:28,833 tracking: rect=(23, 18, 1447, 1132) overlay_visible=True
2026-08-14 22:58:28,942 tracking: rect=(23, 18, 1447, 1132) overlay_visible=True
2026-08-14 22:58:29,050 tracking: rect=(23, 18, 1447, 1132) overlay_visible=True
2026-08-14 22:58:29,160 tracking: rect=(23, 18, 1447, 1132) overlay_visible=True
2026-08-14 22:58:29,270 tracking: rect=(23, 18, 1447, 1132) overlay_visible=True
2026-08-14 22:58:29,371 tracking: rect=(23, 18, 1447, 1132) overlay_visible=True
2026-08-14 22:58:29,471 tracking: rect=(23, 18, 1447, 1132) overlay_visible=True
2026-08-14 22:58:29,582 tracking: rect=(23, 18, 1447, 1132) overlay_visible=True
2026-08-14 22:58:29,613 left click mode=judgement at (2384,438)
2026-08-14 22:58:29,691 tracking: rect=(23, 18, 1447, 1132) overlay_visible=True
2026-08-14 22:58:29,800 tracking: rect=(23, 18, 1447, 1132) overlay_visible=True
2026-08-14 22:58:29,909 tracking: rect=(23, 18, 1447, 1132) overlay_visible=True
2026-08-14 22:58:30,018 tracking: rect=(23, 18, 1447, 1132) overlay_visible=True
2026-08-14 22:58:30,128 tracking: rect=(23, 18, 1447, 1132) overlay_visible=True
2026-08-14 22:58:30,238 tracking: rect=(23, 18, 1447, 1132) overlay_visible=True
2026-08-14 22:58:30,347 tracking: rect=(23, 18, 1447, 1132) overlay_visible=True
2026-08-14 22:58:30,455 tracking: rect=(23, 18, 1447, 1132) overlay_visible=True
2026-08-14 22:58:30,565 tracking: rect=(23, 18, 1447, 1132) overlay_visible=True
2026-08-14 22:58:30,674 tracking: rect=(23, 18, 1447, 1132) overlay_visible=True
2026-08-14 22:58:30,783 tracking: rect=(23, 18, 1447, 1132) overlay_visible=True
2026-08-14 22:58:30,892 tracking: rect=(23, 18, 1447, 1132) overlay_visible=True
2026-08-14 22:58:31,001 tracking: rect=(23, 18, 1447, 1132) overlay_visible=True
2026-08-14 22:58:31,110 tracking: rect=(23, 18, 1447, 1132) overlay_visible=True
2026-08-14 22:58:31,220 tracking: rect=(23, 18, 1447, 1132) overlay_visible=True
2026-08-14 22:58:31,330 tracking: rect=(23, 18, 1447, 1132) overlay_visible=True
2026-08-14 22:58:31,439 tracking: rect=(23, 18, 1447, 1132) overlay_visible=True
2026-08-14 22:58:31,547 tracking: rect=(23, 18, 1447, 1132) overlay_visible=True
2026-08-14 22:58:31,657 tracking: rect=(23, 18, 1447, 1132) overlay_visible=True
2026-08-14 22:58:31,766 tracking: rect=(23, 18, 1447, 1132) overlay_visible=True
2026-08-14 22:58:31,874 tracking: rect=(23, 18, 1447, 1132) overlay_visible=True
2026-08-14 22:58:31,984 tracking: rect=(23, 18, 1447, 1132) overlay_visible=True
2026-08-14 22:58:32,093 tracking: rect=(23, 18, 1447, 1132) overlay_visible=True
2026-08-14 22:58:32,202 tracking: rect=(23, 18, 1447, 1132) overlay_visible=True
2026-08-14 22:58:32,312 tracking: rect=(23, 18, 1447, 1132) overlay_visible=True
2026-08-14 22:58:32,422 tracking: rect=(23, 18, 1447, 1132) overlay_visible=True
2026-08-14 22:58:32,531 tracking: rect=(23, 18, 1447, 1132) overlay_visible=True
2026-08-14 22:58:32,639 tracking: rect=(23, 18, 1447, 1132) overlay_visible=True
2026-08-14 22:58:32,748 tracking: rect=(23, 18, 1447, 1132) overlay_visible=True
2026-08-14 22:58:32,858 tracking: rect=(23, 18, 1447, 1132) overlay_visible=True
2026-08-14 22:58:32,967 tracking: rect=(23, 18, 1447, 1132) overlay_visible=True
2026-08-14 22:58:33,077 tracking: rect=(23, 18, 1447, 1132) overlay_visible=True
2026-08-14 22:58:33,187 tracking: rect=(23, 18, 1447, 1132) overlay_visible=True
2026-08-14 22:58:33,295 tracking: rect=(23, 18, 1447, 1132) overlay_visible=True
2026-08-14 22:58:33,404 tracking: rect=(23, 18, 1447, 1132) overlay_visible=True
2026-08-14 22:58:33,513 tracking: rect=(23, 18, 1447, 1132) overlay_visible=True
2026-08-14 22:58:33,621 tracking: rect=(23, 18, 1447, 1132) overlay_visible=True
2026-08-14 22:58:33,731 tracking: rect=(23, 18, 1447, 1132) overlay_visible=True
2026-08-14 22:58:33,840 tracking: rect=(23, 18, 1447, 1132) overlay_visible=True
2026-08-14 22:58:33,949 tracking: rect=(23, 18, 1447, 1132) overlay_visible=True
2026-08-14 22:58:34,059 tracking: rect=(23, 18, 1447, 1132) overlay_visible=True
2026-08-14 22:58:34,169 tracking: rect=(23, 18, 1447, 1132) overlay_visible=True
2026-08-14 22:58:34,279 tracking: rect=(23, 18, 1447, 1132) overlay_visible=True
2026-08-14 22:58:34,389 tracking: rect=(23, 18, 1447, 1132) overlay_visible=True
2026-08-14 22:58:34,499 tracking: rect=(23, 18, 1447, 1132) overlay_visible=True
2026-08-14 22:58:34,608 tracking: rect=(23, 18, 1447, 1132) overlay_visible=True
2026-08-14 22:58:34,716 tracking: rect=(23, 18, 1447, 1132) overlay_visible=True
2026-08-14 22:58:34,825 tracking: rect=(23, 18, 1447, 1132) overlay_visible=True
2026-08-14 22:58:34,934 tracking: rect=(23, 18, 1447, 1132) overlay_visible=True
2026-08-14 22:58:35,043 tracking: rect=(23, 18, 1447, 1132) overlay_visible=True
2026-08-14 22:58:35,153 tracking: rect=(23, 18, 1447, 1132) overlay_visible=True
2026-08-14 22:58:35,263 tracking: rect=(23, 18, 1447, 1132) overlay_visible=True
2026-08-14 22:58:35,371 tracking: rect=(23, 18, 1447, 1132) overlay_visible=True
2026-08-14 22:58:35,482 tracking: rect=(23, 18, 1447, 1132) overlay_visible=True
2026-08-14 22:58:35,591 tracking: rect=(23, 18, 1447, 1132) overlay_visible=True
2026-08-14 22:58:35,700 tracking: rect=(23, 18, 1447, 1132) overlay_visible=True
2026-08-14 22:58:35,810 tracking: rect=(23, 18, 1447, 1132) overlay_visible=True
2026-08-14 22:58:35,918 tracking: rect=(23, 18, 1447, 1132) overlay_visible=True
2026-08-14 22:58:36,028 tracking: rect=(23, 18, 1447, 1132) overlay_visible=True
2026-08-14 22:58:36,136 tracking: rect=(23, 18, 1447, 1132) overlay_visible=True
2026-08-14 22:58:36,245 tracking: rect=(23, 18, 1447, 1132) overlay_visible=True
2026-08-14 22:58:36,356 tracking: rect=(23, 18, 1447, 1132) overlay_visible=True
2026-08-14 22:58:36,464 tracking: rect=(23, 18, 1447, 1132) overlay_visible=True
2026-08-14 22:58:36,574 tracking: rect=(23, 18, 1447, 1132) overlay_visible=True
2026-08-14 22:58:36,681 tracking: rect=(23, 18, 1447, 1132) overlay_visible=True
2026-08-14 22:58:36,790 tracking: rect=(23, 18, 1447, 1132) overlay_visible=True
2026-08-14 22:58:36,900 tracking: rect=(23, 18, 1447, 1132) overlay_visible=True
2026-08-14 22:58:37,010 tracking: rect=(23, 18, 1447, 1132) overlay_visible=True
2026-08-14 22:58:37,118 tracking: rect=(23, 18, 1447, 1132) overlay_visible=True
2026-08-14 22:58:37,227 tracking: rect=(23, 18, 1447, 1132) overlay_visible=True
2026-08-14 22:58:37,337 tracking: rect=(23, 18, 1447, 1132) overlay_visible=True
2026-08-14 22:58:37,448 tracking: rect=(23, 18, 1447, 1132) overlay_visible=True
2026-08-14 22:58:37,556 tracking: rect=(23, 18, 1447, 1132) overlay_visible=True
2026-08-14 22:58:37,665 tracking: rect=(23, 18, 1447, 1132) overlay_visible=True
2026-08-14 22:58:37,774 tracking: rect=(23, 18, 1447, 1132) overlay_visible=True
2026-08-14 22:58:37,884 tracking: rect=(23, 18, 1447, 1132) overlay_visible=True
2026-08-14 22:58:37,995 tracking: rect=(23, 18, 1447, 1132) overlay_visible=True
2026-08-14 22:58:38,103 tracking: rect=(23, 18, 1447, 1132) overlay_visible=True
2026-08-14 22:58:38,212 tracking: rect=(23, 18, 1447, 1132) overlay_visible=True
2026-08-14 22:58:38,320 tracking: rect=(23, 18, 1447, 1132) overlay_visible=True
2026-08-14 22:58:38,429 tracking: rect=(23, 18, 1447, 1132) overlay_visible=True
2026-08-14 22:58:38,538 tracking: rect=(23, 18, 1447, 1132) overlay_visible=True
2026-08-14 22:58:38,649 tracking: rect=(23, 18, 1447, 1132) overlay_visible=True
2026-08-14 22:58:38,749 tracking: rect=(23, 18, 1447, 1132) overlay_visible=True
2026-08-14 22:58:38,849 tracking: rect=(23, 18, 1447, 1132) overlay_visible=True
2026-08-14 22:58:38,959 tracking: rect=(23, 18, 1447, 1132) overlay_visible=True
2026-08-14 22:58:39,068 tracking: rect=(23, 18, 1447, 1132) overlay_visible=True
2026-08-14 22:58:39,177 tracking: rect=(23, 18, 1447, 1132) overlay_visible=True
2026-08-14 22:58:39,209 left click mode=judgement at (2220,432)
2026-08-14 22:58:39,287 tracking: rect=(23, 18, 1447, 1132) overlay_visible=True
2026-08-14 22:58:39,396 tracking: rect=(23, 18, 1447, 1132) overlay_visible=True
2026-08-14 22:58:39,496 tracking: rect=(23, 18, 1447, 1132) overlay_visible=True
2026-08-14 22:58:39,598 tracking: rect=(23, 18, 1447, 1132) overlay_visible=True
2026-08-14 22:58:39,697 tracking: rect=(23, 18, 1447, 1132) overlay_visible=True
2026-08-14 22:58:39,797 tracking: rect=(23, 18, 1447, 1132) overlay_visible=True
2026-08-14 22:58:39,910 tracking: rect=(23, 18, 1447, 1132) overlay_visible=True
2026-08-14 22:58:40,020 tracking: rect=(23, 18, 1447, 1132) overlay_visible=True
2026-08-14 22:58:40,129 tracking: rect=(23, 18, 1447, 1132) overlay_visible=True
2026-08-14 22:58:40,229 tracking: rect=(23, 18, 1447, 1132) overlay_visible=True
2026-08-14 22:58:40,329 tracking: rect=(23, 18, 1447, 1132) overlay_visible=True
2026-08-14 22:58:40,431 tracking: rect=(23, 18, 1447, 1132) overlay_visible=True
2026-08-14 22:58:40,534 tracking: rect=(23, 18, 1447, 1132) overlay_visible=True
2026-08-14 22:58:40,643 tracking: rect=(23, 18, 1447, 1132) overlay_visible=True
2026-08-14 23:01:31,932 left click mode=idle at (1867,175)
2026-08-14 23:01:33,581 left click mode=idle at (2344,284)
2026-08-14 23:01:36,121 left click mode=idle at (1867,163)
2026-08-14 23:01:38,464 left click mode=idle at (1976,168)
2026-08-14 23:01:39,759 left click mode=idle at (1387,905)
2026-08-14 23:01:40,541 left click mode=idle at (1942,119)
2026-08-14 23:01:41,201 left click mode=select_window at (1107,57)
2026-08-14 23:01:41,201 select hit: hwnd=1114858 own=False
2026-08-14 23:01:41,201 select_game_window hwnd=1114858 own_root=1378716 own_overlay=1313162
2026-08-14 23:01:41,201 tracking: rect=(23, 18, 1447, 1132) overlay_visible=False
2026-08-14 23:01:41,207 after select: mode=idle game_hwnd=1114858
2026-08-14 23:01:41,285 tracking: rect=(23, 18, 1447, 1132) overlay_visible=True
2026-08-14 23:01:41,397 tracking: rect=(23, 18, 1447, 1132) overlay_visible=True
2026-08-14 23:01:41,506 tracking: rect=(23, 18, 1447, 1132) overlay_visible=True
2026-08-14 23:01:41,615 tracking: rect=(23, 18, 1447, 1132) overlay_visible=True
2026-08-14 23:01:41,716 tracking: rect=(23, 18, 1447, 1132) overlay_visible=True
2026-08-14 23:01:41,816 tracking: rect=(23, 18, 1447, 1132) overlay_visible=True
2026-08-14 23:01:41,927 tracking: rect=(23, 18, 1447, 1132) overlay_visible=True
2026-08-14 23:01:42,029 tracking: rect=(23, 18, 1447, 1132) overlay_visible=True
2026-08-14 23:01:42,130 tracking: rect=(23, 18, 1447, 1132) overlay_visible=True
2026-08-14 23:01:42,241 tracking: rect=(23, 18, 1447, 1132) overlay_visible=True
2026-08-14 23:01:42,258 left click mode=idle at (2030,173)
2026-08-14 23:01:42,337 tracking: rect=(23, 18, 1447, 1132) overlay_visible=True
2026-08-14 23:01:42,351 tracking: rect=(23, 18, 1447, 1132) overlay_visible=True
2026-08-14 23:01:42,461 tracking: rect=(23, 18, 1447, 1132) overlay_visible=True
2026-08-14 23:01:42,562 tracking: rect=(23, 18, 1447, 1132) overlay_visible=True
2026-08-14 23:01:42,663 tracking: rect=(23, 18, 1447, 1132) overlay_visible=True
2026-08-14 23:01:42,763 tracking: rect=(23, 18, 1447, 1132) overlay_visible=True
2026-08-14 23:01:42,864 tracking: rect=(23, 18, 1447, 1132) overlay_visible=True
2026-08-14 23:01:42,964 tracking: rect=(23, 18, 1447, 1132) overlay_visible=True
2026-08-14 23:01:43,064 tracking: rect=(23, 18, 1447, 1132) overlay_visible=True
2026-08-14 23:01:43,164 tracking: rect=(23, 18, 1447, 1132) overlay_visible=True
2026-08-14 23:01:43,265 tracking: rect=(23, 18, 1447, 1132) overlay_visible=True
2026-08-14 23:01:43,369 tracking: rect=(23, 18, 1447, 1132) overlay_visible=True
2026-08-14 23:01:43,475 tracking: rect=(23, 18, 1447, 1132) overlay_visible=True
2026-08-14 23:01:43,493 left click mode=judgement at (2302,443)
2026-08-14 23:01:43,579 tracking: rect=(23, 18, 1447, 1132) overlay_visible=True
2026-08-14 23:01:43,680 tracking: rect=(23, 18, 1447, 1132) overlay_visible=True
2026-08-14 23:01:43,780 tracking: rect=(23, 18, 1447, 1132) overlay_visible=True
2026-08-14 23:01:43,882 tracking: rect=(23, 18, 1447, 1132) overlay_visible=True
2026-08-14 23:01:43,992 tracking: rect=(23, 18, 1447, 1132) overlay_visible=True
2026-08-14 23:01:44,095 tracking: rect=(23, 18, 1447, 1132) overlay_visible=True
2026-08-14 23:01:44,197 tracking: rect=(23, 18, 1447, 1132) overlay_visible=True
2026-08-14 23:01:44,300 tracking: rect=(23, 18, 1447, 1132) overlay_visible=True
2026-08-14 23:01:44,405 tracking: rect=(23, 18, 1447, 1132) overlay_visible=True
2026-08-14 23:01:44,505 tracking: rect=(23, 18, 1447, 1132) overlay_visible=True
2026-08-14 23:01:44,614 tracking: rect=(23, 18, 1447, 1132) overlay_visible=True
2026-08-14 23:01:44,723 tracking: rect=(23, 18, 1447, 1132) overlay_visible=True
2026-08-14 23:01:44,833 tracking: rect=(23, 18, 1447, 1132) overlay_visible=True
2026-08-14 23:01:44,936 tracking: rect=(23, 18, 1447, 1132) overlay_visible=True
2026-08-14 23:01:45,039 tracking: rect=(23, 18, 1447, 1132) overlay_visible=True
2026-08-14 23:01:45,140 tracking: rect=(23, 18, 1447, 1132) overlay_visible=True
2026-08-14 23:01:45,253 tracking: rect=(23, 18, 1447, 1132) overlay_visible=True
2026-08-14 23:01:45,362 tracking: rect=(23, 18, 1447, 1132) overlay_visible=True
2026-08-14 23:01:45,469 tracking: rect=(23, 18, 1447, 1132) overlay_visible=True
2026-08-14 23:01:45,577 tracking: rect=(23, 18, 1447, 1132) overlay_visible=True
2026-08-14 23:01:45,687 tracking: rect=(23, 18, 1447, 1132) overlay_visible=True
2026-08-14 23:01:45,793 tracking: rect=(23, 18, 1447, 1132) overlay_visible=True
2026-08-14 23:01:45,893 tracking: rect=(23, 18, 1447, 1132) overlay_visible=True
2026-08-14 23:01:45,999 tracking: rect=(23, 18, 1447, 1132) overlay_visible=True
2026-08-14 23:01:46,104 tracking: rect=(23, 18, 1447, 1132) overlay_visible=True
2026-08-14 23:01:46,215 tracking: rect=(23, 18, 1447, 1132) overlay_visible=True
2026-08-14 23:01:46,320 tracking: rect=(23, 18, 1447, 1132) overlay_visible=True
2026-08-14 23:01:46,421 tracking: rect=(23, 18, 1447, 1132) overlay_visible=True
2026-08-14 23:01:46,523 tracking: rect=(23, 18, 1447, 1132) overlay_visible=True
2026-08-14 23:01:46,623 tracking: rect=(23, 18, 1447, 1132) overlay_visible=True
2026-08-14 23:01:46,726 tracking: rect=(23, 18, 1447, 1132) overlay_visible=True
2026-08-14 23:01:46,830 tracking: rect=(23, 18, 1447, 1132) overlay_visible=True
2026-08-14 23:01:46,931 tracking: rect=(23, 18, 1447, 1132) overlay_visible=True
2026-08-14 23:01:47,031 tracking: rect=(23, 18, 1447, 1132) overlay_visible=True
2026-08-14 23:01:47,133 tracking: rect=(23, 18, 1447, 1132) overlay_visible=True
2026-08-14 23:01:47,241 tracking: rect=(23, 18, 1447, 1132) overlay_visible=True
2026-08-14 23:01:47,341 tracking: rect=(23, 18, 1447, 1132) overlay_visible=True
2026-08-14 23:01:47,444 tracking: rect=(23, 18, 1447, 1132) overlay_visible=True
2026-08-14 23:01:47,476 left click mode=judgement at (1916,163)
2026-08-14 23:01:47,554 tracking: rect=(23, 18, 1447, 1132) overlay_visible=True
2026-08-14 23:01:47,654 tracking: rect=(23, 18, 1447, 1132) overlay_visible=True
2026-08-14 23:01:47,758 tracking: rect=(23, 18, 1447, 1132) overlay_visible=True
2026-08-14 23:01:47,866 tracking: rect=(23, 18, 1447, 1132) overlay_visible=True
2026-08-14 23:01:47,880 left click mode=judgement at (1992,204)
2026-08-14 23:01:47,975 tracking: rect=(23, 18, 1447, 1132) overlay_visible=True
2026-08-14 23:01:48,081 tracking: rect=(23, 18, 1447, 1132) overlay_visible=True
2026-08-14 23:01:48,181 tracking: rect=(23, 18, 1447, 1132) overlay_visible=True
2026-08-14 23:01:48,290 tracking: rect=(23, 18, 1447, 1132) overlay_visible=True
2026-08-14 23:01:48,391 tracking: rect=(23, 18, 1447, 1132) overlay_visible=True
2026-08-14 23:01:48,492 tracking: rect=(23, 18, 1447, 1132) overlay_visible=True
2026-08-14 23:01:48,602 tracking: rect=(23, 18, 1447, 1132) overlay_visible=True
2026-08-14 23:01:48,708 tracking: rect=(23, 18, 1447, 1132) overlay_visible=True
2026-08-14 23:01:48,811 tracking: rect=(23, 18, 1447, 1132) overlay_visible=True
2026-08-14 23:01:48,912 tracking: rect=(23, 18, 1447, 1132) overlay_visible=True
2026-08-14 23:01:49,022 tracking: rect=(23, 18, 1447, 1132) overlay_visible=True
2026-08-14 23:01:49,145 tracking: rect=(23, 18, 1447, 1132) overlay_visible=True
2026-08-14 23:01:49,245 tracking: rect=(23, 18, 1447, 1132) overlay_visible=True
2026-08-14 23:01:49,349 tracking: rect=(23, 18, 1447, 1132) overlay_visible=True
2026-08-14 23:01:49,457 tracking: rect=(23, 18, 1447, 1132) overlay_visible=True
2026-08-14 23:01:49,566 tracking: rect=(23, 18, 1447, 1132) overlay_visible=True
2026-08-14 23:01:49,676 tracking: rect=(23, 18, 1447, 1132) overlay_visible=True
2026-08-14 23:01:49,786 tracking: rect=(23, 18, 1447, 1132) overlay_visible=True
2026-08-14 23:01:49,888 tracking: rect=(23, 18, 1447, 1132) overlay_visible=True
2026-08-14 23:01:49,988 tracking: rect=(23, 18, 1447, 1132) overlay_visible=True
2026-08-14 23:01:50,097 tracking: rect=(23, 18, 1447, 1132) overlay_visible=True
2026-08-14 23:01:50,207 tracking: rect=(23, 18, 1447, 1132) overlay_visible=True
2026-08-14 23:01:50,315 tracking: rect=(23, 18, 1447, 1132) overlay_visible=True
2026-08-14 23:01:50,424 tracking: rect=(23, 18, 1447, 1132) overlay_visible=True
2026-08-14 23:01:50,524 tracking: rect=(23, 18, 1447, 1132) overlay_visible=True
2026-08-14 23:01:50,624 tracking: rect=(23, 18, 1447, 1132) overlay_visible=True
2026-08-14 23:01:50,730 tracking: rect=(23, 18, 1447, 1132) overlay_visible=True
2026-08-14 23:01:50,831 tracking: rect=(23, 18, 1447, 1132) overlay_visible=True
2026-08-14 23:01:50,942 tracking: rect=(23, 18, 1447, 1132) overlay_visible=True
2026-08-14 23:01:51,050 tracking: rect=(23, 18, 1447, 1132) overlay_visible=True
2026-08-14 23:01:51,153 tracking: rect=(23, 18, 1447, 1132) overlay_visible=True
2026-08-14 23:01:51,262 tracking: rect=(23, 18, 1447, 1132) overlay_visible=True
2026-08-14 23:01:51,377 tracking: rect=(23, 18, 1447, 1132) overlay_visible=True
2026-08-14 23:01:51,487 tracking: rect=(23, 18, 1447, 1132) overlay_visible=True
2026-08-14 23:01:51,597 tracking: rect=(23, 18, 1447, 1132) overlay_visible=True
2026-08-14 23:01:51,707 tracking: rect=(23, 18, 1447, 1132) overlay_visible=True
2026-08-14 23:01:51,816 tracking: rect=(23, 18, 1447, 1132) overlay_visible=True
2026-08-14 23:01:51,925 tracking: rect=(23, 18, 1447, 1132) overlay_visible=True
2026-08-14 23:01:52,033 tracking: rect=(23, 18, 1447, 1132) overlay_visible=True
2026-08-14 23:01:52,144 tracking: rect=(23, 18, 1447, 1132) overlay_visible=True
2026-08-14 23:01:52,253 tracking: rect=(23, 18, 1447, 1132) overlay_visible=True
2026-08-14 23:01:52,363 tracking: rect=(23, 18, 1447, 1132) overlay_visible=True
2026-08-14 23:01:52,472 tracking: rect=(23, 18, 1447, 1132) overlay_visible=True
2026-08-14 23:01:52,581 tracking: rect=(23, 18, 1447, 1132) overlay_visible=True
2026-08-14 23:01:52,690 tracking: rect=(23, 18, 1447, 1132) overlay_visible=True
2026-08-14 23:01:52,801 tracking: rect=(23, 18, 1447, 1132) overlay_visible=True
2026-08-14 23:01:52,908 tracking: rect=(23, 18, 1447, 1132) overlay_visible=True
2026-08-14 23:01:53,019 tracking: rect=(23, 18, 1447, 1132) overlay_visible=True
2026-08-14 23:01:53,128 tracking: rect=(23, 18, 1447, 1132) overlay_visible=True
2026-08-14 23:01:53,236 tracking: rect=(23, 18, 1447, 1132) overlay_visible=True
2026-08-14 23:01:53,346 tracking: rect=(23, 18, 1447, 1132) overlay_visible=True
2026-08-14 23:01:53,453 tracking: rect=(23, 18, 1447, 1132) overlay_visible=True
2026-08-14 23:01:53,563 tracking: rect=(23, 18, 1447, 1132) overlay_visible=True
2026-08-14 23:01:53,672 tracking: rect=(23, 18, 1447, 1132) overlay_visible=True
2026-08-14 23:01:53,783 tracking: rect=(23, 18, 1447, 1132) overlay_visible=True
2026-08-14 23:01:53,889 tracking: rect=(23, 18, 1447, 1132) overlay_visible=True
2026-08-14 23:01:53,990 tracking: rect=(23, 18, 1447, 1132) overlay_visible=True
2026-08-14 23:01:54,094 tracking: rect=(23, 18, 1447, 1132) overlay_visible=True
2026-08-14 23:01:54,203 tracking: rect=(23, 18, 1447, 1132) overlay_visible=True
2026-08-14 23:01:54,312 tracking: rect=(23, 18, 1447, 1132) overlay_visible=True
2026-08-14 23:01:54,420 tracking: rect=(23, 18, 1447, 1132) overlay_visible=True
2026-08-14 23:01:54,531 tracking: rect=(23, 18, 1447, 1132) overlay_visible=True
2026-08-14 23:01:54,639 tracking: rect=(23, 18, 1447, 1132) overlay_visible=True
2026-08-14 23:01:54,743 tracking: rect=(23, 18, 1447, 1132) overlay_visible=True
2026-08-14 23:01:54,857 tracking: rect=(23, 18, 1447, 1132) overlay_visible=True
2026-08-14 23:01:54,967 tracking: rect=(23, 18, 1447, 1132) overlay_visible=True
2026-08-14 23:01:55,076 tracking: rect=(23, 18, 1447, 1132) overlay_visible=True
2026-08-14 23:01:55,184 tracking: rect=(23, 18, 1447, 1132) overlay_visible=True
2026-08-14 23:01:55,294 tracking: rect=(23, 18, 1447, 1132) overlay_visible=True
2026-08-14 23:01:55,403 tracking: rect=(23, 18, 1447, 1132) overlay_visible=True
2026-08-14 23:01:55,511 tracking: rect=(23, 18, 1447, 1132) overlay_visible=True
2026-08-14 23:01:55,621 tracking: rect=(23, 18, 1447, 1132) overlay_visible=True
2026-08-14 23:01:55,730 tracking: rect=(23, 18, 1447, 1132) overlay_visible=True
2026-08-14 23:01:55,838 tracking: rect=(23, 18, 1447, 1132) overlay_visible=True
2026-08-14 23:01:55,901 left click mode=judgement at (1884,287)
2026-08-14 23:01:55,948 tracking: rect=(23, 18, 1447, 1132) overlay_visible=True
2026-08-14 23:01:56,056 tracking: rect=(23, 18, 1447, 1132) overlay_visible=True
2026-08-14 23:01:56,165 tracking: rect=(23, 18, 1447, 1132) overlay_visible=True
2026-08-14 23:01:56,266 tracking: rect=(23, 18, 1447, 1132) overlay_visible=True
2026-08-14 23:01:56,366 tracking: rect=(23, 18, 1447, 1132) overlay_visible=True
2026-08-14 23:01:56,475 tracking: rect=(23, 18, 1447, 1132) overlay_visible=True
2026-08-14 23:01:56,585 tracking: rect=(23, 18, 1447, 1132) overlay_visible=True
2026-08-14 23:01:56,694 tracking: rect=(23, 18, 1447, 1132) overlay_visible=True
2026-08-14 23:01:56,804 tracking: rect=(23, 18, 1447, 1132) overlay_visible=True
2026-08-14 23:01:56,866 left click mode=eyedrop_bg at (1274,586)
2026-08-14 23:01:56,913 tracking: rect=(23, 18, 1447, 1132) overlay_visible=True
2026-08-14 23:01:57,022 tracking: rect=(23, 18, 1447, 1132) overlay_visible=True
2026-08-14 23:01:57,131 tracking: rect=(23, 18, 1447, 1132) overlay_visible=True
2026-08-14 23:01:57,240 tracking: rect=(23, 18, 1447, 1132) overlay_visible=True
2026-08-14 23:01:57,349 tracking: rect=(23, 18, 1447, 1132) overlay_visible=True
2026-08-14 23:01:57,459 tracking: rect=(23, 18, 1447, 1132) overlay_visible=True
2026-08-14 23:01:57,562 tracking: rect=(23, 18, 1447, 1132) overlay_visible=True
2026-08-14 23:01:57,663 tracking: rect=(23, 18, 1447, 1132) overlay_visible=True
2026-08-14 23:01:57,773 tracking: rect=(23, 18, 1447, 1132) overlay_visible=True
2026-08-14 23:01:57,882 tracking: rect=(23, 18, 1447, 1132) overlay_visible=True
2026-08-14 23:01:57,992 tracking: rect=(23, 18, 1447, 1132) overlay_visible=True
2026-08-14 23:01:58,101 tracking: rect=(23, 18, 1447, 1132) overlay_visible=True
2026-08-14 23:01:58,211 tracking: rect=(23, 18, 1447, 1132) overlay_visible=True
2026-08-14 23:01:58,320 tracking: rect=(23, 18, 1447, 1132) overlay_visible=True
2026-08-14 23:01:58,428 tracking: rect=(23, 18, 1447, 1132) overlay_visible=True
2026-08-14 23:01:58,539 tracking: rect=(23, 18, 1447, 1132) overlay_visible=True
2026-08-14 23:01:58,649 tracking: rect=(23, 18, 1447, 1132) overlay_visible=True
2026-08-14 23:01:58,758 tracking: rect=(23, 18, 1447, 1132) overlay_visible=True
2026-08-14 23:01:58,866 tracking: rect=(23, 18, 1447, 1132) overlay_visible=True
2026-08-14 23:01:58,977 tracking: rect=(23, 18, 1447, 1132) overlay_visible=True
2026-08-14 23:01:59,086 tracking: rect=(23, 18, 1447, 1132) overlay_visible=True
2026-08-14 23:01:59,195 tracking: rect=(23, 18, 1447, 1132) overlay_visible=True
2026-08-14 23:01:59,304 tracking: rect=(23, 18, 1447, 1132) overlay_visible=True
2026-08-14 23:01:59,405 tracking: rect=(23, 18, 1447, 1132) overlay_visible=True
2026-08-14 23:01:59,506 tracking: rect=(23, 18, 1447, 1132) overlay_visible=True
2026-08-14 23:01:59,607 tracking: rect=(23, 18, 1447, 1132) overlay_visible=True
2026-08-14 23:01:59,707 tracking: rect=(23, 18, 1447, 1132) overlay_visible=True
2026-08-14 23:01:59,807 tracking: rect=(23, 18, 1447, 1132) overlay_visible=True
2026-08-14 23:01:59,909 tracking: rect=(23, 18, 1447, 1132) overlay_visible=True
2026-08-14 23:02:00,009 tracking: rect=(23, 18, 1447, 1132) overlay_visible=True
2026-08-14 23:02:00,110 tracking: rect=(23, 18, 1447, 1132) overlay_visible=True
2026-08-14 23:02:00,193 left click mode=eyedrop_bg at (2301,379)
2026-08-14 23:02:00,224 tracking: rect=(23, 18, 1447, 1132) overlay_visible=True
2026-08-14 23:02:00,333 tracking: rect=(23, 18, 1447, 1132) overlay_visible=True
2026-08-14 23:02:00,442 tracking: rect=(23, 18, 1447, 1132) overlay_visible=True
2026-08-14 23:02:00,547 tracking: rect=(23, 18, 1447, 1132) overlay_visible=True
2026-08-14 23:02:00,660 tracking: rect=(23, 18, 1447, 1132) overlay_visible=True
2026-08-14 23:02:00,766 tracking: rect=(23, 18, 1447, 1132) overlay_visible=True
2026-08-14 23:02:00,870 tracking: rect=(23, 18, 1447, 1132) overlay_visible=True
2026-08-14 23:02:00,975 tracking: rect=(23, 18, 1447, 1132) overlay_visible=True
2026-08-14 23:02:01,084 tracking: rect=(23, 18, 1447, 1132) overlay_visible=True
2026-08-14 23:02:01,194 tracking: rect=(23, 18, 1447, 1132) overlay_visible=True
2026-08-14 23:02:01,301 tracking: rect=(23, 18, 1447, 1132) overlay_visible=True
2026-08-14 23:02:01,412 tracking: rect=(23, 18, 1447, 1132) overlay_visible=True
2026-08-14 23:02:01,521 tracking: rect=(23, 18, 1447, 1132) overlay_visible=True
2026-08-14 23:02:01,632 tracking: rect=(23, 18, 1447, 1132) overlay_visible=True
2026-08-14 23:02:01,736 tracking: rect=(23, 18, 1447, 1132) overlay_visible=True
2026-08-14 23:02:01,847 tracking: rect=(23, 18, 1447, 1132) overlay_visible=True
2026-08-14 23:02:01,949 tracking: rect=(23, 18, 1447, 1132) overlay_visible=True
2026-08-14 23:02:02,051 tracking: rect=(23, 18, 1447, 1132) overlay_visible=True
2026-08-14 23:02:02,161 tracking: rect=(23, 18, 1447, 1132) overlay_visible=True
2026-08-14 23:02:02,269 tracking: rect=(23, 18, 1447, 1132) overlay_visible=True
2026-08-14 23:02:02,380 tracking: rect=(23, 18, 1447, 1132) overlay_visible=True
2026-08-14 23:02:02,488 tracking: rect=(23, 18, 1447, 1132) overlay_visible=True
2026-08-14 23:02:02,597 tracking: rect=(23, 18, 1447, 1132) overlay_visible=True
2026-08-14 23:02:02,706 tracking: rect=(23, 18, 1447, 1132) overlay_visible=True
2026-08-14 23:02:02,817 tracking: rect=(23, 18, 1447, 1132) overlay_visible=True
2026-08-14 23:02:02,926 tracking: rect=(23, 18, 1447, 1132) overlay_visible=True
2026-08-14 23:02:03,036 tracking: rect=(23, 18, 1447, 1132) overlay_visible=True
2026-08-14 23:02:03,147 tracking: rect=(23, 18, 1447, 1132) overlay_visible=True
2026-08-14 23:02:03,258 tracking: rect=(23, 18, 1447, 1132) overlay_visible=True
2026-08-14 23:02:03,369 tracking: rect=(23, 18, 1447, 1132) overlay_visible=True
2026-08-14 23:02:03,478 tracking: rect=(23, 18, 1447, 1132) overlay_visible=True
2026-08-14 23:02:03,588 tracking: rect=(23, 18, 1447, 1132) overlay_visible=True
2026-08-14 23:02:03,694 tracking: rect=(23, 18, 1447, 1132) overlay_visible=True
2026-08-14 23:02:03,807 tracking: rect=(23, 18, 1447, 1132) overlay_visible=True
2026-08-14 23:02:03,916 tracking: rect=(23, 18, 1447, 1132) overlay_visible=True
2026-08-14 23:02:04,026 tracking: rect=(23, 18, 1447, 1132) overlay_visible=True
2026-08-14 23:02:04,134 tracking: rect=(23, 18, 1447, 1132) overlay_visible=True
2026-08-14 23:02:04,244 tracking: rect=(23, 18, 1447, 1132) overlay_visible=True
2026-08-14 23:02:04,354 tracking: rect=(23, 18, 1447, 1132) overlay_visible=True
2026-08-14 23:02:04,461 tracking: rect=(23, 18, 1447, 1132) overlay_visible=True
2026-08-14 23:02:04,563 tracking: rect=(23, 18, 1447, 1132) overlay_visible=True
2026-08-14 23:02:04,666 tracking: rect=(23, 18, 1447, 1132) overlay_visible=True
2026-08-14 23:02:04,777 tracking: rect=(23, 18, 1447, 1132) overlay_visible=True
2026-08-14 23:02:04,886 tracking: rect=(23, 18, 1447, 1132) overlay_visible=True
2026-08-14 23:02:04,995 tracking: rect=(23, 18, 1447, 1132) overlay_visible=True
2026-08-14 23:02:05,106 tracking: rect=(23, 18, 1447, 1132) overlay_visible=True
2026-08-14 23:02:05,216 tracking: rect=(23, 18, 1447, 1132) overlay_visible=True
2026-08-14 23:02:05,325 tracking: rect=(23, 18, 1447, 1132) overlay_visible=True
2026-08-14 23:02:05,434 tracking: rect=(23, 18, 1447, 1132) overlay_visible=True
2026-08-14 23:02:05,544 tracking: rect=(23, 18, 1447, 1132) overlay_visible=True
2026-08-14 23:02:05,654 tracking: rect=(23, 18, 1447, 1132) overlay_visible=True
2026-08-14 23:02:05,763 tracking: rect=(23, 18, 1447, 1132) overlay_visible=True
2026-08-14 23:02:05,871 tracking: rect=(23, 18, 1447, 1132) overlay_visible=True
2026-08-14 23:02:05,980 tracking: rect=(23, 18, 1447, 1132) overlay_visible=True
2026-08-14 23:02:06,088 tracking: rect=(23, 18, 1447, 1132) overlay_visible=True
2026-08-14 23:02:06,195 tracking: rect=(23, 18, 1447, 1132) overlay_visible=True
2026-08-14 23:02:06,309 tracking: rect=(23, 18, 1447, 1132) overlay_visible=True
2026-08-14 23:02:06,419 tracking: rect=(23, 18, 1447, 1132) overlay_visible=True
2026-08-14 23:02:06,529 tracking: rect=(23, 18, 1447, 1132) overlay_visible=True
2026-08-14 23:02:06,638 tracking: rect=(23, 18, 1447, 1132) overlay_visible=True
2026-08-14 23:02:06,749 tracking: rect=(23, 18, 1447, 1132) overlay_visible=True
2026-08-14 23:02:06,860 tracking: rect=(23, 18, 1447, 1132) overlay_visible=True
2026-08-14 23:02:06,968 tracking: rect=(23, 18, 1447, 1132) overlay_visible=True
2026-08-14 23:02:07,079 tracking: rect=(23, 18, 1447, 1132) overlay_visible=True
2026-08-14 23:02:07,187 tracking: rect=(23, 18, 1447, 1132) overlay_visible=True
2026-08-14 23:02:07,297 tracking: rect=(23, 18, 1447, 1132) overlay_visible=True
2026-08-14 23:02:07,409 tracking: rect=(23, 18, 1447, 1132) overlay_visible=True
2026-08-14 23:02:07,517 tracking: rect=(23, 18, 1447, 1132) overlay_visible=True
2026-08-14 23:02:07,626 tracking: rect=(23, 18, 1447, 1132) overlay_visible=True
2026-08-14 23:02:07,735 tracking: rect=(23, 18, 1447, 1132) overlay_visible=True
2026-08-14 23:02:07,844 tracking: rect=(23, 18, 1447, 1132) overlay_visible=True
2026-08-14 23:02:07,954 tracking: rect=(23, 18, 1447, 1132) overlay_visible=True
2026-08-14 23:02:08,066 tracking: rect=(23, 18, 1447, 1132) overlay_visible=True
2026-08-14 23:02:08,176 tracking: rect=(23, 18, 1447, 1132) overlay_visible=True
2026-08-14 23:02:08,285 tracking: rect=(23, 18, 1447, 1132) overlay_visible=True
2026-08-14 23:02:08,300 left click mode=eyedrop_bg at (2232,419)
2026-08-14 23:02:08,393 tracking: rect=(23, 18, 1447, 1132) overlay_visible=True
2026-08-14 23:02:08,503 tracking: rect=(23, 18, 1447, 1132) overlay_visible=True
2026-08-14 23:02:08,612 tracking: rect=(23, 18, 1447, 1132) overlay_visible=True
2026-08-14 23:02:08,721 tracking: rect=(23, 18, 1447, 1132) overlay_visible=True
2026-08-14 23:02:08,831 tracking: rect=(23, 18, 1447, 1132) overlay_visible=True
2026-08-14 23:02:08,940 tracking: rect=(23, 18, 1447, 1132) overlay_visible=True
2026-08-14 23:02:09,048 tracking: rect=(23, 18, 1447, 1132) overlay_visible=True
2026-08-14 23:02:09,158 tracking: rect=(23, 18, 1447, 1132) overlay_visible=True
2026-08-14 23:02:09,266 tracking: rect=(23, 18, 1447, 1132) overlay_visible=True
2026-08-14 23:02:09,367 tracking: rect=(23, 18, 1447, 1132) overlay_visible=True
2026-08-14 23:02:09,467 tracking: rect=(23, 18, 1447, 1132) overlay_visible=True
2026-08-14 23:02:09,577 tracking: rect=(23, 18, 1447, 1132) overlay_visible=True
2026-08-14 23:02:09,687 tracking: rect=(23, 18, 1447, 1132) overlay_visible=True
2026-08-14 23:02:09,796 tracking: rect=(23, 18, 1447, 1132) overlay_visible=True
2026-08-14 23:02:09,905 tracking: rect=(23, 18, 1447, 1132) overlay_visible=True
2026-08-14 23:02:10,014 tracking: rect=(23, 18, 1447, 1132) overlay_visible=True
2026-08-14 23:02:10,123 tracking: rect=(23, 18, 1447, 1132) overlay_visible=True
2026-08-14 23:02:10,233 tracking: rect=(23, 18, 1447, 1132) overlay_visible=True
2026-08-14 23:02:10,342 tracking: rect=(23, 18, 1447, 1132) overlay_visible=True
2026-08-14 23:02:10,451 tracking: rect=(23, 18, 1447, 1132) overlay_visible=True
2026-08-14 23:02:10,552 tracking: rect=(23, 18, 1447, 1132) overlay_visible=True
2026-08-14 23:02:10,653 tracking: rect=(23, 18, 1447, 1132) overlay_visible=True
2026-08-14 23:02:10,762 tracking: rect=(23, 18, 1447, 1132) overlay_visible=True
2026-08-14 23:02:10,762 left click mode=eyedrop_bg at (2161,481)
2026-08-14 23:02:10,873 tracking: rect=(23, 18, 1447, 1132) overlay_visible=True
2026-08-14 23:02:10,983 tracking: rect=(23, 18, 1447, 1132) overlay_visible=True
2026-08-14 23:02:11,092 tracking: rect=(23, 18, 1447, 1132) overlay_visible=True
2026-08-14 23:02:11,192 tracking: rect=(23, 18, 1447, 1132) overlay_visible=True
2026-08-14 23:02:11,293 tracking: rect=(23, 18, 1447, 1132) overlay_visible=True
2026-08-14 23:02:11,397 tracking: rect=(23, 18, 1447, 1132) overlay_visible=True
2026-08-14 23:02:11,497 tracking: rect=(23, 18, 1447, 1132) overlay_visible=True
2026-08-14 23:02:11,604 tracking: rect=(23, 18, 1447, 1132) overlay_visible=True
2026-08-14 23:02:11,704 tracking: rect=(23, 18, 1447, 1132) overlay_visible=True
2026-08-14 23:02:11,805 tracking: rect=(23, 18, 1447, 1132) overlay_visible=True
2026-08-14 23:02:11,906 tracking: rect=(23, 18, 1447, 1132) overlay_visible=True
2026-08-14 23:02:12,006 tracking: rect=(23, 18, 1447, 1132) overlay_visible=True
2026-08-14 23:02:12,107 tracking: rect=(23, 18, 1447, 1132) overlay_visible=True
2026-08-14 23:02:12,207 tracking: rect=(23, 18, 1447, 1132) overlay_visible=True
2026-08-14 23:02:12,307 tracking: rect=(23, 18, 1447, 1132) overlay_visible=True
2026-08-14 23:02:12,409 tracking: rect=(23, 18, 1447, 1132) overlay_visible=True
2026-08-14 23:02:12,511 tracking: rect=(23, 18, 1447, 1132) overlay_visible=True
2026-08-14 23:02:12,525 left click mode=eyedrop_bg at (1961,555)
2026-08-14 23:02:12,620 tracking: rect=(23, 18, 1447, 1132) overlay_visible=True
2026-08-14 23:02:12,720 tracking: rect=(23, 18, 1447, 1132) overlay_visible=True
2026-08-14 23:02:12,821 tracking: rect=(23, 18, 1447, 1132) overlay_visible=True
2026-08-14 23:02:12,921 tracking: rect=(23, 18, 1447, 1132) overlay_visible=True
2026-08-14 23:02:13,022 tracking: rect=(23, 18, 1447, 1132) overlay_visible=True
2026-08-14 23:02:13,122 tracking: rect=(23, 18, 1447, 1132) overlay_visible=True
2026-08-14 23:02:13,225 tracking: rect=(23, 18, 1447, 1132) overlay_visible=True
2026-08-14 23:02:13,334 tracking: rect=(23, 18, 1447, 1132) overlay_visible=True
2026-08-14 23:02:13,412 left click mode=eyedrop_bg at (1938,280)
2026-08-14 23:02:13,444 tracking: rect=(23, 18, 1447, 1132) overlay_visible=True
2026-08-14 23:02:13,555 tracking: rect=(23, 18, 1447, 1132) overlay_visible=True
2026-08-14 23:02:13,664 tracking: rect=(23, 18, 1447, 1132) overlay_visible=True
2026-08-14 23:02:13,765 tracking: rect=(23, 18, 1447, 1132) overlay_visible=True
2026-08-14 23:02:13,866 tracking: rect=(23, 18, 1447, 1132) overlay_visible=True
2026-08-14 23:02:13,966 tracking: rect=(23, 18, 1447, 1132) overlay_visible=True
2026-08-14 23:02:14,067 tracking: rect=(23, 18, 1447, 1132) overlay_visible=True
2026-08-14 23:02:14,179 tracking: rect=(23, 18, 1447, 1132) overlay_visible=True
2026-08-14 23:02:14,287 tracking: rect=(23, 18, 1447, 1132) overlay_visible=True
2026-08-14 23:02:14,393 tracking: rect=(23, 18, 1447, 1132) overlay_visible=True
2026-08-14 23:02:14,493 tracking: rect=(23, 18, 1447, 1132) overlay_visible=True
2026-08-14 23:02:14,600 tracking: rect=(23, 18, 1447, 1132) overlay_visible=True
2026-08-14 23:02:14,701 tracking: rect=(23, 18, 1447, 1132) overlay_visible=True
2026-08-14 23:02:14,801 tracking: rect=(23, 18, 1447, 1132) overlay_visible=True
2026-08-14 23:02:14,913 tracking: rect=(23, 18, 1447, 1132) overlay_visible=True
2026-08-14 23:02:15,023 tracking: rect=(23, 18, 1447, 1132) overlay_visible=True
2026-08-14 23:02:15,133 tracking: rect=(23, 18, 1447, 1132) overlay_visible=True
2026-08-14 23:02:15,242 tracking: rect=(23, 18, 1447, 1132) overlay_visible=True
2026-08-14 23:02:15,349 tracking: rect=(23, 18, 1447, 1132) overlay_visible=True
2026-08-14 23:02:15,459 tracking: rect=(23, 18, 1447, 1132) overlay_visible=True
2026-08-14 23:02:15,567 tracking: rect=(23, 18, 1447, 1132) overlay_visible=True
2026-08-14 23:02:15,676 tracking: rect=(23, 18, 1447, 1132) overlay_visible=True
2026-08-14 23:02:15,785 tracking: rect=(23, 18, 1447, 1132) overlay_visible=True
2026-08-14 23:02:15,894 tracking: rect=(23, 18, 1447, 1132) overlay_visible=True
2026-08-14 23:02:16,002 tracking: rect=(23, 18, 1447, 1132) overlay_visible=True
2026-08-14 23:02:16,111 tracking: rect=(23, 18, 1447, 1132) overlay_visible=True
2026-08-14 23:02:16,221 tracking: rect=(23, 18, 1447, 1132) overlay_visible=True
2026-08-14 23:02:16,331 tracking: rect=(23, 18, 1447, 1132) overlay_visible=True
2026-08-14 23:02:16,440 tracking: rect=(23, 18, 1447, 1132) overlay_visible=True
2026-08-14 23:02:16,550 tracking: rect=(23, 18, 1447, 1132) overlay_visible=True
2026-08-14 23:02:16,657 tracking: rect=(23, 18, 1447, 1132) overlay_visible=True
2026-08-14 23:02:16,766 tracking: rect=(23, 18, 1447, 1132) overlay_visible=True
2026-08-14 23:02:16,874 tracking: rect=(23, 18, 1447, 1132) overlay_visible=True
2026-08-14 23:02:16,981 tracking: rect=(23, 18, 1447, 1132) overlay_visible=True
2026-08-14 23:02:17,086 tracking: rect=(23, 18, 1447, 1132) overlay_visible=True
2026-08-14 23:02:17,188 tracking: rect=(23, 18, 1447, 1132) overlay_visible=True
2026-08-14 23:02:17,294 tracking: rect=(23, 18, 1447, 1132) overlay_visible=True
2026-08-14 23:02:17,403 tracking: rect=(23, 18, 1447, 1132) overlay_visible=True
2026-08-14 23:02:17,513 tracking: rect=(23, 18, 1447, 1132) overlay_visible=True
2026-08-14 23:02:17,622 tracking: rect=(23, 18, 1447, 1132) overlay_visible=True
2026-08-14 23:02:17,731 tracking: rect=(23, 18, 1447, 1132) overlay_visible=True
2026-08-14 23:02:17,841 tracking: rect=(23, 18, 1447, 1132) overlay_visible=True
2026-08-14 23:02:17,943 tracking: rect=(23, 18, 1447, 1132) overlay_visible=True
2026-08-14 23:02:18,044 tracking: rect=(23, 18, 1447, 1132) overlay_visible=True
2026-08-14 23:02:18,153 tracking: rect=(23, 18, 1447, 1132) overlay_visible=True
2026-08-14 23:02:18,261 tracking: rect=(23, 18, 1447, 1132) overlay_visible=True
2026-08-14 23:02:18,372 tracking: rect=(23, 18, 1447, 1132) overlay_visible=True
2026-08-14 23:02:18,481 tracking: rect=(23, 18, 1447, 1132) overlay_visible=True
2026-08-14 23:02:18,589 tracking: rect=(23, 18, 1447, 1132) overlay_visible=True
2026-08-14 23:02:18,699 tracking: rect=(23, 18, 1447, 1132) overlay_visible=True
2026-08-14 23:02:18,745 left click mode=eyedrop_bg at (2065,344)
2026-08-14 23:02:18,808 tracking: rect=(23, 18, 1447, 1132) overlay_visible=True
2026-08-14 23:02:18,916 tracking: rect=(23, 18, 1447, 1132) overlay_visible=True
2026-08-14 23:02:19,026 tracking: rect=(23, 18, 1447, 1132) overlay_visible=True
2026-08-14 23:02:19,126 tracking: rect=(23, 18, 1447, 1132) overlay_visible=True
2026-08-14 23:02:19,226 tracking: rect=(23, 18, 1447, 1132) overlay_visible=True
2026-08-14 23:02:19,339 tracking: rect=(23, 18, 1447, 1132) overlay_visible=True
2026-08-14 23:02:19,449 tracking: rect=(23, 18, 1447, 1132) overlay_visible=True
2026-08-14 23:02:19,558 tracking: rect=(23, 18, 1447, 1132) overlay_visible=True
2026-08-14 23:02:19,667 tracking: rect=(23, 18, 1447, 1132) overlay_visible=True
2026-08-14 23:02:19,775 tracking: rect=(23, 18, 1447, 1132) overlay_visible=True
2026-08-14 23:02:19,868 left click mode=eyedrop_key at (2037,285)
2026-08-14 23:02:19,884 tracking: rect=(23, 18, 1447, 1132) overlay_visible=True
2026-08-14 23:02:19,988 tracking: rect=(23, 18, 1447, 1132) overlay_visible=True
2026-08-14 23:02:20,089 tracking: rect=(23, 18, 1447, 1132) overlay_visible=True
2026-08-14 23:02:20,197 tracking: rect=(23, 18, 1447, 1132) overlay_visible=True
2026-08-14 23:02:20,297 tracking: rect=(23, 18, 1447, 1132) overlay_visible=True
2026-08-14 23:02:20,400 tracking: rect=(23, 18, 1447, 1132) overlay_visible=True
2026-08-14 23:02:20,509 tracking: rect=(23, 18, 1447, 1132) overlay_visible=True
2026-08-14 23:02:20,617 tracking: rect=(23, 18, 1447, 1132) overlay_visible=True
2026-08-14 23:02:20,726 tracking: rect=(23, 18, 1447, 1132) overlay_visible=True
2026-08-14 23:02:20,834 tracking: rect=(23, 18, 1447, 1132) overlay_visible=True
2026-08-14 23:02:20,944 tracking: rect=(23, 18, 1447, 1132) overlay_visible=True
2026-08-14 23:02:21,022 left click mode=eyedrop_bg at (1282,566)
2026-08-14 23:02:21,053 tracking: rect=(23, 18, 1447, 1132) overlay_visible=True
2026-08-14 23:02:21,162 tracking: rect=(23, 18, 1447, 1132) overlay_visible=True
2026-08-14 23:02:21,271 tracking: rect=(23, 18, 1447, 1132) overlay_visible=True
2026-08-14 23:02:21,380 tracking: rect=(23, 18, 1447, 1132) overlay_visible=True
2026-08-14 23:02:21,489 tracking: rect=(23, 18, 1447, 1132) overlay_visible=True
2026-08-14 23:02:21,551 left click mode=eyedrop_bg at (1283,562)
2026-08-14 23:02:21,599 tracking: rect=(23, 18, 1447, 1132) overlay_visible=True
2026-08-14 23:02:21,706 tracking: rect=(23, 18, 1447, 1132) overlay_visible=True
2026-08-14 23:02:21,815 tracking: rect=(23, 18, 1447, 1132) overlay_visible=True
2026-08-14 23:02:21,924 tracking: rect=(23, 18, 1447, 1132) overlay_visible=True
2026-08-14 23:02:22,027 tracking: rect=(23, 18, 1447, 1132) overlay_visible=True
2026-08-14 23:02:22,142 tracking: rect=(23, 18, 1447, 1132) overlay_visible=True
2026-08-14 23:02:22,252 tracking: rect=(23, 18, 1447, 1132) overlay_visible=True
2026-08-14 23:02:22,360 tracking: rect=(23, 18, 1447, 1132) overlay_visible=True
2026-08-14 23:02:22,470 tracking: rect=(23, 18, 1447, 1132) overlay_visible=True
2026-08-14 23:02:22,547 left click mode=eyedrop_bg at (1283,562)
2026-08-14 23:02:22,578 tracking: rect=(23, 18, 1447, 1132) overlay_visible=True
2026-08-14 23:02:22,687 tracking: rect=(23, 18, 1447, 1132) overlay_visible=True
2026-08-14 23:02:22,797 tracking: rect=(23, 18, 1447, 1132) overlay_visible=True
2026-08-14 23:02:22,904 tracking: rect=(23, 18, 1447, 1132) overlay_visible=True
2026-08-14 23:02:23,005 tracking: rect=(23, 18, 1447, 1132) overlay_visible=True
2026-08-14 23:02:23,091 left click mode=eyedrop_bg at (1284,562)
2026-08-14 23:02:23,107 tracking: rect=(23, 18, 1447, 1132) overlay_visible=True
2026-08-14 23:02:23,217 tracking: rect=(23, 18, 1447, 1132) overlay_visible=True
2026-08-14 23:02:23,325 tracking: rect=(23, 18, 1447, 1132) overlay_visible=True
2026-08-14 23:02:23,436 tracking: rect=(23, 18, 1447, 1132) overlay_visible=True
2026-08-14 23:02:23,545 tracking: rect=(23, 18, 1447, 1132) overlay_visible=True
2026-08-14 23:02:23,655 tracking: rect=(23, 18, 1447, 1132) overlay_visible=True
2026-08-14 23:02:23,764 tracking: rect=(23, 18, 1447, 1132) overlay_visible=True
2026-08-14 23:02:23,873 tracking: rect=(23, 18, 1447, 1132) overlay_visible=True
2026-08-14 23:02:23,981 tracking: rect=(23, 18, 1447, 1132) overlay_visible=True
2026-08-14 23:02:23,981 left click mode=eyedrop_bg at (1284,562)
2026-08-14 23:02:24,089 tracking: rect=(23, 18, 1447, 1132) overlay_visible=True
2026-08-14 23:02:24,197 tracking: rect=(23, 18, 1447, 1132) overlay_visible=True
2026-08-14 23:02:24,307 tracking: rect=(23, 18, 1447, 1132) overlay_visible=True
2026-08-14 23:02:24,409 tracking: rect=(23, 18, 1447, 1132) overlay_visible=True
2026-08-14 23:02:24,510 tracking: rect=(23, 18, 1447, 1132) overlay_visible=True
2026-08-14 23:02:24,610 tracking: rect=(23, 18, 1447, 1132) overlay_visible=True
2026-08-14 23:02:24,712 tracking: rect=(23, 18, 1447, 1132) overlay_visible=True
2026-08-14 23:02:24,821 tracking: rect=(23, 18, 1447, 1132) overlay_visible=True
2026-08-14 23:02:24,930 tracking: rect=(23, 18, 1447, 1132) overlay_visible=True
2026-08-14 23:02:25,033 tracking: rect=(23, 18, 1447, 1132) overlay_visible=True
2026-08-14 23:02:25,134 tracking: rect=(23, 18, 1447, 1132) overlay_visible=True
2026-08-14 23:02:25,241 left click mode=eyedrop_bg at (2202,385)
2026-08-14 23:02:25,241 tracking: rect=(23, 18, 1447, 1132) overlay_visible=True
2026-08-14 23:02:25,342 tracking: rect=(23, 18, 1447, 1132) overlay_visible=True
2026-08-14 23:02:25,443 tracking: rect=(23, 18, 1447, 1132) overlay_visible=True
2026-08-14 23:02:25,552 tracking: rect=(23, 18, 1447, 1132) overlay_visible=True
2026-08-14 23:02:25,661 tracking: rect=(23, 18, 1447, 1132) overlay_visible=True
2026-08-14 23:02:25,767 tracking: rect=(23, 18, 1447, 1132) overlay_visible=True
2026-08-14 23:02:25,869 tracking: rect=(23, 18, 1447, 1132) overlay_visible=True
2026-08-14 23:02:25,974 tracking: rect=(23, 18, 1447, 1132) overlay_visible=True
2026-08-14 23:02:26,084 tracking: rect=(23, 18, 1447, 1132) overlay_visible=True
2026-08-14 23:02:26,192 tracking: rect=(23, 18, 1447, 1132) overlay_visible=True
2026-08-14 23:02:26,301 tracking: rect=(23, 18, 1447, 1132) overlay_visible=True
2026-08-14 23:02:26,410 tracking: rect=(23, 18, 1447, 1132) overlay_visible=True
2026-08-14 23:02:26,517 tracking: rect=(23, 18, 1447, 1132) overlay_visible=True
2026-08-14 23:02:26,629 tracking: rect=(23, 18, 1447, 1132) overlay_visible=True
2026-08-14 23:02:26,737 tracking: rect=(23, 18, 1447, 1132) overlay_visible=True
2026-08-14 23:02:26,846 tracking: rect=(23, 18, 1447, 1132) overlay_visible=True
2026-08-14 23:02:26,956 tracking: rect=(23, 18, 1447, 1132) overlay_visible=True
2026-08-14 23:02:27,064 tracking: rect=(23, 18, 1447, 1132) overlay_visible=True
2026-08-14 23:02:27,175 tracking: rect=(23, 18, 1447, 1132) overlay_visible=True
2026-08-14 23:02:27,285 tracking: rect=(23, 18, 1447, 1132) overlay_visible=True
2026-08-14 23:02:27,393 tracking: rect=(23, 18, 1447, 1132) overlay_visible=True
2026-08-14 23:02:27,502 tracking: rect=(23, 18, 1447, 1132) overlay_visible=True
2026-08-14 23:02:27,610 tracking: rect=(23, 18, 1447, 1132) overlay_visible=True
2026-08-14 23:02:27,719 tracking: rect=(23, 18, 1447, 1132) overlay_visible=True
2026-08-14 23:02:27,828 tracking: rect=(23, 18, 1447, 1132) overlay_visible=True
2026-08-14 23:02:27,936 tracking: rect=(23, 18, 1447, 1132) overlay_visible=True
2026-08-14 23:02:28,046 tracking: rect=(23, 18, 1447, 1132) overlay_visible=True
2026-08-14 23:02:28,155 tracking: rect=(23, 18, 1447, 1132) overlay_visible=True
2026-08-14 23:02:28,264 tracking: rect=(23, 18, 1447, 1132) overlay_visible=True
2026-08-14 23:02:28,374 tracking: rect=(23, 18, 1447, 1132) overlay_visible=True
2026-08-14 23:02:28,482 tracking: rect=(23, 18, 1447, 1132) overlay_visible=True
2026-08-14 23:02:28,593 tracking: rect=(23, 18, 1447, 1132) overlay_visible=True
2026-08-14 23:02:28,702 tracking: rect=(23, 18, 1447, 1132) overlay_visible=True
2026-08-14 23:02:28,802 tracking: rect=(23, 18, 1447, 1132) overlay_visible=True
2026-08-14 23:02:28,905 tracking: rect=(23, 18, 1447, 1132) overlay_visible=True
2026-08-14 23:02:29,016 tracking: rect=(23, 18, 1447, 1132) overlay_visible=True
2026-08-14 23:02:29,109 left click mode=eyedrop_bg at (2270,407)
2026-08-14 23:02:29,125 tracking: rect=(23, 18, 1447, 1132) overlay_visible=True
2026-08-14 23:02:29,231 tracking: rect=(23, 18, 1447, 1132) overlay_visible=True
2026-08-14 23:02:29,341 tracking: rect=(23, 18, 1447, 1132) overlay_visible=True
2026-08-14 23:02:29,451 tracking: rect=(23, 18, 1447, 1132) overlay_visible=True
2026-08-14 23:02:29,560 tracking: rect=(23, 18, 1447, 1132) overlay_visible=True
2026-08-14 23:02:29,670 tracking: rect=(23, 18, 1447, 1132) overlay_visible=True
2026-08-14 23:02:29,780 tracking: rect=(23, 18, 1447, 1132) overlay_visible=True
2026-08-14 23:02:29,888 tracking: rect=(23, 18, 1447, 1132) overlay_visible=True
2026-08-14 23:02:29,997 tracking: rect=(23, 18, 1447, 1132) overlay_visible=True
2026-08-14 23:02:30,105 tracking: rect=(23, 18, 1447, 1132) overlay_visible=True
2026-08-14 23:02:30,213 tracking: rect=(23, 18, 1447, 1132) overlay_visible=True
2026-08-14 23:02:30,322 tracking: rect=(23, 18, 1447, 1132) overlay_visible=True
2026-08-14 23:02:30,423 tracking: rect=(23, 18, 1447, 1132) overlay_visible=True
2026-08-14 23:02:30,523 tracking: rect=(23, 18, 1447, 1132) overlay_visible=True
2026-08-14 23:02:30,624 tracking: rect=(23, 18, 1447, 1132) overlay_visible=True
2026-08-14 23:02:30,724 tracking: rect=(23, 18, 1447, 1132) overlay_visible=True
2026-08-14 23:02:30,825 tracking: rect=(23, 18, 1447, 1132) overlay_visible=True
2026-08-14 23:02:30,932 tracking: rect=(23, 18, 1447, 1132) overlay_visible=True
2026-08-14 23:02:31,009 left click mode=eyedrop_bg at (2018,386)
2026-08-14 23:02:31,042 tracking: rect=(23, 18, 1447, 1132) overlay_visible=True
2026-08-14 23:02:31,151 tracking: rect=(23, 18, 1447, 1132) overlay_visible=True
2026-08-14 23:02:31,255 tracking: rect=(23, 18, 1447, 1132) overlay_visible=True
2026-08-14 23:02:31,356 tracking: rect=(23, 18, 1447, 1132) overlay_visible=True
2026-08-14 23:02:31,461 tracking: rect=(23, 18, 1447, 1132) overlay_visible=True
2026-08-14 23:02:31,572 tracking: rect=(23, 18, 1447, 1132) overlay_visible=True
2026-08-14 23:02:31,681 tracking: rect=(23, 18, 1447, 1132) overlay_visible=True
2026-08-14 23:02:31,790 tracking: rect=(23, 18, 1447, 1132) overlay_visible=True
2026-08-14 23:02:31,899 tracking: rect=(23, 18, 1447, 1132) overlay_visible=True
2026-08-14 23:02:32,000 tracking: rect=(23, 18, 1447, 1132) overlay_visible=True
2026-08-14 23:02:32,102 tracking: rect=(23, 18, 1447, 1132) overlay_visible=True
2026-08-14 23:02:32,202 tracking: rect=(23, 18, 1447, 1132) overlay_visible=True
2026-08-14 23:02:32,304 tracking: rect=(23, 18, 1447, 1132) overlay_visible=True
2026-08-14 23:02:32,413 tracking: rect=(23, 18, 1447, 1132) overlay_visible=True
2026-08-14 23:02:32,522 tracking: rect=(23, 18, 1447, 1132) overlay_visible=True
2026-08-14 23:02:32,624 tracking: rect=(23, 18, 1447, 1132) overlay_visible=True
2026-08-14 23:02:32,724 tracking: rect=(23, 18, 1447, 1132) overlay_visible=True
2026-08-14 23:02:32,833 tracking: rect=(23, 18, 1447, 1132) overlay_visible=True
2026-08-14 23:02:32,942 tracking: rect=(23, 18, 1447, 1132) overlay_visible=True
2026-08-14 23:02:33,051 tracking: rect=(23, 18, 1447, 1132) overlay_visible=True
2026-08-14 23:02:33,161 tracking: rect=(23, 18, 1447, 1132) overlay_visible=True
2026-08-14 23:02:33,271 tracking: rect=(23, 18, 1447, 1132) overlay_visible=True
2026-08-14 23:02:33,381 tracking: rect=(23, 18, 1447, 1132) overlay_visible=True
2026-08-14 23:02:33,491 tracking: rect=(23, 18, 1447, 1132) overlay_visible=True
2026-08-14 23:02:33,599 tracking: rect=(23, 18, 1447, 1132) overlay_visible=True
2026-08-14 23:02:33,707 tracking: rect=(23, 18, 1447, 1132) overlay_visible=True
2026-08-14 23:02:33,818 tracking: rect=(23, 18, 1447, 1132) overlay_visible=True
2026-08-14 23:02:33,925 tracking: rect=(23, 18, 1447, 1132) overlay_visible=True
2026-08-14 23:02:34,035 tracking: rect=(23, 18, 1447, 1132) overlay_visible=True
2026-08-14 23:02:34,145 tracking: rect=(23, 18, 1447, 1132) overlay_visible=True
2026-08-14 23:02:34,254 tracking: rect=(23, 18, 1447, 1132) overlay_visible=True
2026-08-14 23:02:34,363 tracking: rect=(23, 18, 1447, 1132) overlay_visible=True
2026-08-14 23:02:34,473 tracking: rect=(23, 18, 1447, 1132) overlay_visible=True
2026-08-14 23:02:34,582 tracking: rect=(23, 18, 1447, 1132) overlay_visible=True
2026-08-14 23:02:34,691 tracking: rect=(23, 18, 1447, 1132) overlay_visible=True
2026-08-14 23:02:34,800 tracking: rect=(23, 18, 1447, 1132) overlay_visible=True
2026-08-14 23:02:34,907 tracking: rect=(23, 18, 1447, 1132) overlay_visible=True
2026-08-14 23:02:35,009 tracking: rect=(23, 18, 1447, 1132) overlay_visible=True
2026-08-14 23:02:35,110 tracking: rect=(23, 18, 1447, 1132) overlay_visible=True
2026-08-14 23:02:35,220 tracking: rect=(23, 18, 1447, 1132) overlay_visible=True
2026-08-14 23:02:35,331 tracking: rect=(23, 18, 1447, 1132) overlay_visible=True
2026-08-14 23:02:35,440 tracking: rect=(23, 18, 1447, 1132) overlay_visible=True
2026-08-14 23:02:35,551 tracking: rect=(23, 18, 1447, 1132) overlay_visible=True
2026-08-14 23:02:35,659 tracking: rect=(23, 18, 1447, 1132) overlay_visible=True
2026-08-14 23:02:35,768 tracking: rect=(23, 18, 1447, 1132) overlay_visible=True
2026-08-14 23:02:35,877 tracking: rect=(23, 18, 1447, 1132) overlay_visible=True
2026-08-14 23:02:35,988 tracking: rect=(23, 18, 1447, 1132) overlay_visible=True
2026-08-14 23:02:36,096 tracking: rect=(23, 18, 1447, 1132) overlay_visible=True
2026-08-14 23:02:36,203 tracking: rect=(23, 18, 1447, 1132) overlay_visible=True
2026-08-14 23:02:36,304 tracking: rect=(23, 18, 1447, 1132) overlay_visible=True
2026-08-14 23:02:36,407 tracking: rect=(23, 18, 1447, 1132) overlay_visible=True
2026-08-14 23:02:36,512 tracking: rect=(23, 18, 1447, 1132) overlay_visible=True
2026-08-14 23:02:36,627 tracking: rect=(23, 18, 1447, 1132) overlay_visible=True
2026-08-14 23:02:36,704 left click mode=eyedrop_bg at (2161,448)
2026-08-14 23:02:36,734 tracking: rect=(23, 18, 1447, 1132) overlay_visible=True
2026-08-14 23:02:36,834 tracking: rect=(23, 18, 1447, 1132) overlay_visible=True
2026-08-14 23:02:36,934 tracking: rect=(23, 18, 1447, 1132) overlay_visible=True
2026-08-14 23:02:37,035 tracking: rect=(23, 18, 1447, 1132) overlay_visible=True
2026-08-14 23:02:37,135 tracking: rect=(23, 18, 1447, 1132) overlay_visible=True
2026-08-14 23:02:37,237 tracking: rect=(23, 18, 1447, 1132) overlay_visible=True
2026-08-14 23:02:37,344 tracking: rect=(23, 18, 1447, 1132) overlay_visible=True
2026-08-14 23:02:37,456 tracking: rect=(23, 18, 1447, 1132) overlay_visible=True
2026-08-14 23:02:37,566 tracking: rect=(23, 18, 1447, 1132) overlay_visible=True
2026-08-14 23:02:37,674 tracking: rect=(23, 18, 1447, 1132) overlay_visible=True
2026-08-14 23:02:37,777 tracking: rect=(23, 18, 1447, 1132) overlay_visible=True
2026-08-14 23:02:37,892 tracking: rect=(23, 18, 1447, 1132) overlay_visible=True
2026-08-14 23:02:38,002 tracking: rect=(23, 18, 1447, 1132) overlay_visible=True
2026-08-14 23:02:38,111 tracking: rect=(23, 18, 1447, 1132) overlay_visible=True
2026-08-14 23:02:38,219 tracking: rect=(23, 18, 1447, 1132) overlay_visible=True
2026-08-14 23:02:38,327 tracking: rect=(23, 18, 1447, 1132) overlay_visible=True
2026-08-14 23:02:38,342 left click mode=eyedrop_bg at (2275,113)
2026-08-14 23:02:38,429 tracking: rect=(23, 18, 1447, 1132) overlay_visible=True
2026-08-14 23:02:38,530 tracking: rect=(23, 18, 1447, 1132) overlay_visible=True
2026-08-14 23:02:38,641 tracking: rect=(23, 18, 1447, 1132) overlay_visible=True
2026-08-14 23:02:38,748 tracking: rect=(23, 18, 1447, 1132) overlay_visible=True
2026-08-14 23:02:38,857 tracking: rect=(23, 18, 1447, 1132) overlay_visible=True
2026-08-14 23:02:38,966 tracking: rect=(23, 18, 1447, 1132) overlay_visible=True
2026-08-14 23:02:39,074 tracking: rect=(23, 18, 1447, 1132) overlay_visible=True
2026-08-14 23:02:39,182 tracking: rect=(23, 18, 1447, 1132) overlay_visible=True
2026-08-14 23:02:39,291 tracking: rect=(23, 18, 1447, 1132) overlay_visible=True
2026-08-14 23:02:39,400 tracking: rect=(23, 18, 1447, 1132) overlay_visible=True
2026-08-14 23:02:39,508 tracking: rect=(23, 18, 1447, 1132) overlay_visible=True
2026-08-14 23:02:39,618 tracking: rect=(23, 18, 1447, 1132) overlay_visible=True
2026-08-14 23:02:39,682 left click mode=select_window at (927,33)
2026-08-14 23:02:39,682 select hit: hwnd=1114858 own=False
2026-08-14 23:02:39,682 select_game_window hwnd=1114858 own_root=1378716 own_overlay=1313162
2026-08-14 23:02:39,682 tracking: rect=(23, 18, 1447, 1132) overlay_visible=True
2026-08-14 23:02:39,682 after select: mode=idle game_hwnd=1114858
2026-08-14 23:02:39,726 tracking: rect=(23, 18, 1447, 1132) overlay_visible=True
2026-08-14 23:02:39,836 tracking: rect=(23, 18, 1447, 1132) overlay_visible=True
2026-08-14 23:02:39,947 tracking: rect=(23, 18, 1447, 1132) overlay_visible=True
2026-08-14 23:02:40,053 tracking: rect=(23, 18, 1447, 1132) overlay_visible=True
2026-08-14 23:02:40,153 tracking: rect=(23, 18, 1447, 1132) overlay_visible=True
2026-08-14 23:02:40,261 tracking: rect=(23, 18, 1447, 1132) overlay_visible=True
2026-08-14 23:02:40,370 tracking: rect=(23, 18, 1447, 1132) overlay_visible=True
2026-08-14 23:02:40,479 tracking: rect=(23, 18, 1447, 1132) overlay_visible=True
2026-08-14 23:02:40,587 tracking: rect=(23, 18, 1447, 1132) overlay_visible=True
2026-08-14 23:02:40,689 tracking: rect=(23, 18, 1447, 1132) overlay_visible=True
2026-08-14 23:02:40,794 tracking: rect=(23, 18, 1447, 1132) overlay_visible=True
2026-08-14 23:02:40,905 tracking: rect=(23, 18, 1447, 1132) overlay_visible=True
2026-08-14 23:02:41,015 tracking: rect=(23, 18, 1447, 1132) overlay_visible=True
2026-08-14 23:02:41,125 tracking: rect=(23, 18, 1447, 1132) overlay_visible=True
2026-08-14 23:02:41,234 tracking: rect=(23, 18, 1447, 1132) overlay_visible=True
2026-08-14 23:02:41,343 tracking: rect=(23, 18, 1447, 1132) overlay_visible=True
2026-08-14 23:02:41,452 tracking: rect=(23, 18, 1447, 1132) overlay_visible=True
2026-08-14 23:02:41,562 tracking: rect=(23, 18, 1447, 1132) overlay_visible=True
2026-08-14 23:02:41,673 tracking: rect=(23, 18, 1447, 1132) overlay_visible=True
2026-08-14 23:02:41,781 tracking: rect=(23, 18, 1447, 1132) overlay_visible=True
2026-08-14 23:02:41,884 tracking: rect=(23, 18, 1447, 1132) overlay_visible=True
2026-08-14 23:02:41,998 tracking: rect=(23, 18, 1447, 1132) overlay_visible=True
2026-08-14 23:02:42,107 tracking: rect=(23, 18, 1447, 1132) overlay_visible=True
2026-08-14 23:02:42,217 tracking: rect=(23, 18, 1447, 1132) overlay_visible=True
2026-08-14 23:02:42,317 tracking: rect=(23, 18, 1447, 1132) overlay_visible=True
2026-08-14 23:02:42,421 tracking: rect=(23, 18, 1447, 1132) overlay_visible=True
2026-08-14 23:02:42,530 tracking: rect=(23, 18, 1447, 1132) overlay_visible=True
2026-08-14 23:02:42,639 tracking: rect=(23, 18, 1447, 1132) overlay_visible=True
2026-08-14 23:02:42,748 tracking: rect=(23, 18, 1447, 1132) overlay_visible=True
2026-08-14 23:02:42,856 tracking: rect=(23, 18, 1447, 1132) overlay_visible=True
2026-08-14 23:02:42,964 tracking: rect=(23, 18, 1447, 1132) overlay_visible=True
2026-08-14 23:02:43,073 tracking: rect=(23, 18, 1447, 1132) overlay_visible=True
2026-08-14 23:02:43,183 tracking: rect=(23, 18, 1447, 1132) overlay_visible=True
2026-08-14 23:02:43,293 tracking: rect=(23, 18, 1447, 1132) overlay_visible=True
2026-08-14 23:02:43,401 tracking: rect=(23, 18, 1447, 1132) overlay_visible=True
2026-08-14 23:02:43,511 tracking: rect=(23, 18, 1447, 1132) overlay_visible=True
2026-08-14 23:02:43,622 tracking: rect=(23, 18, 1447, 1132) overlay_visible=True
2026-08-14 23:02:43,725 tracking: rect=(23, 18, 1447, 1132) overlay_visible=True
2026-08-14 23:02:43,840 tracking: rect=(23, 18, 1447, 1132) overlay_visible=True
2026-08-14 23:02:43,949 tracking: rect=(23, 18, 1447, 1132) overlay_visible=True
2026-08-14 23:02:44,059 tracking: rect=(23, 18, 1447, 1132) overlay_visible=True
2026-08-14 23:02:44,168 tracking: rect=(23, 18, 1447, 1132) overlay_visible=True
2026-08-14 23:02:44,277 tracking: rect=(23, 18, 1447, 1132) overlay_visible=True
2026-08-14 23:02:44,386 tracking: rect=(23, 18, 1447, 1132) overlay_visible=True
2026-08-14 23:02:44,495 tracking: rect=(23, 18, 1447, 1132) overlay_visible=True
2026-08-14 23:02:44,606 tracking: rect=(23, 18, 1447, 1132) overlay_visible=True
2026-08-14 23:02:44,714 tracking: rect=(23, 18, 1447, 1132) overlay_visible=True
2026-08-14 23:02:44,823 tracking: rect=(23, 18, 1447, 1132) overlay_visible=True
2026-08-14 23:02:44,932 tracking: rect=(23, 18, 1447, 1132) overlay_visible=True
2026-08-14 23:02:45,042 tracking: rect=(23, 18, 1447, 1132) overlay_visible=True
2026-08-14 23:02:45,150 tracking: rect=(23, 18, 1447, 1132) overlay_visible=True
2026-08-14 23:02:45,251 tracking: rect=(23, 18, 1447, 1132) overlay_visible=True
2026-08-14 23:02:45,351 tracking: rect=(23, 18, 1447, 1132) overlay_visible=True
2026-08-14 23:02:45,452 tracking: rect=(23, 18, 1447, 1132) overlay_visible=True
2026-08-14 23:02:45,552 tracking: rect=(23, 18, 1447, 1132) overlay_visible=True
2026-08-14 23:02:45,665 tracking: rect=(23, 18, 1447, 1132) overlay_visible=True
2026-08-14 23:02:45,766 tracking: rect=(23, 18, 1447, 1132) overlay_visible=True
2026-08-14 23:02:45,871 left click mode=idle at (2076,437)
2026-08-14 23:02:45,872 tracking: rect=(23, 18, 1447, 1132) overlay_visible=True
2026-08-14 23:02:45,978 tracking: rect=(23, 18, 1447, 1132) overlay_visible=True
2026-08-14 23:02:46,088 tracking: rect=(23, 18, 1447, 1132) overlay_visible=True
2026-08-14 23:02:46,188 tracking: rect=(23, 18, 1447, 1132) overlay_visible=True
2026-08-14 23:02:46,289 tracking: rect=(23, 18, 1447, 1132) overlay_visible=True
2026-08-14 23:02:46,389 tracking: rect=(23, 18, 1447, 1132) overlay_visible=True
2026-08-14 23:02:46,489 tracking: rect=(23, 18, 1447, 1132) overlay_visible=True
2026-08-14 23:02:46,589 tracking: rect=(23, 18, 1447, 1132) overlay_visible=True
2026-08-14 23:02:46,697 tracking: rect=(23, 18, 1447, 1132) overlay_visible=True
2026-08-14 23:02:46,807 tracking: rect=(23, 18, 1447, 1132) overlay_visible=True
2026-08-14 23:02:46,915 tracking: rect=(23, 18, 1447, 1132) overlay_visible=True
2026-08-14 23:02:47,017 tracking: rect=(23, 18, 1447, 1132) overlay_visible=True
2026-08-14 23:02:47,117 tracking: rect=(23, 18, 1447, 1132) overlay_visible=True
2026-08-14 23:02:47,226 tracking: rect=(23, 18, 1447, 1132) overlay_visible=True
2026-08-14 23:02:47,334 tracking: rect=(23, 18, 1447, 1132) overlay_visible=True
2026-08-14 23:02:47,443 tracking: rect=(23, 18, 1447, 1132) overlay_visible=True
2026-08-14 23:02:47,554 tracking: rect=(23, 18, 1447, 1132) overlay_visible=True
2026-08-14 23:05:16,669 left click mode=idle at (1956,212)
2026-08-14 23:05:17,340 left click mode=idle at (2437,59)
2026-08-14 23:05:21,383 left click mode=idle at (1860,177)
2026-08-14 23:05:22,478 left click mode=select_window at (1155,40)
2026-08-14 23:05:22,478 select hit: hwnd=1114858 own=False
2026-08-14 23:05:22,478 select_game_window hwnd=1114858 own_root=2230878 own_overlay=1640860
2026-08-14 23:05:22,478 tracking: rect=(23, 18, 1447, 1132) overlay_visible=False
2026-08-14 23:05:22,482 after select: mode=idle game_hwnd=1114858
2026-08-14 23:05:22,482 tracking: rect=(23, 18, 1447, 1132) overlay_visible=True
2026-08-14 23:05:22,584 tracking: rect=(23, 18, 1447, 1132) overlay_visible=True
2026-08-14 23:05:22,693 tracking: rect=(23, 18, 1447, 1132) overlay_visible=True
2026-08-14 23:05:22,803 tracking: rect=(23, 18, 1447, 1132) overlay_visible=True
2026-08-14 23:05:22,913 tracking: rect=(23, 18, 1447, 1132) overlay_visible=True
2026-08-14 23:05:23,014 tracking: rect=(23, 18, 1447, 1132) overlay_visible=True
2026-08-14 23:05:23,115 tracking: rect=(23, 18, 1447, 1132) overlay_visible=True
2026-08-14 23:05:23,226 tracking: rect=(23, 18, 1447, 1132) overlay_visible=True
2026-08-14 23:05:23,335 tracking: rect=(23, 18, 1447, 1132) overlay_visible=True
2026-08-14 23:05:23,438 tracking: rect=(23, 18, 1447, 1132) overlay_visible=True
2026-08-14 23:05:23,538 tracking: rect=(23, 18, 1447, 1132) overlay_visible=True
2026-08-14 23:05:23,646 tracking: rect=(23, 18, 1447, 1132) overlay_visible=True
2026-08-14 23:05:23,756 tracking: rect=(23, 18, 1447, 1132) overlay_visible=True
2026-08-14 23:05:23,858 tracking: rect=(23, 18, 1447, 1132) overlay_visible=True
2026-08-14 23:05:23,958 tracking: rect=(23, 18, 1447, 1132) overlay_visible=True
2026-08-14 23:05:24,062 tracking: rect=(23, 18, 1447, 1132) overlay_visible=True
2026-08-14 23:05:24,163 tracking: rect=(23, 18, 1447, 1132) overlay_visible=True
2026-08-14 23:05:24,273 tracking: rect=(23, 18, 1447, 1132) overlay_visible=True
2026-08-14 23:05:24,373 tracking: rect=(23, 18, 1447, 1132) overlay_visible=True
2026-08-14 23:05:24,474 tracking: rect=(23, 18, 1447, 1132) overlay_visible=True
2026-08-14 23:05:24,583 tracking: rect=(23, 18, 1447, 1132) overlay_visible=True
2026-08-14 23:05:24,692 tracking: rect=(23, 18, 1447, 1132) overlay_visible=True
2026-08-14 23:05:24,802 tracking: rect=(23, 18, 1447, 1132) overlay_visible=True
2026-08-14 23:05:24,908 tracking: rect=(23, 18, 1447, 1132) overlay_visible=True
2026-08-14 23:05:25,019 tracking: rect=(23, 18, 1447, 1132) overlay_visible=True
2026-08-14 23:05:25,127 tracking: rect=(23, 18, 1447, 1132) overlay_visible=True
2026-08-14 23:05:25,236 tracking: rect=(23, 18, 1447, 1132) overlay_visible=True
2026-08-14 23:05:25,345 tracking: rect=(23, 18, 1447, 1132) overlay_visible=True
2026-08-14 23:05:25,453 tracking: rect=(23, 18, 1447, 1132) overlay_visible=True
2026-08-14 23:05:25,561 tracking: rect=(23, 18, 1447, 1132) overlay_visible=True
2026-08-14 23:05:25,671 tracking: rect=(23, 18, 1447, 1132) overlay_visible=True
2026-08-14 23:05:25,779 tracking: rect=(23, 18, 1447, 1132) overlay_visible=True
2026-08-14 23:05:25,888 tracking: rect=(23, 18, 1447, 1132) overlay_visible=True
2026-08-14 23:05:25,998 tracking: rect=(23, 18, 1447, 1132) overlay_visible=True
2026-08-14 23:05:26,106 tracking: rect=(23, 18, 1447, 1132) overlay_visible=True
2026-08-14 23:05:26,217 tracking: rect=(23, 18, 1447, 1132) overlay_visible=True
2026-08-14 23:05:26,327 tracking: rect=(23, 18, 1447, 1132) overlay_visible=True
2026-08-14 23:05:26,437 tracking: rect=(23, 18, 1447, 1132) overlay_visible=True
2026-08-14 23:05:26,546 tracking: rect=(23, 18, 1447, 1132) overlay_visible=True
2026-08-14 23:05:26,656 tracking: rect=(23, 18, 1447, 1132) overlay_visible=True
2026-08-14 23:05:26,765 tracking: rect=(23, 18, 1447, 1132) overlay_visible=True
2026-08-14 23:05:26,874 tracking: rect=(23, 18, 1447, 1132) overlay_visible=True
2026-08-14 23:05:26,984 tracking: rect=(23, 18, 1447, 1132) overlay_visible=True
2026-08-14 23:05:27,094 tracking: rect=(23, 18, 1447, 1132) overlay_visible=True
2026-08-14 23:05:27,203 tracking: rect=(23, 18, 1447, 1132) overlay_visible=True
2026-08-14 23:05:27,312 tracking: rect=(23, 18, 1447, 1132) overlay_visible=True
2026-08-14 23:05:27,419 tracking: rect=(23, 18, 1447, 1132) overlay_visible=False
2026-08-14 23:05:27,529 tracking: rect=(23, 18, 1447, 1132) overlay_visible=False
2026-08-14 23:05:27,637 tracking: rect=(23, 18, 1447, 1132) overlay_visible=False
2026-08-14 23:05:27,746 tracking: rect=(23, 18, 1447, 1132) overlay_visible=False
2026-08-14 23:05:27,857 tracking: rect=(23, 18, 1447, 1132) overlay_visible=False
2026-08-14 23:05:27,967 tracking: rect=(23, 18, 1447, 1132) overlay_visible=False
2026-08-14 23:05:28,077 tracking: rect=(23, 18, 1447, 1132) overlay_visible=False
2026-08-14 23:05:28,177 tracking: rect=(23, 18, 1447, 1132) overlay_visible=False
2026-08-14 23:05:28,280 tracking: rect=(23, 18, 1447, 1132) overlay_visible=False
2026-08-14 23:05:28,389 tracking: rect=(23, 18, 1447, 1132) overlay_visible=False
2026-08-14 23:05:28,466 tracking: rect=(23, 18, 1447, 1132) overlay_visible=False
2026-08-14 23:05:28,498 tracking: rect=(23, 18, 1447, 1132) overlay_visible=True
2026-08-14 23:05:28,606 tracking: rect=(23, 18, 1447, 1132) overlay_visible=True
2026-08-14 23:05:28,715 tracking: rect=(23, 18, 1447, 1132) overlay_visible=True
2026-08-14 23:05:28,824 tracking: rect=(23, 18, 1447, 1132) overlay_visible=True
2026-08-14 23:05:28,933 tracking: rect=(23, 18, 1447, 1132) overlay_visible=True
2026-08-14 23:05:29,041 tracking: rect=(23, 18, 1447, 1132) overlay_visible=True
2026-08-14 23:05:29,151 tracking: rect=(23, 18, 1447, 1132) overlay_visible=True
2026-08-14 23:05:29,261 tracking: rect=(23, 18, 1447, 1132) overlay_visible=True
2026-08-14 23:05:29,370 tracking: rect=(23, 18, 1447, 1132) overlay_visible=True
2026-08-14 23:05:29,481 tracking: rect=(23, 18, 1447, 1132) overlay_visible=True
2026-08-14 23:05:29,589 tracking: rect=(23, 18, 1447, 1132) overlay_visible=True
2026-08-14 23:05:29,698 tracking: rect=(23, 18, 1447, 1132) overlay_visible=True
2026-08-14 23:05:29,807 tracking: rect=(23, 18, 1447, 1132) overlay_visible=True
2026-08-14 23:05:29,915 tracking: rect=(23, 18, 1447, 1132) overlay_visible=True
2026-08-14 23:05:30,024 tracking: rect=(23, 18, 1447, 1132) overlay_visible=True
2026-08-14 23:05:30,133 tracking: rect=(23, 18, 1447, 1132) overlay_visible=True
2026-08-14 23:05:30,242 tracking: rect=(23, 18, 1447, 1132) overlay_visible=True
2026-08-14 23:05:30,351 tracking: rect=(23, 18, 1447, 1132) overlay_visible=True
2026-08-14 23:05:30,460 tracking: rect=(23, 18, 1447, 1132) overlay_visible=True
2026-08-14 23:05:30,569 tracking: rect=(23, 18, 1447, 1132) overlay_visible=True
2026-08-14 23:05:30,680 tracking: rect=(23, 18, 1447, 1132) overlay_visible=True
2026-08-14 23:05:30,789 tracking: rect=(23, 18, 1447, 1132) overlay_visible=True
2026-08-14 23:05:30,898 tracking: rect=(23, 18, 1447, 1132) overlay_visible=True
2026-08-14 23:05:31,007 tracking: rect=(23, 18, 1447, 1132) overlay_visible=True
2026-08-14 23:05:31,116 tracking: rect=(23, 18, 1447, 1132) overlay_visible=True
2026-08-14 23:05:31,223 tracking: rect=(23, 18, 1447, 1132) overlay_visible=True
2026-08-14 23:05:31,332 tracking: rect=(23, 18, 1447, 1132) overlay_visible=True
2026-08-14 23:05:31,442 tracking: rect=(23, 18, 1447, 1132) overlay_visible=True
2026-08-14 23:05:31,550 tracking: rect=(23, 18, 1447, 1132) overlay_visible=True
2026-08-14 23:05:31,660 tracking: rect=(23, 18, 1447, 1132) overlay_visible=True
2026-08-14 23:05:31,770 tracking: rect=(23, 18, 1447, 1132) overlay_visible=True
2026-08-14 23:05:31,879 tracking: rect=(23, 18, 1447, 1132) overlay_visible=True
2026-08-14 23:05:31,988 tracking: rect=(23, 18, 1447, 1132) overlay_visible=True
2026-08-14 23:05:32,097 tracking: rect=(23, 18, 1447, 1132) overlay_visible=True
2026-08-14 23:05:32,205 tracking: rect=(23, 18, 1447, 1132) overlay_visible=True
2026-08-14 23:05:32,315 tracking: rect=(23, 18, 1447, 1132) overlay_visible=True
2026-08-14 23:05:32,416 tracking: rect=(23, 18, 1447, 1132) overlay_visible=True
2026-08-14 23:05:32,516 tracking: rect=(23, 18, 1447, 1132) overlay_visible=True
2026-08-14 23:05:32,625 tracking: rect=(23, 18, 1447, 1132) overlay_visible=True
2026-08-14 23:05:32,734 tracking: rect=(23, 18, 1447, 1132) overlay_visible=True
2026-08-14 23:05:32,835 tracking: rect=(23, 18, 1447, 1132) overlay_visible=True
2026-08-14 23:05:32,936 tracking: rect=(23, 18, 1447, 1132) overlay_visible=True
2026-08-14 23:05:33,036 tracking: rect=(23, 18, 1447, 1132) overlay_visible=True
2026-08-14 23:05:33,137 tracking: rect=(23, 18, 1447, 1132) overlay_visible=True
2026-08-14 23:05:33,242 tracking: rect=(23, 18, 1447, 1132) overlay_visible=True
2026-08-14 23:05:33,343 tracking: rect=(23, 18, 1447, 1132) overlay_visible=True
2026-08-14 23:05:33,444 tracking: rect=(23, 18, 1447, 1132) overlay_visible=True
2026-08-14 23:05:33,544 tracking: rect=(23, 18, 1447, 1132) overlay_visible=True
2026-08-14 23:05:33,644 tracking: rect=(23, 18, 1447, 1132) overlay_visible=True
2026-08-14 23:05:33,746 tracking: rect=(23, 18, 1447, 1132) overlay_visible=True
2026-08-14 23:05:33,847 tracking: rect=(23, 18, 1447, 1132) overlay_visible=True
2026-08-14 23:05:33,948 tracking: rect=(23, 18, 1447, 1132) overlay_visible=True
2026-08-14 23:05:34,048 tracking: rect=(23, 18, 1447, 1132) overlay_visible=True
2026-08-14 23:05:34,156 tracking: rect=(23, 18, 1447, 1132) overlay_visible=True
2026-08-14 23:05:34,266 tracking: rect=(23, 18, 1447, 1132) overlay_visible=True
2026-08-14 23:05:34,376 tracking: rect=(23, 18, 1447, 1132) overlay_visible=True
2026-08-14 23:05:34,488 tracking: rect=(23, 18, 1447, 1132) overlay_visible=True
2026-08-14 23:05:34,597 tracking: rect=(23, 18, 1447, 1132) overlay_visible=True
2026-08-14 23:05:34,705 tracking: rect=(23, 18, 1447, 1132) overlay_visible=True
2026-08-14 23:05:34,815 tracking: rect=(23, 18, 1447, 1132) overlay_visible=True
2026-08-14 23:05:34,923 tracking: rect=(23, 18, 1447, 1132) overlay_visible=True
2026-08-14 23:05:35,033 tracking: rect=(23, 18, 1447, 1132) overlay_visible=True
2026-08-14 23:05:35,143 tracking: rect=(23, 18, 1447, 1132) overlay_visible=True
2026-08-14 23:05:35,252 tracking: rect=(23, 18, 1447, 1132) overlay_visible=True
2026-08-14 23:05:35,355 tracking: rect=(23, 18, 1447, 1132) overlay_visible=True
2026-08-14 23:05:35,456 tracking: rect=(23, 18, 1447, 1132) overlay_visible=True
2026-08-14 23:05:35,557 tracking: rect=(23, 18, 1447, 1132) overlay_visible=True
2026-08-14 23:05:35,658 tracking: rect=(23, 18, 1447, 1132) overlay_visible=True
2026-08-14 23:05:35,767 tracking: rect=(23, 18, 1447, 1132) overlay_visible=True
2026-08-14 23:05:35,868 tracking: rect=(23, 18, 1447, 1132) overlay_visible=True
2026-08-14 23:05:35,968 tracking: rect=(23, 18, 1447, 1132) overlay_visible=True
2026-08-14 23:05:36,069 tracking: rect=(23, 18, 1447, 1132) overlay_visible=True
2026-08-14 23:05:36,170 tracking: rect=(23, 18, 1447, 1132) overlay_visible=True
2026-08-14 23:05:36,283 tracking: rect=(23, 18, 1447, 1132) overlay_visible=True
2026-08-14 23:05:36,393 tracking: rect=(23, 18, 1447, 1132) overlay_visible=True
2026-08-14 23:05:36,503 tracking: rect=(23, 18, 1447, 1132) overlay_visible=True
2026-08-14 23:05:36,603 tracking: rect=(23, 18, 1447, 1132) overlay_visible=True
2026-08-14 23:05:36,703 tracking: rect=(23, 18, 1447, 1132) overlay_visible=True
2026-08-14 23:05:36,813 tracking: rect=(23, 18, 1447, 1132) overlay_visible=True
2026-08-14 23:05:36,921 tracking: rect=(23, 18, 1447, 1132) overlay_visible=True
2026-08-14 23:05:37,029 tracking: rect=(23, 18, 1447, 1132) overlay_visible=True
2026-08-14 23:05:37,138 tracking: rect=(23, 18, 1447, 1132) overlay_visible=True
2026-08-14 23:05:37,247 tracking: rect=(23, 18, 1447, 1132) overlay_visible=True
2026-08-14 23:05:37,357 tracking: rect=(23, 18, 1447, 1132) overlay_visible=True
2026-08-14 23:05:37,467 tracking: rect=(23, 18, 1447, 1132) overlay_visible=True
2026-08-14 23:05:37,568 tracking: rect=(23, 18, 1447, 1132) overlay_visible=True
2026-08-14 23:05:37,668 tracking: rect=(23, 18, 1447, 1132) overlay_visible=True
2026-08-14 23:05:37,773 tracking: rect=(23, 18, 1447, 1132) overlay_visible=True
2026-08-14 23:05:37,873 tracking: rect=(23, 18, 1447, 1132) overlay_visible=True
2026-08-14 23:05:37,984 tracking: rect=(23, 18, 1447, 1132) overlay_visible=True
2026-08-14 23:05:38,092 tracking: rect=(23, 18, 1447, 1132) overlay_visible=True
2026-08-14 23:05:38,202 tracking: rect=(23, 18, 1447, 1132) overlay_visible=True
2026-08-14 23:05:38,312 tracking: rect=(23, 18, 1447, 1132) overlay_visible=True
2026-08-14 23:05:38,420 tracking: rect=(23, 18, 1447, 1132) overlay_visible=True
2026-08-14 23:05:38,528 tracking: rect=(23, 18, 1447, 1132) overlay_visible=True
2026-08-14 23:05:38,635 tracking: rect=(23, 18, 1447, 1132) overlay_visible=True
2026-08-14 23:05:38,736 tracking: rect=(23, 18, 1447, 1132) overlay_visible=True
2026-08-14 23:05:38,837 tracking: rect=(23, 18, 1447, 1132) overlay_visible=True
2026-08-14 23:05:38,936 tracking: rect=(23, 18, 1447, 1132) overlay_visible=True
2026-08-14 23:05:39,037 tracking: rect=(23, 18, 1447, 1132) overlay_visible=True
2026-08-14 23:05:39,138 tracking: rect=(23, 18, 1447, 1132) overlay_visible=True
2026-08-14 23:05:39,238 tracking: rect=(23, 18, 1447, 1132) overlay_visible=True
2026-08-14 23:05:39,340 tracking: rect=(23, 18, 1447, 1132) overlay_visible=True
2026-08-14 23:05:39,441 tracking: rect=(23, 18, 1447, 1132) overlay_visible=True
2026-08-14 23:05:39,542 tracking: rect=(23, 18, 1447, 1132) overlay_visible=True
2026-08-14 23:05:39,647 tracking: rect=(23, 18, 1447, 1132) overlay_visible=True
2026-08-14 23:05:39,758 tracking: rect=(23, 18, 1447, 1132) overlay_visible=True
2026-08-14 23:05:39,861 tracking: rect=(23, 18, 1447, 1132) overlay_visible=True
2026-08-14 23:05:39,963 tracking: rect=(23, 18, 1447, 1132) overlay_visible=True
2026-08-14 23:05:40,070 tracking: rect=(23, 18, 1447, 1132) overlay_visible=True
2026-08-14 23:05:40,179 tracking: rect=(23, 18, 1447, 1132) overlay_visible=True
2026-08-14 23:05:40,282 tracking: rect=(23, 18, 1447, 1132) overlay_visible=True
2026-08-14 23:05:40,384 tracking: rect=(23, 18, 1447, 1132) overlay_visible=True
2026-08-14 23:05:40,492 tracking: rect=(23, 18, 1447, 1132) overlay_visible=True
2026-08-14 23:05:40,571 left click mode=idle at (1732,592)
2026-08-14 23:05:40,601 tracking: rect=(23, 18, 1447, 1132) overlay_visible=True
2026-08-14 23:05:40,709 tracking: rect=(23, 18, 1447, 1132) overlay_visible=True
2026-08-14 23:05:40,820 tracking: rect=(23, 18, 1447, 1132) overlay_visible=True
2026-08-14 23:05:40,919 tracking: rect=(23, 18, 1447, 1132) overlay_visible=True
2026-08-14 23:05:41,021 tracking: rect=(23, 18, 1447, 1132) overlay_visible=True
2026-08-14 23:05:41,131 tracking: rect=(23, 18, 1447, 1132) overlay_visible=True
2026-08-14 23:05:41,240 tracking: rect=(23, 18, 1447, 1132) overlay_visible=True
2026-08-14 23:05:41,339 tracking: rect=(23, 18, 1447, 1132) overlay_visible=True
2026-08-14 23:05:41,440 tracking: rect=(23, 18, 1447, 1132) overlay_visible=True
2026-08-14 23:05:41,545 tracking: rect=(23, 18, 1447, 1132) overlay_visible=True
2026-08-14 23:05:41,649 tracking: rect=(23, 18, 1447, 1132) overlay_visible=True
2026-08-14 23:05:41,751 tracking: rect=(23, 18, 1447, 1132) overlay_visible=True
2026-08-14 23:05:41,852 tracking: rect=(23, 18, 1447, 1132) overlay_visible=True
2026-08-14 23:05:41,914 left click mode=idle at (1699,573)
2026-08-14 23:05:41,961 tracking: rect=(23, 18, 1447, 1132) overlay_visible=True
2026-08-14 23:05:42,066 tracking: rect=(23, 18, 1447, 1132) overlay_visible=True
2026-08-14 23:05:42,168 tracking: rect=(23, 18, 1447, 1132) overlay_visible=True
2026-08-14 23:05:42,272 tracking: rect=(23, 18, 1447, 1132) overlay_visible=True
2026-08-14 23:05:42,372 tracking: rect=(23, 18, 1447, 1132) overlay_visible=True
2026-08-14 23:05:42,473 tracking: rect=(23, 18, 1447, 1132) overlay_visible=True
2026-08-14 23:05:42,573 tracking: rect=(23, 18, 1447, 1132) overlay_visible=True
2026-08-14 23:05:42,673 tracking: rect=(23, 18, 1447, 1132) overlay_visible=True
2026-08-14 23:05:42,774 tracking: rect=(23, 18, 1447, 1132) overlay_visible=True
2026-08-14 23:05:42,875 tracking: rect=(23, 18, 1447, 1132) overlay_visible=True
2026-08-14 23:05:42,975 tracking: rect=(23, 18, 1447, 1132) overlay_visible=True
2026-08-14 23:05:43,084 tracking: rect=(23, 18, 1447, 1132) overlay_visible=True
2026-08-14 23:05:43,192 tracking: rect=(23, 18, 1447, 1132) overlay_visible=True
2026-08-14 23:05:43,292 tracking: rect=(23, 18, 1447, 1132) overlay_visible=True
2026-08-14 23:05:43,392 tracking: rect=(23, 18, 1447, 1132) overlay_visible=True
2026-08-14 23:05:43,492 tracking: rect=(23, 18, 1447, 1132) overlay_visible=True
2026-08-14 23:05:43,593 tracking: rect=(23, 18, 1447, 1132) overlay_visible=True
2026-08-14 23:05:43,694 tracking: rect=(23, 18, 1447, 1132) overlay_visible=True
2026-08-14 23:05:43,795 tracking: rect=(23, 18, 1447, 1132) overlay_visible=True
2026-08-14 23:05:43,908 tracking: rect=(23, 18, 1447, 1132) overlay_visible=True
2026-08-14 23:05:44,018 tracking: rect=(23, 18, 1447, 1132) overlay_visible=True
2026-08-14 23:05:44,119 tracking: rect=(23, 18, 1447, 1132) overlay_visible=True
2026-08-14 23:05:44,219 tracking: rect=(23, 18, 1447, 1132) overlay_visible=True
2026-08-14 23:05:44,320 tracking: rect=(23, 18, 1447, 1132) overlay_visible=True
2026-08-14 23:05:44,421 tracking: rect=(23, 18, 1447, 1132) overlay_visible=True
2026-08-14 23:05:44,529 tracking: rect=(23, 18, 1447, 1132) overlay_visible=True
2026-08-14 23:05:44,630 tracking: rect=(23, 18, 1447, 1132) overlay_visible=True
2026-08-14 23:05:44,744 tracking: rect=(23, 18, 1447, 1132) overlay_visible=True
2026-08-14 23:05:44,852 tracking: rect=(23, 18, 1447, 1132) overlay_visible=True
2026-08-14 23:05:44,960 tracking: rect=(23, 18, 1447, 1132) overlay_visible=True
2026-08-14 23:05:45,068 tracking: rect=(23, 18, 1447, 1132) overlay_visible=True
2026-08-14 23:05:45,178 tracking: rect=(23, 18, 1447, 1132) overlay_visible=True
2026-08-14 23:05:45,286 tracking: rect=(23, 18, 1447, 1132) overlay_visible=True
2026-08-14 23:05:45,393 tracking: rect=(23, 18, 1447, 1132) overlay_visible=True
2026-08-14 23:05:45,502 tracking: rect=(23, 18, 1447, 1132) overlay_visible=True
2026-08-14 23:05:45,612 tracking: rect=(23, 18, 1447, 1132) overlay_visible=True
2026-08-14 23:05:45,720 tracking: rect=(23, 18, 1447, 1132) overlay_visible=True
2026-08-14 23:05:45,828 tracking: rect=(23, 18, 1447, 1132) overlay_visible=True
2026-08-14 23:05:45,938 tracking: rect=(23, 18, 1447, 1132) overlay_visible=True
2026-08-14 23:05:46,045 tracking: rect=(23, 18, 1447, 1132) overlay_visible=True
2026-08-14 23:05:46,154 tracking: rect=(23, 18, 1447, 1132) overlay_visible=True
2026-08-14 23:05:46,263 tracking: rect=(23, 18, 1447, 1132) overlay_visible=True
2026-08-14 23:05:46,373 tracking: rect=(23, 18, 1447, 1132) overlay_visible=True
2026-08-14 23:05:46,482 tracking: rect=(23, 18, 1447, 1132) overlay_visible=True
2026-08-14 23:05:46,591 tracking: rect=(23, 18, 1447, 1132) overlay_visible=True
2026-08-14 23:05:46,699 tracking: rect=(23, 18, 1447, 1132) overlay_visible=True
2026-08-14 23:05:46,808 tracking: rect=(23, 18, 1447, 1132) overlay_visible=True
2026-08-14 23:05:46,917 tracking: rect=(23, 18, 1447, 1132) overlay_visible=True
2026-08-14 23:05:47,026 tracking: rect=(23, 18, 1447, 1132) overlay_visible=True
2026-08-14 23:05:47,136 tracking: rect=(23, 18, 1447, 1132) overlay_visible=True
2026-08-14 23:05:47,244 tracking: rect=(23, 18, 1447, 1132) overlay_visible=True
2026-08-14 23:05:47,352 tracking: rect=(23, 18, 1447, 1132) overlay_visible=True
2026-08-14 23:05:47,461 tracking: rect=(23, 18, 1447, 1132) overlay_visible=True
2026-08-14 23:05:47,570 tracking: rect=(23, 18, 1447, 1132) overlay_visible=True
2026-08-14 23:05:47,681 tracking: rect=(23, 18, 1447, 1132) overlay_visible=True
2026-08-14 23:05:47,790 tracking: rect=(23, 18, 1447, 1132) overlay_visible=True
2026-08-14 23:05:47,900 tracking: rect=(23, 18, 1447, 1132) overlay_visible=True
2026-08-14 23:05:48,008 tracking: rect=(23, 18, 1447, 1132) overlay_visible=True
2026-08-14 23:05:48,118 tracking: rect=(23, 18, 1447, 1132) overlay_visible=True
2026-08-14 23:05:48,227 tracking: rect=(23, 18, 1447, 1132) overlay_visible=True
2026-08-14 23:05:48,336 tracking: rect=(23, 18, 1447, 1132) overlay_visible=True
2026-08-14 23:05:48,445 tracking: rect=(23, 18, 1447, 1132) overlay_visible=True
2026-08-14 23:05:48,553 tracking: rect=(23, 18, 1447, 1132) overlay_visible=True
2026-08-14 23:05:48,661 tracking: rect=(23, 18, 1447, 1132) overlay_visible=True
2026-08-14 23:05:48,770 tracking: rect=(23, 18, 1447, 1132) overlay_visible=True
2026-08-14 23:05:48,879 tracking: rect=(23, 18, 1447, 1132) overlay_visible=True
2026-08-14 23:05:48,986 tracking: rect=(23, 18, 1447, 1132) overlay_visible=True
2026-08-14 23:05:49,095 tracking: rect=(23, 18, 1447, 1132) overlay_visible=True
2026-08-14 23:05:49,204 tracking: rect=(23, 18, 1447, 1132) overlay_visible=True
2026-08-14 23:05:49,313 tracking: rect=(23, 18, 1447, 1132) overlay_visible=True
2026-08-14 23:05:49,422 tracking: rect=(23, 18, 1447, 1132) overlay_visible=True
2026-08-14 23:05:49,530 tracking: rect=(23, 18, 1447, 1132) overlay_visible=True
2026-08-14 23:05:49,639 tracking: rect=(23, 18, 1447, 1132) overlay_visible=True
2026-08-14 23:05:49,747 tracking: rect=(23, 18, 1447, 1132) overlay_visible=True
2026-08-14 23:05:49,857 tracking: rect=(23, 18, 1447, 1132) overlay_visible=True
2026-08-14 23:05:49,966 tracking: rect=(23, 18, 1447, 1132) overlay_visible=True
2026-08-14 23:05:50,075 tracking: rect=(23, 18, 1447, 1132) overlay_visible=True
2026-08-14 23:05:50,185 tracking: rect=(23, 18, 1447, 1132) overlay_visible=True
2026-08-14 23:05:50,294 tracking: rect=(23, 18, 1447, 1132) overlay_visible=True
2026-08-14 23:05:50,417 tracking: rect=(23, 18, 1447, 1132) overlay_visible=True
2026-08-14 23:05:50,526 tracking: rect=(23, 18, 1447, 1132) overlay_visible=True
2026-08-14 23:05:50,620 left click mode=idle at (1766,1177)
2026-08-14 23:05:50,636 tracking: rect=(23, 18, 1447, 1132) overlay_visible=True
2026-08-14 23:05:50,743 tracking: rect=(23, 18, 1447, 1132) overlay_visible=True
2026-08-14 23:05:50,852 tracking: rect=(23, 18, 1447, 1132) overlay_visible=True
2026-08-14 23:05:50,960 tracking: rect=(23, 18, 1447, 1132) overlay_visible=True
2026-08-14 23:05:51,071 tracking: rect=(23, 18, 1447, 1132) overlay_visible=True
2026-08-14 23:05:51,180 tracking: rect=(23, 18, 1447, 1132) overlay_visible=True
2026-08-14 23:05:51,290 tracking: rect=(23, 18, 1447, 1132) overlay_visible=True
2026-08-14 23:05:51,399 tracking: rect=(23, 18, 1447, 1132) overlay_visible=True
2026-08-14 23:05:51,509 tracking: rect=(23, 18, 1447, 1132) overlay_visible=True
2026-08-14 23:05:51,617 tracking: rect=(23, 18, 1447, 1132) overlay_visible=True
2026-08-14 23:05:51,727 tracking: rect=(23, 18, 1447, 1132) overlay_visible=True
2026-08-14 23:05:51,837 tracking: rect=(23, 18, 1447, 1132) overlay_visible=True
2026-08-14 23:05:51,944 tracking: rect=(23, 18, 1447, 1132) overlay_visible=True
2026-08-14 23:05:52,046 tracking: rect=(23, 18, 1447, 1132) overlay_visible=True
2026-08-14 23:05:52,148 tracking: rect=(23, 18, 1447, 1132) overlay_visible=True
2026-08-14 23:05:52,258 tracking: rect=(23, 18, 1447, 1132) overlay_visible=True
2026-08-14 23:05:52,362 tracking: rect=(23, 18, 1447, 1132) overlay_visible=True
2026-08-14 23:05:52,462 tracking: rect=(23, 18, 1447, 1132) overlay_visible=True
2026-08-14 23:05:52,650 tracking: rect=(23, 18, 1447, 1132) overlay_visible=True
2026-08-14 23:05:52,751 tracking: rect=(23, 18, 1447, 1132) overlay_visible=True
2026-08-14 23:05:52,852 tracking: rect=(23, 18, 1447, 1132) overlay_visible=True
2026-08-14 23:05:52,961 tracking: rect=(23, 18, 1447, 1132) overlay_visible=True
2026-08-14 23:05:53,061 tracking: rect=(23, 18, 1447, 1132) overlay_visible=True
2026-08-14 23:05:53,161 tracking: rect=(23, 18, 1447, 1132) overlay_visible=True
2026-08-14 23:05:53,272 tracking: rect=(23, 18, 1447, 1132) overlay_visible=True
2026-08-14 23:05:53,381 tracking: rect=(23, 18, 1447, 1132) overlay_visible=True
2026-08-14 23:05:53,482 tracking: rect=(23, 18, 1447, 1132) overlay_visible=True
2026-08-14 23:05:53,583 tracking: rect=(23, 18, 1447, 1132) overlay_visible=True
2026-08-14 23:05:53,693 tracking: rect=(23, 18, 1447, 1132) overlay_visible=True
2026-08-14 23:05:53,802 tracking: rect=(23, 18, 1447, 1132) overlay_visible=True
2026-08-14 23:05:53,913 tracking: rect=(23, 18, 1447, 1132) overlay_visible=True
2026-08-14 23:05:54,023 tracking: rect=(23, 18, 1447, 1132) overlay_visible=True
2026-08-14 23:05:54,131 tracking: rect=(23, 18, 1447, 1132) overlay_visible=True
2026-08-14 23:05:54,238 tracking: rect=(23, 18, 1447, 1132) overlay_visible=True
2026-08-14 23:05:54,339 tracking: rect=(23, 18, 1447, 1132) overlay_visible=True
2026-08-14 23:05:54,440 tracking: rect=(23, 18, 1447, 1132) overlay_visible=True
2026-08-14 23:05:54,549 tracking: rect=(23, 18, 1447, 1132) overlay_visible=True
2026-08-14 23:05:54,658 tracking: rect=(23, 18, 1447, 1132) overlay_visible=True
2026-08-14 23:05:54,767 tracking: rect=(23, 18, 1447, 1132) overlay_visible=True
2026-08-14 23:05:54,876 tracking: rect=(23, 18, 1447, 1132) overlay_visible=True
2026-08-14 23:05:54,986 tracking: rect=(23, 18, 1447, 1132) overlay_visible=True
2026-08-14 23:05:55,095 tracking: rect=(23, 18, 1447, 1132) overlay_visible=True
2026-08-14 23:05:55,205 tracking: rect=(23, 18, 1447, 1132) overlay_visible=True
2026-08-14 23:05:55,312 tracking: rect=(23, 18, 1447, 1132) overlay_visible=True
2026-08-14 23:05:55,422 tracking: rect=(23, 18, 1447, 1132) overlay_visible=True
2026-08-14 23:05:55,531 tracking: rect=(23, 18, 1447, 1132) overlay_visible=True
2026-08-14 23:05:55,640 tracking: rect=(23, 18, 1447, 1132) overlay_visible=True
2026-08-14 23:05:55,749 tracking: rect=(23, 18, 1447, 1132) overlay_visible=True
2026-08-14 23:05:55,873 tracking: rect=(23, 18, 1447, 1132) overlay_visible=True
2026-08-14 23:05:55,973 tracking: rect=(23, 18, 1447, 1132) overlay_visible=True
2026-08-14 23:05:56,074 tracking: rect=(23, 18, 1447, 1132) overlay_visible=True
2026-08-14 23:05:56,174 tracking: rect=(23, 18, 1447, 1132) overlay_visible=True
2026-08-14 23:05:56,274 tracking: rect=(23, 18, 1447, 1132) overlay_visible=True
2026-08-14 23:05:56,388 tracking: rect=(23, 18, 1447, 1132) overlay_visible=True
2026-08-14 23:05:56,497 tracking: rect=(23, 18, 1447, 1132) overlay_visible=True
2026-08-14 23:05:56,606 tracking: rect=(23, 18, 1447, 1132) overlay_visible=True
2026-08-14 23:05:56,715 tracking: rect=(23, 18, 1447, 1132) overlay_visible=True
2026-08-14 23:05:56,824 tracking: rect=(23, 18, 1447, 1132) overlay_visible=True
2026-08-14 23:05:56,933 tracking: rect=(23, 18, 1447, 1132) overlay_visible=True
2026-08-14 23:05:57,041 tracking: rect=(23, 18, 1447, 1132) overlay_visible=True
2026-08-14 23:05:57,150 tracking: rect=(23, 18, 1447, 1132) overlay_visible=True
2026-08-14 23:05:57,260 tracking: rect=(23, 18, 1447, 1132) overlay_visible=True
2026-08-14 23:05:57,367 tracking: rect=(23, 18, 1447, 1132) overlay_visible=True
2026-08-14 23:05:57,472 tracking: rect=(23, 18, 1447, 1132) overlay_visible=True
2026-08-14 23:05:57,573 tracking: rect=(23, 18, 1447, 1132) overlay_visible=True
2026-08-14 23:05:57,678 tracking: rect=(23, 18, 1447, 1132) overlay_visible=True
2026-08-14 23:05:57,788 tracking: rect=(23, 18, 1447, 1132) overlay_visible=True
2026-08-14 23:05:57,881 left click mode=idle at (1944,177)
2026-08-14 23:05:57,896 tracking: rect=(23, 18, 1447, 1132) overlay_visible=True
2026-08-14 23:05:57,997 tracking: rect=(23, 18, 1447, 1132) overlay_visible=True
2026-08-14 23:05:58,097 tracking: rect=(23, 18, 1447, 1132) overlay_visible=True
2026-08-14 23:05:58,207 tracking: rect=(23, 18, 1447, 1132) overlay_visible=True
2026-08-14 23:05:58,316 tracking: rect=(23, 18, 1447, 1132) overlay_visible=True
2026-08-14 23:05:58,425 tracking: rect=(23, 18, 1447, 1132) overlay_visible=True
2026-08-14 23:05:58,535 tracking: rect=(23, 18, 1447, 1132) overlay_visible=True
2026-08-14 23:05:58,567 left click mode=select_window at (1121,48)
2026-08-14 23:05:58,567 select hit: hwnd=1114858 own=False
2026-08-14 23:05:58,567 select_game_window hwnd=1114858 own_root=2230878 own_overlay=1640860
2026-08-14 23:05:58,567 tracking: rect=(23, 18, 1447, 1132) overlay_visible=True
2026-08-14 23:05:58,568 after select: mode=idle game_hwnd=1114858
2026-08-14 23:05:58,646 tracking: rect=(23, 18, 1447, 1132) overlay_visible=True
2026-08-14 23:05:58,754 tracking: rect=(23, 18, 1447, 1132) overlay_visible=True
2026-08-14 23:05:58,863 tracking: rect=(23, 18, 1447, 1132) overlay_visible=True
2026-08-14 23:05:58,966 tracking: rect=(23, 18, 1447, 1132) overlay_visible=True
2026-08-14 23:05:59,066 tracking: rect=(23, 18, 1447, 1132) overlay_visible=True
2026-08-14 23:05:59,167 tracking: rect=(23, 18, 1447, 1132) overlay_visible=True
2026-08-14 23:05:59,267 tracking: rect=(23, 18, 1447, 1132) overlay_visible=True
2026-08-14 23:05:59,369 tracking: rect=(23, 18, 1447, 1132) overlay_visible=True
2026-08-14 23:05:59,470 tracking: rect=(23, 18, 1447, 1132) overlay_visible=True
2026-08-14 23:05:59,572 tracking: rect=(23, 18, 1447, 1132) overlay_visible=True
2026-08-14 23:05:59,673 tracking: rect=(23, 18, 1447, 1132) overlay_visible=True
2026-08-14 23:05:59,782 tracking: rect=(23, 18, 1447, 1132) overlay_visible=True
2026-08-14 23:05:59,883 tracking: rect=(23, 18, 1447, 1132) overlay_visible=True
2026-08-14 23:05:59,986 tracking: rect=(23, 18, 1447, 1132) overlay_visible=True
2026-08-14 23:06:00,072 left click mode=idle at (1859,245)
2026-08-14 23:06:00,093 tracking: rect=(23, 18, 1447, 1132) overlay_visible=True
2026-08-14 23:06:00,194 tracking: rect=(23, 18, 1447, 1132) overlay_visible=True
2026-08-14 23:06:00,298 tracking: rect=(23, 18, 1447, 1132) overlay_visible=True
2026-08-14 23:06:00,408 tracking: rect=(23, 18, 1447, 1132) overlay_visible=True
2026-08-14 23:06:00,518 tracking: rect=(23, 18, 1447, 1132) overlay_visible=True
2026-08-14 23:06:00,627 tracking: rect=(23, 18, 1447, 1132) overlay_visible=True
2026-08-14 23:06:00,737 tracking: rect=(23, 18, 1447, 1132) overlay_visible=True
2026-08-14 23:06:00,845 tracking: rect=(23, 18, 1447, 1132) overlay_visible=True
2026-08-14 23:06:00,954 tracking: rect=(23, 18, 1447, 1132) overlay_visible=True
2026-08-14 23:06:01,063 tracking: rect=(23, 18, 1447, 1132) overlay_visible=True
2026-08-14 23:06:01,172 tracking: rect=(23, 18, 1447, 1132) overlay_visible=True
2026-08-14 23:06:01,282 tracking: rect=(23, 18, 1447, 1132) overlay_visible=True
2026-08-14 23:06:01,391 tracking: rect=(23, 18, 1447, 1132) overlay_visible=True
2026-08-14 23:06:01,499 tracking: rect=(23, 18, 1447, 1132) overlay_visible=True
2026-08-14 23:06:01,609 tracking: rect=(23, 18, 1447, 1132) overlay_visible=True
2026-08-14 23:06:01,718 tracking: rect=(23, 18, 1447, 1132) overlay_visible=True
2026-08-14 23:06:01,819 tracking: rect=(23, 18, 1447, 1132) overlay_visible=True
2026-08-14 23:06:01,919 tracking: rect=(23, 18, 1447, 1132) overlay_visible=True
2026-08-14 23:06:02,019 tracking: rect=(23, 18, 1447, 1132) overlay_visible=True
2026-08-14 23:06:02,122 tracking: rect=(23, 18, 1447, 1132) overlay_visible=True
2026-08-14 23:06:02,229 tracking: rect=(23, 18, 1447, 1132) overlay_visible=True
2026-08-14 23:06:02,338 tracking: rect=(23, 18, 1447, 1132) overlay_visible=True
2026-08-14 23:06:02,447 tracking: rect=(23, 18, 1447, 1132) overlay_visible=True
2026-08-14 23:06:02,557 tracking: rect=(23, 18, 1447, 1132) overlay_visible=True
2026-08-14 23:06:02,666 tracking: rect=(23, 18, 1447, 1132) overlay_visible=True
2026-08-14 23:06:02,774 tracking: rect=(23, 18, 1447, 1132) overlay_visible=True
2026-08-14 23:06:02,882 tracking: rect=(23, 18, 1447, 1132) overlay_visible=True
2026-08-14 23:06:02,993 tracking: rect=(23, 18, 1447, 1132) overlay_visible=True
2026-08-14 23:06:03,103 tracking: rect=(23, 18, 1447, 1132) overlay_visible=True
2026-08-14 23:06:03,212 tracking: rect=(23, 18, 1447, 1132) overlay_visible=True
2026-08-14 23:06:03,321 tracking: rect=(23, 18, 1447, 1132) overlay_visible=True
2026-08-14 23:06:03,430 tracking: rect=(23, 18, 1447, 1132) overlay_visible=True
2026-08-14 23:06:03,540 tracking: rect=(23, 18, 1447, 1132) overlay_visible=True
2026-08-14 23:06:03,634 left click mode=idle at (2001,246)
2026-08-14 23:06:03,650 tracking: rect=(23, 18, 1447, 1132) overlay_visible=True
2026-08-14 23:06:03,738 tracking: rect=(23, 18, 1447, 1132) overlay_visible=True
2026-08-14 23:06:03,758 tracking: rect=(23, 18, 1447, 1132) overlay_visible=True
2026-08-14 23:06:03,868 tracking: rect=(23, 18, 1447, 1132) overlay_visible=True
2026-08-14 23:06:03,977 tracking: rect=(23, 18, 1447, 1132) overlay_visible=True
2026-08-14 23:06:04,085 tracking: rect=(23, 18, 1447, 1132) overlay_visible=True
2026-08-14 23:06:04,194 tracking: rect=(23, 18, 1447, 1132) overlay_visible=True
2026-08-14 23:06:04,303 tracking: rect=(23, 18, 1447, 1132) overlay_visible=True
2026-08-14 23:06:04,412 tracking: rect=(23, 18, 1447, 1132) overlay_visible=True
2026-08-14 23:06:04,521 tracking: rect=(23, 18, 1447, 1132) overlay_visible=True
2026-08-14 23:06:04,630 tracking: rect=(23, 18, 1447, 1132) overlay_visible=True
2026-08-14 23:06:04,741 tracking: rect=(23, 18, 1447, 1132) overlay_visible=True
2026-08-14 23:06:04,850 tracking: rect=(23, 18, 1447, 1132) overlay_visible=True
2026-08-14 23:06:04,958 tracking: rect=(23, 18, 1447, 1132) overlay_visible=True
2026-08-14 23:06:05,067 tracking: rect=(23, 18, 1447, 1132) overlay_visible=True
2026-08-14 23:06:05,176 tracking: rect=(23, 18, 1447, 1132) overlay_visible=True
2026-08-14 23:06:05,285 tracking: rect=(23, 18, 1447, 1132) overlay_visible=True
2026-08-14 23:06:05,385 tracking: rect=(23, 18, 1447, 1132) overlay_visible=True
2026-08-14 23:06:05,485 tracking: rect=(23, 18, 1447, 1132) overlay_visible=True
2026-08-14 23:06:05,587 tracking: rect=(23, 18, 1447, 1132) overlay_visible=True
2026-08-14 23:06:05,692 tracking: rect=(23, 18, 1447, 1132) overlay_visible=True
2026-08-14 23:06:05,801 tracking: rect=(23, 18, 1447, 1132) overlay_visible=True
2026-08-14 23:06:05,902 tracking: rect=(23, 18, 1447, 1132) overlay_visible=True
2026-08-14 23:06:06,003 tracking: rect=(23, 18, 1447, 1132) overlay_visible=True
2026-08-14 23:06:06,113 tracking: rect=(23, 18, 1447, 1132) overlay_visible=True
2026-08-14 23:06:06,214 tracking: rect=(23, 18, 1447, 1132) overlay_visible=True
2026-08-14 23:06:06,317 tracking: rect=(23, 18, 1447, 1132) overlay_visible=True
2026-08-14 23:06:06,428 tracking: rect=(23, 18, 1447, 1132) overlay_visible=True
2026-08-14 23:06:06,538 tracking: rect=(23, 18, 1447, 1132) overlay_visible=True
2026-08-14 23:06:06,646 tracking: rect=(23, 18, 1447, 1132) overlay_visible=True
2026-08-14 23:06:06,768 tracking: rect=(23, 18, 1447, 1132) overlay_visible=True
2026-08-14 23:06:06,877 tracking: rect=(23, 18, 1447, 1132) overlay_visible=True
2026-08-14 23:06:06,986 tracking: rect=(23, 18, 1447, 1132) overlay_visible=True
2026-08-14 23:06:07,095 tracking: rect=(23, 18, 1447, 1132) overlay_visible=True
2026-08-14 23:06:07,205 tracking: rect=(23, 18, 1447, 1132) overlay_visible=True
2026-08-14 23:06:07,313 tracking: rect=(23, 18, 1447, 1132) overlay_visible=True
2026-08-14 23:06:07,421 tracking: rect=(23, 18, 1447, 1132) overlay_visible=True
2026-08-14 23:06:07,530 tracking: rect=(23, 18, 1447, 1132) overlay_visible=True
2026-08-14 23:06:07,640 tracking: rect=(23, 18, 1447, 1132) overlay_visible=True
2026-08-14 23:06:07,748 tracking: rect=(23, 18, 1447, 1132) overlay_visible=True
2026-08-14 23:06:07,858 tracking: rect=(23, 18, 1447, 1132) overlay_visible=True
2026-08-14 23:06:07,967 tracking: rect=(23, 18, 1447, 1132) overlay_visible=True
2026-08-14 23:06:08,076 tracking: rect=(23, 18, 1447, 1132) overlay_visible=True
2026-08-14 23:06:08,184 tracking: rect=(23, 18, 1447, 1132) overlay_visible=True
2026-08-14 23:06:08,295 tracking: rect=(23, 18, 1447, 1132) overlay_visible=True
2026-08-14 23:06:08,403 tracking: rect=(23, 18, 1447, 1132) overlay_visible=True
2026-08-14 23:06:08,512 tracking: rect=(23, 18, 1447, 1132) overlay_visible=True
2026-08-14 23:06:08,620 tracking: rect=(23, 18, 1447, 1132) overlay_visible=True
2026-08-14 23:06:08,723 tracking: rect=(23, 18, 1447, 1132) overlay_visible=True
2026-08-14 23:06:08,824 tracking: rect=(23, 18, 1447, 1132) overlay_visible=True
2026-08-14 23:06:08,934 tracking: rect=(23, 18, 1447, 1132) overlay_visible=True
2026-08-14 23:06:09,042 tracking: rect=(23, 18, 1447, 1132) overlay_visible=True
2026-08-14 23:06:09,150 tracking: rect=(23, 18, 1447, 1132) overlay_visible=True
2026-08-14 23:06:09,259 tracking: rect=(23, 18, 1447, 1132) overlay_visible=True
2026-08-14 23:06:09,370 tracking: rect=(23, 18, 1447, 1132) overlay_visible=True
2026-08-14 23:06:09,479 tracking: rect=(23, 18, 1447, 1132) overlay_visible=True
2026-08-14 23:06:09,590 tracking: rect=(23, 18, 1447, 1132) overlay_visible=True
2026-08-14 23:06:09,699 tracking: rect=(23, 18, 1447, 1132) overlay_visible=True
2026-08-14 23:06:09,810 tracking: rect=(23, 18, 1447, 1132) overlay_visible=True
2026-08-14 23:06:09,919 tracking: rect=(23, 18, 1447, 1132) overlay_visible=True
2026-08-14 23:06:10,028 tracking: rect=(23, 18, 1447, 1132) overlay_visible=True
2026-08-14 23:06:10,137 tracking: rect=(23, 18, 1447, 1132) overlay_visible=True
2026-08-14 23:06:10,246 tracking: rect=(23, 18, 1447, 1132) overlay_visible=True
2026-08-14 23:06:10,356 tracking: rect=(23, 18, 1447, 1132) overlay_visible=True
2026-08-14 23:06:10,466 tracking: rect=(23, 18, 1447, 1132) overlay_visible=True
2026-08-14 23:06:10,573 tracking: rect=(23, 18, 1447, 1132) overlay_visible=True
2026-08-14 23:06:10,682 tracking: rect=(23, 18, 1447, 1132) overlay_visible=True
2026-08-14 23:06:10,792 tracking: rect=(23, 18, 1447, 1132) overlay_visible=True
2026-08-14 23:06:10,902 tracking: rect=(23, 18, 1447, 1132) overlay_visible=True
2026-08-14 23:06:11,011 tracking: rect=(23, 18, 1447, 1132) overlay_visible=True
2026-08-14 23:06:11,121 tracking: rect=(23, 18, 1447, 1132) overlay_visible=True
2026-08-14 23:06:11,229 tracking: rect=(23, 18, 1447, 1132) overlay_visible=True
2026-08-14 23:06:11,338 tracking: rect=(23, 18, 1447, 1132) overlay_visible=True
2026-08-14 23:06:11,447 tracking: rect=(23, 18, 1447, 1132) overlay_visible=True
2026-08-14 23:06:11,556 tracking: rect=(23, 18, 1447, 1132) overlay_visible=True
2026-08-14 23:06:11,665 tracking: rect=(23, 18, 1447, 1132) overlay_visible=True
2026-08-14 23:06:11,773 tracking: rect=(23, 18, 1447, 1132) overlay_visible=True
2026-08-14 23:06:11,882 tracking: rect=(23, 18, 1447, 1132) overlay_visible=True
2026-08-14 23:06:11,983 tracking: rect=(23, 18, 1447, 1132) overlay_visible=True
2026-08-14 23:06:12,084 tracking: rect=(23, 18, 1447, 1132) overlay_visible=True
2026-08-14 23:06:12,193 tracking: rect=(23, 18, 1447, 1132) overlay_visible=True
2026-08-14 23:06:12,298 tracking: rect=(23, 18, 1447, 1132) overlay_visible=True
2026-08-14 23:06:12,399 tracking: rect=(23, 18, 1447, 1132) overlay_visible=True
2026-08-14 23:06:12,499 tracking: rect=(23, 18, 1447, 1132) overlay_visible=True
2026-08-14 23:06:12,602 tracking: rect=(23, 18, 1447, 1132) overlay_visible=True
2026-08-14 23:06:12,710 tracking: rect=(23, 18, 1447, 1132) overlay_visible=True
2026-08-14 23:06:12,820 tracking: rect=(23, 18, 1447, 1132) overlay_visible=True
2026-08-14 23:06:12,920 tracking: rect=(23, 18, 1447, 1132) overlay_visible=True
2026-08-14 23:06:13,020 tracking: rect=(23, 18, 1447, 1132) overlay_visible=True
2026-08-14 23:06:13,121 tracking: rect=(23, 18, 1447, 1132) overlay_visible=True
2026-08-14 23:06:13,221 tracking: rect=(23, 18, 1447, 1132) overlay_visible=True
2026-08-14 23:06:13,321 tracking: rect=(23, 18, 1447, 1132) overlay_visible=True
2026-08-14 23:06:13,411 left click mode=judgement at (2327,277)
2026-08-14 23:06:13,427 tracking: rect=(23, 18, 1447, 1132) overlay_visible=True
2026-08-14 23:06:13,536 tracking: rect=(23, 18, 1447, 1132) overlay_visible=True
2026-08-14 23:06:13,646 tracking: rect=(23, 18, 1447, 1132) overlay_visible=True
2026-08-14 23:06:13,756 tracking: rect=(23, 18, 1447, 1132) overlay_visible=True
2026-08-14 23:06:13,856 tracking: rect=(23, 18, 1447, 1132) overlay_visible=True
2026-08-14 23:06:13,957 tracking: rect=(23, 18, 1447, 1132) overlay_visible=True
2026-08-14 23:06:14,057 tracking: rect=(23, 18, 1447, 1132) overlay_visible=True
2026-08-14 23:06:14,158 tracking: rect=(23, 18, 1447, 1132) overlay_visible=True
2026-08-14 23:06:14,259 tracking: rect=(23, 18, 1447, 1132) overlay_visible=True
2026-08-14 23:06:14,367 tracking: rect=(23, 18, 1447, 1132) overlay_visible=True
2026-08-14 23:06:14,477 tracking: rect=(23, 18, 1447, 1132) overlay_visible=True
2026-08-14 23:06:14,583 tracking: rect=(23, 18, 1447, 1132) overlay_visible=True
2026-08-14 23:06:14,693 tracking: rect=(23, 18, 1447, 1132) overlay_visible=True
2026-08-14 23:06:14,801 tracking: rect=(23, 18, 1447, 1132) overlay_visible=True
2026-08-14 23:06:14,910 tracking: rect=(23, 18, 1447, 1132) overlay_visible=True
2026-08-14 23:06:15,018 tracking: rect=(23, 18, 1447, 1132) overlay_visible=True
2026-08-14 23:06:15,118 tracking: rect=(23, 18, 1447, 1132) overlay_visible=True
2026-08-14 23:06:15,218 tracking: rect=(23, 18, 1447, 1132) overlay_visible=True
2026-08-14 23:06:15,319 tracking: rect=(23, 18, 1447, 1132) overlay_visible=True
2026-08-14 23:06:15,420 tracking: rect=(23, 18, 1447, 1132) overlay_visible=True
2026-08-14 23:06:15,521 tracking: rect=(23, 18, 1447, 1132) overlay_visible=True
2026-08-14 23:06:15,624 tracking: rect=(23, 18, 1447, 1132) overlay_visible=True
2026-08-14 23:06:15,671 left click mode=judgement at (2337,461)
2026-08-14 23:06:15,735 tracking: rect=(23, 18, 1447, 1132) overlay_visible=True
2026-08-14 23:06:15,844 tracking: rect=(23, 18, 1447, 1132) overlay_visible=True
2026-08-14 23:06:15,954 tracking: rect=(23, 18, 1447, 1132) overlay_visible=True
2026-08-14 23:06:16,054 tracking: rect=(23, 18, 1447, 1132) overlay_visible=True
2026-08-14 23:06:16,155 tracking: rect=(23, 18, 1447, 1132) overlay_visible=True
2026-08-14 23:06:16,263 tracking: rect=(23, 18, 1447, 1132) overlay_visible=True
2026-08-14 23:06:16,371 tracking: rect=(23, 18, 1447, 1132) overlay_visible=True
2026-08-14 23:06:16,482 tracking: rect=(23, 18, 1447, 1132) overlay_visible=True
2026-08-14 23:06:16,590 tracking: rect=(23, 18, 1447, 1132) overlay_visible=True
2026-08-14 23:06:16,700 tracking: rect=(23, 18, 1447, 1132) overlay_visible=True
2026-08-14 23:06:16,809 tracking: rect=(23, 18, 1447, 1132) overlay_visible=True
2026-08-14 23:06:16,918 tracking: rect=(23, 18, 1447, 1132) overlay_visible=True
2026-08-14 23:06:17,027 tracking: rect=(23, 18, 1447, 1132) overlay_visible=True
2026-08-14 23:06:17,136 tracking: rect=(23, 18, 1447, 1132) overlay_visible=True
2026-08-14 23:06:17,245 tracking: rect=(23, 18, 1447, 1132) overlay_visible=True
2026-08-14 23:06:17,354 tracking: rect=(23, 18, 1447, 1132) overlay_visible=True
2026-08-14 23:06:17,463 tracking: rect=(23, 18, 1447, 1132) overlay_visible=True
2026-08-14 23:06:17,568 tracking: rect=(23, 18, 1447, 1132) overlay_visible=True
2026-08-14 23:06:17,682 tracking: rect=(23, 18, 1447, 1132) overlay_visible=True
2026-08-14 23:06:17,790 tracking: rect=(23, 18, 1447, 1132) overlay_visible=True
2026-08-14 23:06:17,899 tracking: rect=(23, 18, 1447, 1132) overlay_visible=True
2026-08-14 23:06:18,008 tracking: rect=(23, 18, 1447, 1132) overlay_visible=True
2026-08-14 23:06:18,117 tracking: rect=(23, 18, 1447, 1132) overlay_visible=True
2026-08-14 23:06:18,227 tracking: rect=(23, 18, 1447, 1132) overlay_visible=True
2026-08-14 23:06:18,335 tracking: rect=(23, 18, 1447, 1132) overlay_visible=True
2026-08-14 23:06:18,444 tracking: rect=(23, 18, 1447, 1132) overlay_visible=True
2026-08-14 23:06:18,552 tracking: rect=(23, 18, 1447, 1132) overlay_visible=True
2026-08-14 23:06:18,662 tracking: rect=(23, 18, 1447, 1132) overlay_visible=True
2026-08-14 23:06:18,771 tracking: rect=(23, 18, 1447, 1132) overlay_visible=True
2026-08-14 23:06:18,882 tracking: rect=(23, 18, 1447, 1132) overlay_visible=True
2026-08-14 23:06:18,992 tracking: rect=(23, 18, 1447, 1132) overlay_visible=True
2026-08-14 23:06:19,101 tracking: rect=(23, 18, 1447, 1132) overlay_visible=True
2026-08-14 23:06:19,209 tracking: rect=(23, 18, 1447, 1132) overlay_visible=True
2026-08-14 23:06:19,320 tracking: rect=(23, 18, 1447, 1132) overlay_visible=True
2026-08-14 23:06:19,428 tracking: rect=(23, 18, 1447, 1132) overlay_visible=True
2026-08-14 23:06:19,536 tracking: rect=(23, 18, 1447, 1132) overlay_visible=True
2026-08-14 23:06:19,642 tracking: rect=(23, 18, 1447, 1132) overlay_visible=True
2026-08-14 23:06:19,754 tracking: rect=(23, 18, 1447, 1132) overlay_visible=True
2026-08-14 23:06:19,864 tracking: rect=(23, 18, 1447, 1132) overlay_visible=True
2026-08-14 23:06:19,974 tracking: rect=(23, 18, 1447, 1132) overlay_visible=True
2026-08-14 23:06:20,083 tracking: rect=(23, 18, 1447, 1132) overlay_visible=True
2026-08-14 23:06:20,192 tracking: rect=(23, 18, 1447, 1132) overlay_visible=True
2026-08-14 23:06:20,301 tracking: rect=(23, 18, 1447, 1132) overlay_visible=True
2026-08-14 23:06:20,409 tracking: rect=(23, 18, 1447, 1132) overlay_visible=True
2026-08-14 23:06:20,517 tracking: rect=(23, 18, 1447, 1132) overlay_visible=True
2026-08-14 23:06:20,629 tracking: rect=(23, 18, 1447, 1132) overlay_visible=True
2026-08-14 23:06:20,739 tracking: rect=(23, 18, 1447, 1132) overlay_visible=True
2026-08-14 23:06:20,847 tracking: rect=(23, 18, 1447, 1132) overlay_visible=True
2026-08-14 23:06:20,956 tracking: rect=(23, 18, 1447, 1132) overlay_visible=True
2026-08-14 23:06:21,066 tracking: rect=(23, 18, 1447, 1132) overlay_visible=True
2026-08-14 23:06:21,175 tracking: rect=(23, 18, 1447, 1132) overlay_visible=True
2026-08-14 23:06:21,281 tracking: rect=(23, 18, 1447, 1132) overlay_visible=True
2026-08-14 23:06:21,390 tracking: rect=(23, 18, 1447, 1132) overlay_visible=True
2026-08-14 23:06:21,491 tracking: rect=(23, 18, 1447, 1132) overlay_visible=True
2026-08-14 23:06:21,592 tracking: rect=(23, 18, 1447, 1132) overlay_visible=True
2026-08-14 23:06:21,701 tracking: rect=(23, 18, 1447, 1132) overlay_visible=True
2026-08-14 23:06:21,810 tracking: rect=(23, 18, 1447, 1132) overlay_visible=True
2026-08-14 23:06:21,910 tracking: rect=(23, 18, 1447, 1132) overlay_visible=True
2026-08-14 23:06:22,010 tracking: rect=(23, 18, 1447, 1132) overlay_visible=True
2026-08-14 23:06:22,111 tracking: rect=(23, 18, 1447, 1132) overlay_visible=True
2026-08-14 23:06:22,215 tracking: rect=(23, 18, 1447, 1132) overlay_visible=True
2026-08-14 23:06:22,321 tracking: rect=(23, 18, 1447, 1132) overlay_visible=True
2026-08-14 23:06:22,424 tracking: rect=(23, 18, 1447, 1132) overlay_visible=True
2026-08-14 23:06:22,527 tracking: rect=(23, 18, 1447, 1132) overlay_visible=True
2026-08-14 23:06:22,632 tracking: rect=(23, 18, 1447, 1132) overlay_visible=True
2026-08-14 23:06:22,733 tracking: rect=(23, 18, 1447, 1132) overlay_visible=True
2026-08-14 23:06:22,833 tracking: rect=(23, 18, 1447, 1132) overlay_visible=True
2026-08-14 23:06:22,934 tracking: rect=(23, 18, 1447, 1132) overlay_visible=True
2026-08-14 23:06:23,042 tracking: rect=(23, 18, 1447, 1132) overlay_visible=True
2026-08-14 23:06:23,152 tracking: rect=(23, 18, 1447, 1132) overlay_visible=True
2026-08-14 23:06:23,260 tracking: rect=(23, 18, 1447, 1132) overlay_visible=True
2026-08-14 23:06:23,370 tracking: rect=(23, 18, 1447, 1132) overlay_visible=True
2026-08-14 23:06:23,480 tracking: rect=(23, 18, 1447, 1132) overlay_visible=True
2026-08-14 23:06:23,588 tracking: rect=(23, 18, 1447, 1132) overlay_visible=True
2026-08-14 23:06:23,697 tracking: rect=(23, 18, 1447, 1132) overlay_visible=True
2026-08-14 23:06:23,808 tracking: rect=(23, 18, 1447, 1132) overlay_visible=True
2026-08-14 23:06:23,918 tracking: rect=(23, 18, 1447, 1132) overlay_visible=True
2026-08-14 23:06:24,027 tracking: rect=(23, 18, 1447, 1132) overlay_visible=True
2026-08-14 23:06:24,134 tracking: rect=(23, 18, 1447, 1132) overlay_visible=True
2026-08-14 23:06:24,244 tracking: rect=(23, 18, 1447, 1132) overlay_visible=True
2026-08-14 23:06:24,353 tracking: rect=(23, 18, 1447, 1132) overlay_visible=True
2026-08-14 23:06:24,463 tracking: rect=(23, 18, 1447, 1132) overlay_visible=True
2026-08-14 23:06:24,570 tracking: rect=(23, 18, 1447, 1132) overlay_visible=True
2026-08-14 23:06:24,670 tracking: rect=(23, 18, 1447, 1132) overlay_visible=True
2026-08-14 23:06:24,771 tracking: rect=(23, 18, 1447, 1132) overlay_visible=True
2026-08-14 23:06:24,871 tracking: rect=(23, 18, 1447, 1132) overlay_visible=True
2026-08-14 23:06:24,978 tracking: rect=(23, 18, 1447, 1132) overlay_visible=True
2026-08-14 23:06:25,087 tracking: rect=(23, 18, 1447, 1132) overlay_visible=True
2026-08-14 23:06:25,198 tracking: rect=(23, 18, 1447, 1132) overlay_visible=True
2026-08-14 23:06:25,308 tracking: rect=(23, 18, 1447, 1132) overlay_visible=True
2026-08-14 23:06:25,323 left click mode=judgement at (1860,249)
2026-08-14 23:06:25,418 tracking: rect=(23, 18, 1447, 1132) overlay_visible=True
2026-08-14 23:06:25,527 tracking: rect=(23, 18, 1447, 1132) overlay_visible=True
2026-08-14 23:06:25,635 tracking: rect=(23, 18, 1447, 1132) overlay_visible=True
2026-08-14 23:06:25,743 tracking: rect=(23, 18, 1447, 1132) overlay_visible=True
2026-08-14 23:06:25,852 tracking: rect=(23, 18, 1447, 1132) overlay_visible=True
2026-08-14 23:06:25,961 tracking: rect=(23, 18, 1447, 1132) overlay_visible=True
2026-08-14 23:06:26,069 tracking: rect=(23, 18, 1447, 1132) overlay_visible=True
2026-08-14 23:06:26,178 tracking: rect=(23, 18, 1447, 1132) overlay_visible=True
2026-08-14 23:06:26,285 tracking: rect=(23, 18, 1447, 1132) overlay_visible=True
2026-08-14 23:06:26,393 tracking: rect=(23, 18, 1447, 1132) overlay_visible=True
2026-08-14 23:06:26,494 tracking: rect=(23, 18, 1447, 1132) overlay_visible=True
2026-08-14 23:06:26,597 tracking: rect=(23, 18, 1447, 1132) overlay_visible=True
2026-08-14 23:06:26,707 tracking: rect=(23, 18, 1447, 1132) overlay_visible=True
2026-08-14 23:06:26,817 tracking: rect=(23, 18, 1447, 1132) overlay_visible=True
2026-08-14 23:06:26,927 tracking: rect=(23, 18, 1447, 1132) overlay_visible=True
2026-08-14 23:06:27,036 tracking: rect=(23, 18, 1447, 1132) overlay_visible=True
2026-08-14 23:06:27,146 tracking: rect=(23, 18, 1447, 1132) overlay_visible=True
2026-08-14 23:06:27,253 tracking: rect=(23, 18, 1447, 1132) overlay_visible=True
2026-08-14 23:06:27,362 tracking: rect=(23, 18, 1447, 1132) overlay_visible=True
2026-08-14 23:06:27,471 tracking: rect=(23, 18, 1447, 1132) overlay_visible=True
2026-08-14 23:06:27,581 tracking: rect=(23, 18, 1447, 1132) overlay_visible=True
2026-08-14 23:06:27,680 tracking: rect=(23, 18, 1447, 1132) overlay_visible=True
2026-08-14 23:06:27,781 tracking: rect=(23, 18, 1447, 1132) overlay_visible=True
2026-08-14 23:06:27,892 tracking: rect=(23, 18, 1447, 1132) overlay_visible=True
2026-08-14 23:06:27,992 tracking: rect=(23, 18, 1447, 1132) overlay_visible=True
2026-08-14 23:06:28,093 tracking: rect=(23, 18, 1447, 1132) overlay_visible=True
2026-08-14 23:06:28,206 tracking: rect=(23, 18, 1447, 1132) overlay_visible=True
2026-08-14 23:06:28,317 tracking: rect=(23, 18, 1447, 1132) overlay_visible=True
2026-08-14 23:06:28,427 tracking: rect=(23, 18, 1447, 1132) overlay_visible=True
2026-08-14 23:06:28,536 tracking: rect=(23, 18, 1447, 1132) overlay_visible=True
2026-08-14 23:06:28,645 tracking: rect=(23, 18, 1447, 1132) overlay_visible=True
2026-08-14 23:06:28,754 tracking: rect=(23, 18, 1447, 1132) overlay_visible=True
2026-08-14 23:06:28,863 tracking: rect=(23, 18, 1447, 1132) overlay_visible=True
2026-08-14 23:06:28,972 tracking: rect=(23, 18, 1447, 1132) overlay_visible=True
2026-08-14 23:06:29,080 tracking: rect=(23, 18, 1447, 1132) overlay_visible=True
2026-08-14 23:06:29,190 tracking: rect=(23, 18, 1447, 1132) overlay_visible=True
2026-08-14 23:06:29,298 tracking: rect=(23, 18, 1447, 1132) overlay_visible=True
2026-08-14 23:06:29,408 tracking: rect=(23, 18, 1447, 1132) overlay_visible=True
2026-08-14 23:06:29,510 tracking: rect=(23, 18, 1447, 1132) overlay_visible=True
2026-08-14 23:06:29,612 tracking: rect=(23, 18, 1447, 1132) overlay_visible=True
2026-08-14 23:06:29,722 tracking: rect=(23, 18, 1447, 1132) overlay_visible=True
2026-08-14 23:06:29,830 tracking: rect=(23, 18, 1447, 1132) overlay_visible=True
2026-08-14 23:06:29,940 tracking: rect=(23, 18, 1447, 1132) overlay_visible=True
2026-08-14 23:06:30,048 tracking: rect=(23, 18, 1447, 1132) overlay_visible=True
2026-08-14 23:06:30,156 tracking: rect=(23, 18, 1447, 1132) overlay_visible=True
2026-08-14 23:06:30,264 tracking: rect=(23, 18, 1447, 1132) overlay_visible=True
2026-08-14 23:06:30,372 tracking: rect=(23, 18, 1447, 1132) overlay_visible=True
2026-08-14 23:06:30,481 tracking: rect=(23, 18, 1447, 1132) overlay_visible=True
2026-08-14 23:06:30,591 tracking: rect=(23, 18, 1447, 1132) overlay_visible=True
2026-08-14 23:06:30,701 tracking: rect=(23, 18, 1447, 1132) overlay_visible=True
2026-08-14 23:06:30,809 tracking: rect=(23, 18, 1447, 1132) overlay_visible=True
2026-08-14 23:06:30,919 tracking: rect=(23, 18, 1447, 1132) overlay_visible=True
2026-08-14 23:06:31,028 tracking: rect=(23, 18, 1447, 1132) overlay_visible=True
2026-08-14 23:06:31,137 tracking: rect=(23, 18, 1447, 1132) overlay_visible=True
2026-08-14 23:06:31,245 tracking: rect=(23, 18, 1447, 1132) overlay_visible=True
2026-08-14 23:06:31,354 tracking: rect=(23, 18, 1447, 1132) overlay_visible=True
2026-08-14 23:06:31,461 tracking: rect=(23, 18, 1447, 1132) overlay_visible=True
2026-08-14 23:06:31,570 tracking: rect=(23, 18, 1447, 1132) overlay_visible=True
2026-08-14 23:06:31,680 tracking: rect=(23, 18, 1447, 1132) overlay_visible=True
2026-08-14 23:06:31,788 tracking: rect=(23, 18, 1447, 1132) overlay_visible=True
2026-08-14 23:06:31,897 tracking: rect=(23, 18, 1447, 1132) overlay_visible=True
2026-08-14 23:06:32,007 tracking: rect=(23, 18, 1447, 1132) overlay_visible=True
2026-08-14 23:06:32,115 tracking: rect=(23, 18, 1447, 1132) overlay_visible=True
2026-08-14 23:06:32,224 tracking: rect=(23, 18, 1447, 1132) overlay_visible=True
2026-08-14 23:06:32,335 tracking: rect=(23, 18, 1447, 1132) overlay_visible=True
2026-08-14 23:06:32,442 tracking: rect=(23, 18, 1447, 1132) overlay_visible=True
2026-08-14 23:06:32,552 tracking: rect=(23, 18, 1447, 1132) overlay_visible=True
2026-08-14 23:06:32,660 tracking: rect=(23, 18, 1447, 1132) overlay_visible=True
2026-08-14 23:06:32,770 tracking: rect=(23, 18, 1447, 1132) overlay_visible=True
2026-08-14 23:06:32,879 tracking: rect=(23, 18, 1447, 1132) overlay_visible=True
2026-08-14 23:06:32,988 tracking: rect=(23, 18, 1447, 1132) overlay_visible=True
2026-08-14 23:06:33,097 tracking: rect=(23, 18, 1447, 1132) overlay_visible=True
2026-08-14 23:06:33,207 tracking: rect=(23, 18, 1447, 1132) overlay_visible=True
2026-08-14 23:06:33,317 tracking: rect=(23, 18, 1447, 1132) overlay_visible=True
2026-08-14 23:06:33,426 tracking: rect=(23, 18, 1447, 1132) overlay_visible=True
2026-08-14 23:06:33,535 tracking: rect=(23, 18, 1447, 1132) overlay_visible=True
2026-08-14 23:06:33,645 tracking: rect=(23, 18, 1447, 1132) overlay_visible=True
2026-08-14 23:06:33,753 tracking: rect=(23, 18, 1447, 1132) overlay_visible=True
2026-08-14 23:06:33,863 tracking: rect=(23, 18, 1447, 1132) overlay_visible=True
2026-08-14 23:06:33,973 tracking: rect=(23, 18, 1447, 1132) overlay_visible=True
2026-08-14 23:06:34,081 tracking: rect=(23, 18, 1447, 1132) overlay_visible=True
2026-08-14 23:06:34,189 tracking: rect=(23, 18, 1447, 1132) overlay_visible=True
2026-08-14 23:06:34,300 tracking: rect=(23, 18, 1447, 1132) overlay_visible=True
2026-08-14 23:06:34,408 tracking: rect=(23, 18, 1447, 1132) overlay_visible=True
2026-08-14 23:06:34,518 tracking: rect=(23, 18, 1447, 1132) overlay_visible=True
2026-08-14 23:06:34,626 tracking: rect=(23, 18, 1447, 1132) overlay_visible=True
2026-08-14 23:06:34,735 tracking: rect=(23, 18, 1447, 1132) overlay_visible=True
2026-08-14 23:06:34,843 tracking: rect=(23, 18, 1447, 1132) overlay_visible=True
2026-08-14 23:06:34,952 tracking: rect=(23, 18, 1447, 1132) overlay_visible=True
2026-08-14 23:06:35,053 tracking: rect=(23, 18, 1447, 1132) overlay_visible=True
2026-08-14 23:06:35,155 tracking: rect=(23, 18, 1447, 1132) overlay_visible=True
2026-08-14 23:06:35,265 tracking: rect=(23, 18, 1447, 1132) overlay_visible=True
2026-08-14 23:06:35,374 tracking: rect=(23, 18, 1447, 1132) overlay_visible=True
2026-08-14 23:06:35,484 tracking: rect=(23, 18, 1447, 1132) overlay_visible=True
2026-08-14 23:06:35,593 tracking: rect=(23, 18, 1447, 1132) overlay_visible=True
2026-08-14 23:06:35,702 tracking: rect=(23, 18, 1447, 1132) overlay_visible=True
2026-08-14 23:06:35,811 tracking: rect=(23, 18, 1447, 1132) overlay_visible=True
2026-08-14 23:06:35,920 tracking: rect=(23, 18, 1447, 1132) overlay_visible=True
2026-08-14 23:06:36,028 tracking: rect=(23, 18, 1447, 1132) overlay_visible=True
2026-08-14 23:06:36,136 tracking: rect=(23, 18, 1447, 1132) overlay_visible=True
2026-08-14 23:06:36,245 tracking: rect=(23, 18, 1447, 1132) overlay_visible=True
2026-08-14 23:06:36,354 tracking: rect=(23, 18, 1447, 1132) overlay_visible=True
2026-08-14 23:06:36,463 tracking: rect=(23, 18, 1447, 1132) overlay_visible=True
2026-08-14 23:06:36,574 tracking: rect=(23, 18, 1447, 1132) overlay_visible=True
2026-08-14 23:06:36,683 tracking: rect=(23, 18, 1447, 1132) overlay_visible=True
2026-08-14 23:06:36,793 tracking: rect=(23, 18, 1447, 1132) overlay_visible=True
2026-08-14 23:06:36,902 tracking: rect=(23, 18, 1447, 1132) overlay_visible=True
2026-08-14 23:06:37,010 tracking: rect=(23, 18, 1447, 1132) overlay_visible=True
2026-08-14 23:06:37,118 tracking: rect=(23, 18, 1447, 1132) overlay_visible=True
2026-08-14 23:06:37,228 tracking: rect=(23, 18, 1447, 1132) overlay_visible=True
2026-08-14 23:06:37,337 tracking: rect=(23, 18, 1447, 1132) overlay_visible=True
2026-08-14 23:06:37,445 tracking: rect=(23, 18, 1447, 1132) overlay_visible=True
2026-08-14 23:06:37,555 tracking: rect=(23, 18, 1447, 1132) overlay_visible=True
2026-08-14 23:06:37,665 tracking: rect=(23, 18, 1447, 1132) overlay_visible=True
2026-08-14 23:06:37,774 tracking: rect=(23, 18, 1447, 1132) overlay_visible=True
2026-08-14 23:06:37,884 tracking: rect=(23, 18, 1447, 1132) overlay_visible=True
2026-08-14 23:06:37,994 tracking: rect=(23, 18, 1447, 1132) overlay_visible=True
2026-08-14 23:06:38,104 tracking: rect=(23, 18, 1447, 1132) overlay_visible=True
2026-08-14 23:06:38,213 tracking: rect=(23, 18, 1447, 1132) overlay_visible=True
2026-08-14 23:06:38,323 tracking: rect=(23, 18, 1447, 1132) overlay_visible=True
2026-08-14 23:06:38,432 tracking: rect=(23, 18, 1447, 1132) overlay_visible=True
2026-08-14 23:06:38,531 tracking: rect=(23, 18, 1447, 1132) overlay_visible=True
2026-08-14 23:06:38,635 tracking: rect=(23, 18, 1447, 1132) overlay_visible=True
2026-08-14 23:06:38,735 tracking: rect=(23, 18, 1447, 1132) overlay_visible=True
2026-08-14 23:06:38,835 tracking: rect=(23, 18, 1447, 1132) overlay_visible=True
2026-08-14 23:06:38,935 tracking: rect=(23, 18, 1447, 1132) overlay_visible=True
2026-08-14 23:06:39,036 tracking: rect=(23, 18, 1447, 1132) overlay_visible=True
2026-08-14 23:06:39,138 tracking: rect=(23, 18, 1447, 1132) overlay_visible=True
2026-08-14 23:06:39,240 tracking: rect=(23, 18, 1447, 1132) overlay_visible=True
2026-08-14 23:06:39,342 tracking: rect=(23, 18, 1447, 1132) overlay_visible=True
2026-08-14 23:06:39,434 left click mode=judgement at (1811,244)
2026-08-14 23:06:39,449 tracking: rect=(23, 18, 1447, 1132) overlay_visible=True
2026-08-14 23:06:39,552 tracking: rect=(23, 18, 1447, 1132) overlay_visible=True
2026-08-14 23:06:39,667 tracking: rect=(23, 18, 1447, 1132) overlay_visible=True
2026-08-14 23:06:39,777 tracking: rect=(23, 18, 1447, 1132) overlay_visible=True
2026-08-14 23:06:39,887 tracking: rect=(23, 18, 1447, 1132) overlay_visible=True
2026-08-14 23:06:39,996 tracking: rect=(23, 18, 1447, 1132) overlay_visible=True
2026-08-14 23:06:40,105 tracking: rect=(23, 18, 1447, 1132) overlay_visible=True
2026-08-14 23:06:40,214 tracking: rect=(23, 18, 1447, 1132) overlay_visible=True
2026-08-14 23:06:40,323 tracking: rect=(23, 18, 1447, 1132) overlay_visible=True
2026-08-14 23:06:40,433 tracking: rect=(23, 18, 1447, 1132) overlay_visible=True
2026-08-14 23:06:40,533 tracking: rect=(23, 18, 1447, 1132) overlay_visible=True
2026-08-14 23:06:40,633 tracking: rect=(23, 18, 1447, 1132) overlay_visible=True
2026-08-14 23:06:40,744 tracking: rect=(23, 18, 1447, 1132) overlay_visible=True
2026-08-14 23:06:40,848 tracking: rect=(23, 18, 1447, 1132) overlay_visible=True
2026-08-14 23:06:40,949 tracking: rect=(23, 18, 1447, 1132) overlay_visible=True
2026-08-14 23:06:41,049 tracking: rect=(23, 18, 1447, 1132) overlay_visible=True
2026-08-14 23:06:41,163 tracking: rect=(23, 18, 1447, 1132) overlay_visible=True
2026-08-14 23:06:41,242 left click mode=judgement at (1976,256)
2026-08-14 23:06:41,273 tracking: rect=(23, 18, 1447, 1132) overlay_visible=True
2026-08-14 23:06:41,324 tracking: rect=(23, 18, 1447, 1132) overlay_visible=True
2026-08-14 23:06:41,381 tracking: rect=(23, 18, 1447, 1132) overlay_visible=True
2026-08-14 23:06:41,492 tracking: rect=(23, 18, 1447, 1132) overlay_visible=True
2026-08-14 23:06:41,591 tracking: rect=(23, 18, 1447, 1132) overlay_visible=True
2026-08-14 23:06:41,694 tracking: rect=(23, 18, 1447, 1132) overlay_visible=True
2026-08-14 23:06:41,794 tracking: rect=(23, 18, 1447, 1132) overlay_visible=True
2026-08-14 23:06:41,896 tracking: rect=(23, 18, 1447, 1132) overlay_visible=True
2026-08-14 23:06:41,999 tracking: rect=(23, 18, 1447, 1132) overlay_visible=True
2026-08-14 23:06:42,100 tracking: rect=(23, 18, 1447, 1132) overlay_visible=True
2026-08-14 23:06:42,210 tracking: rect=(23, 18, 1447, 1132) overlay_visible=True
2026-08-14 23:06:42,311 tracking: rect=(23, 18, 1447, 1132) overlay_visible=True
2026-08-14 23:06:42,412 tracking: rect=(23, 18, 1447, 1132) overlay_visible=True
2026-08-14 23:06:42,523 tracking: rect=(23, 18, 1447, 1132) overlay_visible=True
2026-08-14 23:06:42,631 tracking: rect=(23, 18, 1447, 1132) overlay_visible=True
2026-08-14 23:06:42,740 tracking: rect=(23, 18, 1447, 1132) overlay_visible=True
2026-08-14 23:06:42,849 tracking: rect=(23, 18, 1447, 1132) overlay_visible=True
2026-08-14 23:06:42,960 tracking: rect=(23, 18, 1447, 1132) overlay_visible=True
2026-08-14 23:06:43,068 tracking: rect=(23, 18, 1447, 1132) overlay_visible=True
2026-08-14 23:06:43,174 tracking: rect=(23, 18, 1447, 1132) overlay_visible=True
2026-08-14 23:06:43,283 tracking: rect=(23, 18, 1447, 1132) overlay_visible=True
2026-08-14 23:06:43,392 tracking: rect=(23, 18, 1447, 1132) overlay_visible=True
2026-08-14 23:06:43,502 tracking: rect=(23, 18, 1447, 1132) overlay_visible=True
2026-08-14 23:06:43,610 tracking: rect=(23, 18, 1447, 1132) overlay_visible=True
2026-08-14 23:06:43,714 tracking: rect=(23, 18, 1447, 1132) overlay_visible=True
2026-08-14 23:06:43,815 tracking: rect=(23, 18, 1447, 1132) overlay_visible=True
2026-08-14 23:06:43,915 tracking: rect=(23, 18, 1447, 1132) overlay_visible=True
2026-08-14 23:06:44,015 tracking: rect=(23, 18, 1447, 1132) overlay_visible=True
2026-08-14 23:06:44,116 tracking: rect=(23, 18, 1447, 1132) overlay_visible=True
2026-08-14 23:06:44,217 tracking: rect=(23, 18, 1447, 1132) overlay_visible=True
2026-08-14 23:06:44,318 tracking: rect=(23, 18, 1447, 1132) overlay_visible=True
2026-08-14 23:06:44,418 tracking: rect=(23, 18, 1447, 1132) overlay_visible=True
2026-08-14 23:06:44,519 tracking: rect=(23, 18, 1447, 1132) overlay_visible=True
2026-08-14 23:06:44,625 tracking: rect=(23, 18, 1447, 1132) overlay_visible=True
2026-08-14 23:06:44,725 tracking: rect=(23, 18, 1447, 1132) overlay_visible=True
2026-08-14 23:06:44,826 tracking: rect=(23, 18, 1447, 1132) overlay_visible=True
2026-08-14 23:06:44,937 tracking: rect=(23, 18, 1447, 1132) overlay_visible=True
2026-08-14 23:06:45,046 tracking: rect=(23, 18, 1447, 1132) overlay_visible=True
2026-08-14 23:06:45,046 left click mode=judgement at (1877,234)
2026-08-14 23:06:45,152 tracking: rect=(23, 18, 1447, 1132) overlay_visible=True
2026-08-14 23:06:45,263 tracking: rect=(23, 18, 1447, 1132) overlay_visible=True
2026-08-14 23:06:45,364 tracking: rect=(23, 18, 1447, 1132) overlay_visible=True
2026-08-14 23:06:45,467 tracking: rect=(23, 18, 1447, 1132) overlay_visible=True
2026-08-14 23:06:45,577 tracking: rect=(23, 18, 1447, 1132) overlay_visible=True
2026-08-14 23:06:45,686 tracking: rect=(23, 18, 1447, 1132) overlay_visible=True
2026-08-14 23:06:45,795 tracking: rect=(23, 18, 1447, 1132) overlay_visible=True
2026-08-14 23:06:45,905 tracking: rect=(23, 18, 1447, 1132) overlay_visible=True
2026-08-14 23:06:46,014 tracking: rect=(23, 18, 1447, 1132) overlay_visible=True
2026-08-14 23:06:46,123 tracking: rect=(23, 18, 1447, 1132) overlay_visible=True
2026-08-14 23:06:46,232 tracking: rect=(23, 18, 1447, 1132) overlay_visible=True
2026-08-14 23:06:46,341 tracking: rect=(23, 18, 1447, 1132) overlay_visible=True
2026-08-14 23:06:46,451 tracking: rect=(23, 18, 1447, 1132) overlay_visible=True
2026-08-14 23:06:46,561 tracking: rect=(23, 18, 1447, 1132) overlay_visible=True
2026-08-14 23:06:46,671 tracking: rect=(23, 18, 1447, 1132) overlay_visible=True
2026-08-14 23:06:46,780 tracking: rect=(23, 18, 1447, 1132) overlay_visible=True
2026-08-14 23:06:46,889 tracking: rect=(23, 18, 1447, 1132) overlay_visible=True
2026-08-14 23:06:46,997 tracking: rect=(23, 18, 1447, 1132) overlay_visible=True
2026-08-14 23:06:47,107 tracking: rect=(23, 18, 1447, 1132) overlay_visible=True
2026-08-14 23:06:47,216 tracking: rect=(23, 18, 1447, 1132) overlay_visible=True
2026-08-14 23:06:47,324 tracking: rect=(23, 18, 1447, 1132) overlay_visible=True
2026-08-14 23:06:47,431 tracking: rect=(23, 18, 1447, 1132) overlay_visible=True
2026-08-14 23:06:47,541 tracking: rect=(23, 18, 1447, 1132) overlay_visible=True
2026-08-14 23:06:47,648 tracking: rect=(23, 18, 1447, 1132) overlay_visible=True
2026-08-14 23:06:47,757 tracking: rect=(23, 18, 1447, 1132) overlay_visible=True
2026-08-14 23:06:47,867 tracking: rect=(23, 18, 1447, 1132) overlay_visible=True
2026-08-14 23:06:47,976 tracking: rect=(23, 18, 1447, 1132) overlay_visible=True
2026-08-14 23:06:48,085 tracking: rect=(23, 18, 1447, 1132) overlay_visible=True
2026-08-14 23:06:48,193 tracking: rect=(23, 18, 1447, 1132) overlay_visible=True
2026-08-14 23:06:48,302 tracking: rect=(23, 18, 1447, 1132) overlay_visible=True
2026-08-14 23:06:48,411 tracking: rect=(23, 18, 1447, 1132) overlay_visible=True
2026-08-14 23:06:48,521 tracking: rect=(23, 18, 1447, 1132) overlay_visible=True
2026-08-14 23:06:48,631 tracking: rect=(23, 18, 1447, 1132) overlay_visible=True
2026-08-14 23:06:48,739 tracking: rect=(23, 18, 1447, 1132) overlay_visible=True
2026-08-14 23:06:48,848 tracking: rect=(23, 18, 1447, 1132) overlay_visible=True
2026-08-14 23:06:48,957 tracking: rect=(23, 18, 1447, 1132) overlay_visible=True
2026-08-14 23:06:49,067 tracking: rect=(23, 18, 1447, 1132) overlay_visible=True
2026-08-14 23:06:49,175 tracking: rect=(23, 18, 1447, 1132) overlay_visible=True
2026-08-14 23:06:49,285 tracking: rect=(23, 18, 1447, 1132) overlay_visible=True
2026-08-14 23:06:49,395 tracking: rect=(23, 18, 1447, 1132) overlay_visible=True
2026-08-14 23:06:49,504 tracking: rect=(23, 18, 1447, 1132) overlay_visible=True
2026-08-14 23:06:49,613 tracking: rect=(23, 18, 1447, 1132) overlay_visible=True
2026-08-14 23:06:49,723 tracking: rect=(23, 18, 1447, 1132) overlay_visible=True
2026-08-14 23:06:49,832 tracking: rect=(23, 18, 1447, 1132) overlay_visible=True
2026-08-14 23:06:49,942 tracking: rect=(23, 18, 1447, 1132) overlay_visible=True
2026-08-14 23:06:50,052 tracking: rect=(23, 18, 1447, 1132) overlay_visible=True
2026-08-14 23:06:50,160 tracking: rect=(23, 18, 1447, 1132) overlay_visible=True
2026-08-14 23:06:50,269 tracking: rect=(23, 18, 1447, 1132) overlay_visible=True
2026-08-14 23:06:50,393 tracking: rect=(23, 18, 1447, 1132) overlay_visible=True
2026-08-14 23:06:50,502 tracking: rect=(23, 18, 1447, 1132) overlay_visible=True
2026-08-14 23:06:50,613 tracking: rect=(23, 18, 1447, 1132) overlay_visible=True
2026-08-14 23:06:50,721 tracking: rect=(23, 18, 1447, 1132) overlay_visible=True
2026-08-14 23:06:50,831 tracking: rect=(23, 18, 1447, 1132) overlay_visible=True
2026-08-14 23:06:50,941 tracking: rect=(23, 18, 1447, 1132) overlay_visible=True
2026-08-14 23:06:51,051 tracking: rect=(23, 18, 1447, 1132) overlay_visible=True
2026-08-14 23:06:51,161 tracking: rect=(23, 18, 1447, 1132) overlay_visible=True
2026-08-14 23:06:51,270 tracking: rect=(23, 18, 1447, 1132) overlay_visible=True
2026-08-14 23:06:51,380 tracking: rect=(23, 18, 1447, 1132) overlay_visible=True
2026-08-14 23:06:51,489 tracking: rect=(23, 18, 1447, 1132) overlay_visible=True
2026-08-14 23:06:51,598 tracking: rect=(23, 18, 1447, 1132) overlay_visible=True
2026-08-14 23:06:51,707 tracking: rect=(23, 18, 1447, 1132) overlay_visible=True
2026-08-14 23:06:51,817 tracking: rect=(23, 18, 1447, 1132) overlay_visible=True
2026-08-14 23:06:51,927 tracking: rect=(23, 18, 1447, 1132) overlay_visible=True
2026-08-14 23:06:52,037 tracking: rect=(23, 18, 1447, 1132) overlay_visible=True
2026-08-14 23:06:52,146 tracking: rect=(23, 18, 1447, 1132) overlay_visible=True
2026-08-14 23:06:52,256 tracking: rect=(23, 18, 1447, 1132) overlay_visible=True
2026-08-14 23:06:52,366 tracking: rect=(23, 18, 1447, 1132) overlay_visible=True
2026-08-14 23:06:52,473 tracking: rect=(23, 18, 1447, 1132) overlay_visible=True
2026-08-14 23:06:52,582 tracking: rect=(23, 18, 1447, 1132) overlay_visible=True
2026-08-14 23:06:52,690 tracking: rect=(23, 18, 1447, 1132) overlay_visible=True
2026-08-14 23:06:52,800 tracking: rect=(23, 18, 1447, 1132) overlay_visible=True
2026-08-14 23:06:52,908 tracking: rect=(23, 18, 1447, 1132) overlay_visible=True
2026-08-14 23:06:53,018 tracking: rect=(23, 18, 1447, 1132) overlay_visible=True
2026-08-14 23:06:53,128 tracking: rect=(23, 18, 1447, 1132) overlay_visible=True
2026-08-14 23:06:53,237 tracking: rect=(23, 18, 1447, 1132) overlay_visible=True
2026-08-14 23:06:53,346 tracking: rect=(23, 18, 1447, 1132) overlay_visible=True
2026-08-14 23:06:53,457 tracking: rect=(23, 18, 1447, 1132) overlay_visible=True
2026-08-14 23:06:53,566 tracking: rect=(23, 18, 1447, 1132) overlay_visible=True
2026-08-14 23:06:53,674 tracking: rect=(23, 18, 1447, 1132) overlay_visible=True
2026-08-14 23:06:53,784 tracking: rect=(23, 18, 1447, 1132) overlay_visible=True
2026-08-14 23:06:53,892 tracking: rect=(23, 18, 1447, 1132) overlay_visible=True
2026-08-14 23:06:54,002 tracking: rect=(23, 18, 1447, 1132) overlay_visible=True
2026-08-14 23:06:54,111 tracking: rect=(23, 18, 1447, 1132) overlay_visible=True
2026-08-14 23:06:54,220 tracking: rect=(23, 18, 1447, 1132) overlay_visible=True
2026-08-14 23:06:54,324 tracking: rect=(23, 18, 1447, 1132) overlay_visible=True
2026-08-14 23:06:54,424 tracking: rect=(23, 18, 1447, 1132) overlay_visible=True
2026-08-14 23:06:54,525 tracking: rect=(23, 18, 1447, 1132) overlay_visible=True
2026-08-14 23:06:54,625 tracking: rect=(23, 18, 1447, 1132) overlay_visible=True
2026-08-14 23:06:54,735 tracking: rect=(23, 18, 1447, 1132) overlay_visible=True
2026-08-14 23:06:54,836 tracking: rect=(23, 18, 1447, 1132) overlay_visible=True
2026-08-14 23:06:54,937 tracking: rect=(23, 18, 1447, 1132) overlay_visible=True
2026-08-14 23:06:55,037 tracking: rect=(23, 18, 1447, 1132) overlay_visible=True
2026-08-14 23:06:55,138 tracking: rect=(23, 18, 1447, 1132) overlay_visible=True
2026-08-14 23:06:55,238 tracking: rect=(23, 18, 1447, 1132) overlay_visible=True
2026-08-14 23:06:55,340 tracking: rect=(23, 18, 1447, 1132) overlay_visible=True
2026-08-14 23:06:55,443 tracking: rect=(23, 18, 1447, 1132) overlay_visible=True
2026-08-14 23:06:55,546 tracking: rect=(23, 18, 1447, 1132) overlay_visible=True
2026-08-14 23:06:55,646 tracking: rect=(23, 18, 1447, 1132) overlay_visible=True
2026-08-14 23:06:55,747 tracking: rect=(23, 18, 1447, 1132) overlay_visible=True
2026-08-14 23:06:55,851 tracking: rect=(23, 18, 1447, 1132) overlay_visible=True
2026-08-14 23:06:55,960 tracking: rect=(23, 18, 1447, 1132) overlay_visible=True
2026-08-14 23:06:56,066 tracking: rect=(23, 18, 1447, 1132) overlay_visible=True
2026-08-14 23:06:56,176 tracking: rect=(23, 18, 1447, 1132) overlay_visible=True
2026-08-14 23:06:56,287 tracking: rect=(23, 18, 1447, 1132) overlay_visible=True
2026-08-14 23:06:56,396 tracking: rect=(23, 18, 1447, 1132) overlay_visible=True
2026-08-14 23:06:56,505 tracking: rect=(23, 18, 1447, 1132) overlay_visible=True
2026-08-14 23:06:56,614 tracking: rect=(23, 18, 1447, 1132) overlay_visible=True
2026-08-14 23:06:56,647 left click mode=judgement at (1827,1186)
2026-08-14 23:06:56,722 tracking: rect=(23, 18, 1447, 1132) overlay_visible=True
2026-08-14 23:06:56,831 tracking: rect=(23, 18, 1447, 1132) overlay_visible=True
2026-08-14 23:06:56,940 tracking: rect=(23, 18, 1447, 1132) overlay_visible=True
2026-08-14 23:06:57,049 tracking: rect=(23, 18, 1447, 1132) overlay_visible=True
2026-08-14 23:06:57,158 tracking: rect=(23, 18, 1447, 1132) overlay_visible=True
2026-08-14 23:06:57,267 tracking: rect=(23, 18, 1447, 1132) overlay_visible=True
2026-08-14 23:06:57,376 tracking: rect=(23, 18, 1447, 1132) overlay_visible=True
2026-08-14 23:06:57,485 tracking: rect=(23, 18, 1447, 1132) overlay_visible=True
2026-08-14 23:06:57,595 tracking: rect=(23, 18, 1447, 1132) overlay_visible=True
2026-08-14 23:06:57,702 tracking: rect=(23, 18, 1447, 1132) overlay_visible=True
2026-08-14 23:06:57,812 tracking: rect=(23, 18, 1447, 1132) overlay_visible=True
2026-08-14 23:06:57,921 tracking: rect=(23, 18, 1447, 1132) overlay_visible=True
2026-08-14 23:06:58,031 tracking: rect=(23, 18, 1447, 1132) overlay_visible=True
2026-08-14 23:06:58,141 tracking: rect=(23, 18, 1447, 1132) overlay_visible=True
2026-08-14 23:06:58,251 tracking: rect=(23, 18, 1447, 1132) overlay_visible=True
2026-08-14 23:06:58,352 tracking: rect=(23, 18, 1447, 1132) overlay_visible=True
2026-08-14 23:06:58,454 tracking: rect=(23, 18, 1447, 1132) overlay_visible=True
2026-08-14 23:06:58,561 tracking: rect=(23, 18, 1447, 1132) overlay_visible=True
2026-08-14 23:06:58,671 tracking: rect=(23, 18, 1447, 1132) overlay_visible=True
2026-08-14 23:06:58,781 tracking: rect=(23, 18, 1447, 1132) overlay_visible=True
2026-08-14 23:06:58,890 tracking: rect=(23, 18, 1447, 1132) overlay_visible=True
2026-08-14 23:06:58,999 tracking: rect=(23, 18, 1447, 1132) overlay_visible=True
2026-08-14 23:06:59,106 tracking: rect=(23, 18, 1447, 1132) overlay_visible=True
2026-08-14 23:06:59,213 tracking: rect=(23, 18, 1447, 1132) overlay_visible=True
2026-08-14 23:06:59,323 tracking: rect=(23, 18, 1447, 1132) overlay_visible=True
2026-08-14 23:06:59,430 tracking: rect=(23, 18, 1447, 1132) overlay_visible=True
2026-08-14 23:06:59,540 tracking: rect=(23, 18, 1447, 1132) overlay_visible=True
2026-08-14 23:06:59,650 tracking: rect=(23, 18, 1447, 1132) overlay_visible=True
2026-08-14 23:06:59,755 tracking: rect=(23, 18, 1447, 1132) overlay_visible=True
2026-08-14 23:06:59,866 tracking: rect=(23, 18, 1447, 1132) overlay_visible=True
2026-08-14 23:06:59,974 tracking: rect=(23, 18, 1447, 1132) overlay_visible=True
2026-08-14 23:07:00,088 tracking: rect=(23, 18, 1447, 1132) overlay_visible=True
2026-08-14 23:07:00,197 tracking: rect=(23, 18, 1447, 1132) overlay_visible=True
2026-08-14 23:07:00,306 tracking: rect=(23, 18, 1447, 1132) overlay_visible=True
2026-08-14 23:07:00,415 tracking: rect=(23, 18, 1447, 1132) overlay_visible=True
2026-08-14 23:07:00,523 tracking: rect=(23, 18, 1447, 1132) overlay_visible=True
2026-08-14 23:07:00,632 tracking: rect=(23, 18, 1447, 1132) overlay_visible=True
2026-08-14 23:07:00,738 tracking: rect=(23, 18, 1447, 1132) overlay_visible=True
2026-08-14 23:07:00,846 tracking: rect=(23, 18, 1447, 1132) overlay_visible=True
2026-08-14 23:07:00,955 tracking: rect=(23, 18, 1447, 1132) overlay_visible=True
2026-08-14 23:07:01,062 tracking: rect=(23, 18, 1447, 1132) overlay_visible=True
2026-08-14 23:07:01,171 tracking: rect=(23, 18, 1447, 1132) overlay_visible=True
2026-08-14 23:07:01,281 tracking: rect=(23, 18, 1447, 1132) overlay_visible=True
2026-08-14 23:07:01,390 tracking: rect=(23, 18, 1447, 1132) overlay_visible=True
2026-08-14 23:07:01,499 tracking: rect=(23, 18, 1447, 1132) overlay_visible=True
2026-08-14 23:07:01,609 tracking: rect=(23, 18, 1447, 1132) overlay_visible=True
2026-08-14 23:07:01,717 tracking: rect=(23, 18, 1447, 1132) overlay_visible=True
2026-08-14 23:07:01,827 tracking: rect=(23, 18, 1447, 1132) overlay_visible=True
2026-08-14 23:07:01,935 tracking: rect=(23, 18, 1447, 1132) overlay_visible=True
2026-08-14 23:07:02,044 tracking: rect=(23, 18, 1447, 1132) overlay_visible=True
2026-08-14 23:07:02,153 tracking: rect=(23, 18, 1447, 1132) overlay_visible=True
2026-08-14 23:07:02,261 tracking: rect=(23, 18, 1447, 1132) overlay_visible=True
2026-08-14 23:07:02,370 tracking: rect=(23, 18, 1447, 1132) overlay_visible=True
2026-08-14 23:07:02,477 tracking: rect=(23, 18, 1447, 1132) overlay_visible=True
2026-08-14 23:07:02,587 tracking: rect=(23, 18, 1447, 1132) overlay_visible=True
2026-08-14 23:07:02,696 tracking: rect=(23, 18, 1447, 1132) overlay_visible=True
2026-08-14 23:07:02,807 tracking: rect=(23, 18, 1447, 1132) overlay_visible=True
2026-08-14 23:07:02,917 tracking: rect=(23, 18, 1447, 1132) overlay_visible=True
2026-08-14 23:07:03,026 tracking: rect=(23, 18, 1447, 1132) overlay_visible=True
2026-08-14 23:07:03,137 tracking: rect=(23, 18, 1447, 1132) overlay_visible=True
2026-08-14 23:07:03,246 tracking: rect=(23, 18, 1447, 1132) overlay_visible=True
2026-08-14 23:07:03,355 tracking: rect=(23, 18, 1447, 1132) overlay_visible=True
2026-08-14 23:07:03,387 left click mode=judgement at (1881,1228)
2026-08-14 23:07:03,464 tracking: rect=(23, 18, 1447, 1132) overlay_visible=True
2026-08-14 23:07:03,572 tracking: rect=(23, 18, 1447, 1132) overlay_visible=True
2026-08-14 23:07:03,681 tracking: rect=(23, 18, 1447, 1132) overlay_visible=True
2026-08-14 23:07:03,789 tracking: rect=(23, 18, 1447, 1132) overlay_visible=True
2026-08-14 23:07:03,899 tracking: rect=(23, 18, 1447, 1132) overlay_visible=True
2026-08-14 23:07:04,010 tracking: rect=(23, 18, 1447, 1132) overlay_visible=True
2026-08-14 23:07:04,118 tracking: rect=(23, 18, 1447, 1132) overlay_visible=True
2026-08-14 23:07:04,227 tracking: rect=(23, 18, 1447, 1132) overlay_visible=True
2026-08-14 23:07:04,337 tracking: rect=(23, 18, 1447, 1132) overlay_visible=True
2026-08-14 23:07:04,446 tracking: rect=(23, 18, 1447, 1132) overlay_visible=True
2026-08-14 23:07:04,446 left click mode=judgement at (1734,1246)
2026-08-14 23:07:04,555 tracking: rect=(23, 18, 1447, 1132) overlay_visible=True
2026-08-14 23:07:04,664 tracking: rect=(23, 18, 1447, 1132) overlay_visible=True
2026-08-14 23:07:04,773 tracking: rect=(23, 18, 1447, 1132) overlay_visible=True
2026-08-14 23:07:04,882 tracking: rect=(23, 18, 1447, 1132) overlay_visible=True
2026-08-14 23:07:04,991 tracking: rect=(23, 18, 1447, 1132) overlay_visible=True
2026-08-14 23:07:05,099 tracking: rect=(23, 18, 1447, 1132) overlay_visible=True
2026-08-14 23:07:05,209 tracking: rect=(23, 18, 1447, 1132) overlay_visible=True
2026-08-14 23:07:05,317 tracking: rect=(23, 18, 1447, 1132) overlay_visible=True
2026-08-14 23:07:05,425 tracking: rect=(23, 18, 1447, 1132) overlay_visible=True
2026-08-14 23:07:05,528 tracking: rect=(23, 18, 1447, 1132) overlay_visible=True
2026-08-14 23:07:05,637 tracking: rect=(23, 18, 1447, 1132) overlay_visible=True
2026-08-14 23:07:05,752 tracking: rect=(23, 18, 1447, 1132) overlay_visible=True
2026-08-14 23:07:05,862 tracking: rect=(23, 18, 1447, 1132) overlay_visible=True
2026-08-14 23:07:05,972 tracking: rect=(23, 18, 1447, 1132) overlay_visible=True
2026-08-14 23:07:06,081 tracking: rect=(23, 18, 1447, 1132) overlay_visible=True
2026-08-14 23:07:06,190 tracking: rect=(23, 18, 1447, 1132) overlay_visible=True
2026-08-14 23:07:06,300 tracking: rect=(23, 18, 1447, 1132) overlay_visible=True
2026-08-14 23:07:06,409 tracking: rect=(23, 18, 1447, 1132) overlay_visible=True
2026-08-14 23:07:06,518 tracking: rect=(23, 18, 1447, 1132) overlay_visible=True
2026-08-14 23:07:06,626 tracking: rect=(23, 18, 1447, 1132) overlay_visible=True
2026-08-14 23:07:06,735 tracking: rect=(23, 18, 1447, 1132) overlay_visible=True
2026-08-14 23:07:06,843 tracking: rect=(23, 18, 1447, 1132) overlay_visible=True
2026-08-14 23:07:06,952 tracking: rect=(23, 18, 1447, 1132) overlay_visible=True
2026-08-14 23:07:07,062 tracking: rect=(23, 18, 1447, 1132) overlay_visible=True
2026-08-14 23:07:07,170 tracking: rect=(23, 18, 1447, 1132) overlay_visible=True
2026-08-14 23:07:07,280 tracking: rect=(23, 18, 1447, 1132) overlay_visible=True
2026-08-14 23:07:07,390 tracking: rect=(23, 18, 1447, 1132) overlay_visible=True
2026-08-14 23:07:07,499 tracking: rect=(23, 18, 1447, 1132) overlay_visible=True
2026-08-14 23:07:07,608 tracking: rect=(23, 18, 1447, 1132) overlay_visible=True
2026-08-14 23:07:07,714 tracking: rect=(23, 18, 1447, 1132) overlay_visible=True
2026-08-14 23:07:07,817 tracking: rect=(23, 18, 1447, 1132) overlay_visible=True
2026-08-14 23:07:07,920 tracking: rect=(23, 18, 1447, 1132) overlay_visible=True
2026-08-14 23:07:08,030 tracking: rect=(23, 18, 1447, 1132) overlay_visible=True
2026-08-14 23:07:08,138 tracking: rect=(23, 18, 1447, 1132) overlay_visible=True
2026-08-14 23:07:08,247 tracking: rect=(23, 18, 1447, 1132) overlay_visible=True
2026-08-14 23:07:08,357 tracking: rect=(23, 18, 1447, 1132) overlay_visible=True
2026-08-14 23:07:08,466 tracking: rect=(23, 18, 1447, 1132) overlay_visible=True
2026-08-14 23:07:08,576 tracking: rect=(23, 18, 1447, 1132) overlay_visible=True
2026-08-14 23:07:08,684 tracking: rect=(23, 18, 1447, 1132) overlay_visible=True
2026-08-14 23:07:08,793 tracking: rect=(23, 18, 1447, 1132) overlay_visible=True
2026-08-14 23:07:08,898 tracking: rect=(23, 18, 1447, 1132) overlay_visible=True
2026-08-14 23:07:09,011 tracking: rect=(23, 18, 1447, 1132) overlay_visible=True
2026-08-14 23:07:09,119 tracking: rect=(23, 18, 1447, 1132) overlay_visible=True
2026-08-14 23:07:09,228 tracking: rect=(23, 18, 1447, 1132) overlay_visible=True
2026-08-14 23:07:09,336 tracking: rect=(23, 18, 1447, 1132) overlay_visible=True
2026-08-14 23:07:09,445 tracking: rect=(23, 18, 1447, 1132) overlay_visible=True
2026-08-14 23:07:09,553 tracking: rect=(23, 18, 1447, 1132) overlay_visible=True
2026-08-14 23:07:09,662 tracking: rect=(23, 18, 1447, 1132) overlay_visible=True
2026-08-14 23:07:09,772 tracking: rect=(23, 18, 1447, 1132) overlay_visible=True
2026-08-14 23:07:09,883 tracking: rect=(23, 18, 1447, 1132) overlay_visible=True
2026-08-14 23:07:09,992 tracking: rect=(23, 18, 1447, 1132) overlay_visible=True
2026-08-14 23:07:10,101 tracking: rect=(23, 18, 1447, 1132) overlay_visible=True
2026-08-14 23:07:10,210 tracking: rect=(23, 18, 1447, 1132) overlay_visible=True
2026-08-14 23:07:10,319 tracking: rect=(23, 18, 1447, 1132) overlay_visible=True
2026-08-14 23:07:10,428 tracking: rect=(23, 18, 1447, 1132) overlay_visible=True
2026-08-14 23:07:10,536 tracking: rect=(23, 18, 1447, 1132) overlay_visible=True
2026-08-14 23:07:10,643 tracking: rect=(23, 18, 1447, 1132) overlay_visible=True
2026-08-14 23:07:10,751 tracking: rect=(23, 18, 1447, 1132) overlay_visible=True
2026-08-14 23:07:10,859 tracking: rect=(23, 18, 1447, 1132) overlay_visible=True
2026-08-14 23:07:10,968 tracking: rect=(23, 18, 1447, 1132) overlay_visible=True
2026-08-14 23:07:11,047 left click mode=judgement at (2309,277)
2026-08-14 23:07:11,077 tracking: rect=(23, 18, 1447, 1132) overlay_visible=True
2026-08-14 23:07:11,178 tracking: rect=(23, 18, 1447, 1132) overlay_visible=True
2026-08-14 23:07:11,279 tracking: rect=(23, 18, 1447, 1132) overlay_visible=True
2026-08-14 23:07:11,380 tracking: rect=(23, 18, 1447, 1132) overlay_visible=True
2026-08-14 23:07:11,481 tracking: rect=(23, 18, 1447, 1132) overlay_visible=True
2026-08-14 23:07:11,583 tracking: rect=(23, 18, 1447, 1132) overlay_visible=True
2026-08-14 23:07:11,688 tracking: rect=(23, 18, 1447, 1132) overlay_visible=True
2026-08-14 23:07:11,797 tracking: rect=(23, 18, 1447, 1132) overlay_visible=True
2026-08-14 23:07:11,904 tracking: rect=(23, 18, 1447, 1132) overlay_visible=True
2026-08-14 23:07:12,014 tracking: rect=(23, 18, 1447, 1132) overlay_visible=True
2026-08-14 23:07:12,123 tracking: rect=(23, 18, 1447, 1132) overlay_visible=True
2026-08-14 23:07:12,232 tracking: rect=(23, 18, 1447, 1132) overlay_visible=True
2026-08-14 23:07:12,341 tracking: rect=(23, 18, 1447, 1132) overlay_visible=True
2026-08-14 23:07:12,450 tracking: rect=(23, 18, 1447, 1132) overlay_visible=True
2026-08-14 23:07:12,558 tracking: rect=(23, 18, 1447, 1132) overlay_visible=True
2026-08-14 23:07:12,665 tracking: rect=(23, 18, 1447, 1132) overlay_visible=True
2026-08-14 23:07:12,774 tracking: rect=(23, 18, 1447, 1132) overlay_visible=True
2026-08-14 23:07:12,882 tracking: rect=(23, 18, 1447, 1132) overlay_visible=True
2026-08-14 23:07:12,991 tracking: rect=(23, 18, 1447, 1132) overlay_visible=True
2026-08-14 23:07:13,101 tracking: rect=(23, 18, 1447, 1132) overlay_visible=True
2026-08-14 23:07:13,210 tracking: rect=(23, 18, 1447, 1132) overlay_visible=True
2026-08-14 23:07:13,319 tracking: rect=(23, 18, 1447, 1132) overlay_visible=True
2026-08-14 23:07:13,429 tracking: rect=(23, 18, 1447, 1132) overlay_visible=True
2026-08-14 23:07:13,537 tracking: rect=(23, 18, 1447, 1132) overlay_visible=True
2026-08-14 23:07:13,638 tracking: rect=(23, 18, 1447, 1132) overlay_visible=True
2026-08-14 23:07:13,741 tracking: rect=(23, 18, 1447, 1132) overlay_visible=True
2026-08-14 23:07:13,841 tracking: rect=(23, 18, 1447, 1132) overlay_visible=True
2026-08-14 23:07:13,944 tracking: rect=(23, 18, 1447, 1132) overlay_visible=True
2026-08-14 23:07:14,052 tracking: rect=(23, 18, 1447, 1132) overlay_visible=True
2026-08-14 23:07:14,162 tracking: rect=(23, 18, 1447, 1132) overlay_visible=True
2026-08-14 23:07:14,271 tracking: rect=(23, 18, 1447, 1132) overlay_visible=True
2026-08-14 23:07:14,286 left click mode=judgement at (1970,251)
2026-08-14 23:07:14,373 tracking: rect=(23, 18, 1447, 1132) overlay_visible=True
2026-08-14 23:07:14,374 tracking: rect=(23, 18, 1447, 1132) overlay_visible=True
2026-08-14 23:07:14,487 tracking: rect=(23, 18, 1447, 1132) overlay_visible=True
2026-08-14 23:07:14,597 tracking: rect=(23, 18, 1447, 1132) overlay_visible=True
2026-08-14 23:07:14,697 tracking: rect=(23, 18, 1447, 1132) overlay_visible=True
2026-08-14 23:07:14,799 tracking: rect=(23, 18, 1447, 1132) overlay_visible=True
2026-08-14 23:07:14,909 tracking: rect=(23, 18, 1447, 1132) overlay_visible=True
2026-08-14 23:07:15,010 tracking: rect=(23, 18, 1447, 1132) overlay_visible=True
2026-08-14 23:07:15,110 tracking: rect=(23, 18, 1447, 1132) overlay_visible=True
2026-08-14 23:07:15,210 tracking: rect=(23, 18, 1447, 1132) overlay_visible=True
2026-08-14 23:07:15,316 tracking: rect=(23, 18, 1447, 1132) overlay_visible=True
2026-08-14 23:07:15,416 tracking: rect=(23, 18, 1447, 1132) overlay_visible=True
2026-08-14 23:07:15,517 tracking: rect=(23, 18, 1447, 1132) overlay_visible=True
2026-08-14 23:07:15,617 tracking: rect=(23, 18, 1447, 1132) overlay_visible=True
2026-08-14 23:07:15,721 tracking: rect=(23, 18, 1447, 1132) overlay_visible=True
2026-08-14 23:07:15,831 tracking: rect=(23, 18, 1447, 1132) overlay_visible=True
2026-08-14 23:07:15,877 left click mode=judgement at (2016,521)
2026-08-14 23:07:15,938 tracking: rect=(23, 18, 1447, 1132) overlay_visible=True
2026-08-14 23:07:16,048 tracking: rect=(23, 18, 1447, 1132) overlay_visible=True
2026-08-14 23:07:16,156 tracking: rect=(23, 18, 1447, 1132) overlay_visible=True
2026-08-14 23:07:16,257 tracking: rect=(23, 18, 1447, 1132) overlay_visible=True
2026-08-14 23:07:16,358 tracking: rect=(23, 18, 1447, 1132) overlay_visible=True
2026-08-14 23:07:16,459 tracking: rect=(23, 18, 1447, 1132) overlay_visible=True
2026-08-14 23:07:16,560 tracking: rect=(23, 18, 1447, 1132) overlay_visible=True
2026-08-14 23:07:16,667 tracking: rect=(23, 18, 1447, 1132) overlay_visible=True
2026-08-14 23:07:16,775 tracking: rect=(23, 18, 1447, 1132) overlay_visible=True
2026-08-14 23:07:16,876 tracking: rect=(23, 18, 1447, 1132) overlay_visible=True
2026-08-14 23:07:16,992 tracking: rect=(23, 18, 1447, 1132) overlay_visible=True
2026-08-14 23:08:03,873 left click mode=idle at (2003,263)
2026-08-14 23:08:04,578 left click mode=idle at (2437,59)
2026-08-14 23:08:09,948 left click mode=idle at (2488,1183)
2026-08-14 23:08:11,113 left click mode=idle at (1844,185)
2026-08-14 23:08:15,409 left click mode=idle at (2274,512)
2026-08-14 23:08:16,036 left click mode=idle at (1992,467)
2026-08-14 23:08:21,064 left click mode=idle at (1867,351)
2026-08-14 23:08:21,342 left click mode=idle at (1843,354)
2026-08-14 23:08:22,999 left click mode=idle at (1999,452)
2026-08-14 23:08:24,088 left click mode=idle at (2519,341)
2026-08-14 23:08:28,091 left click mode=idle at (2029,462)
2026-08-14 23:08:41,746 left click mode=idle at (2146,391)
2026-08-14 23:08:42,624 left click mode=idle at (2428,62)
2026-08-14 23:08:44,717 left click mode=idle at (1842,1202)
2026-08-14 23:09:08,010 left click mode=idle at (1845,1200)
2026-08-14 23:10:40,661 left click mode=idle at (2052,304)
2026-08-14 23:10:52,018 left click mode=idle at (2432,66)
2026-08-14 23:10:53,364 left click mode=idle at (1989,378)
2026-08-14 23:10:54,020 left click mode=idle at (2067,315)
2026-08-14 23:10:54,894 left click mode=select_window at (1131,60)
2026-08-14 23:10:54,894 select hit: hwnd=1114858 own=False
2026-08-14 23:10:54,894 select_game_window hwnd=1114858 own_root=3539398 own_overlay=1180144
2026-08-14 23:10:54,895 tracking: rect=(23, 18, 1447, 1132) overlay_visible=False
2026-08-14 23:10:54,899 after select: mode=idle game_hwnd=1114858
2026-08-14 23:10:54,988 tracking: rect=(23, 18, 1447, 1132) overlay_visible=True
2026-08-14 23:10:55,095 tracking: rect=(23, 18, 1447, 1132) overlay_visible=True
2026-08-14 23:10:55,205 tracking: rect=(23, 18, 1447, 1132) overlay_visible=True
2026-08-14 23:10:55,314 tracking: rect=(23, 18, 1447, 1132) overlay_visible=True
2026-08-14 23:10:55,421 tracking: rect=(23, 18, 1447, 1132) overlay_visible=True
2026-08-14 23:10:55,522 tracking: rect=(23, 18, 1447, 1132) overlay_visible=True
2026-08-14 23:10:55,623 tracking: rect=(23, 18, 1447, 1132) overlay_visible=True
2026-08-14 23:10:55,724 tracking: rect=(23, 18, 1447, 1132) overlay_visible=True
2026-08-14 23:10:55,828 tracking: rect=(23, 18, 1447, 1132) overlay_visible=True
2026-08-14 23:10:55,928 tracking: rect=(23, 18, 1447, 1132) overlay_visible=True
2026-08-14 23:10:56,029 tracking: rect=(23, 18, 1447, 1132) overlay_visible=True
2026-08-14 23:10:56,130 tracking: rect=(23, 18, 1447, 1132) overlay_visible=True
2026-08-14 23:10:56,232 tracking: rect=(23, 18, 1447, 1132) overlay_visible=True
2026-08-14 23:10:56,294 left click mode=idle at (2003,385)
2026-08-14 23:10:56,341 tracking: rect=(23, 18, 1447, 1132) overlay_visible=True
2026-08-14 23:10:56,443 tracking: rect=(23, 18, 1447, 1132) overlay_visible=True
2026-08-14 23:10:56,543 tracking: rect=(23, 18, 1447, 1132) overlay_visible=True
2026-08-14 23:10:56,652 tracking: rect=(23, 18, 1447, 1132) overlay_visible=True
2026-08-14 23:10:56,761 tracking: rect=(23, 18, 1447, 1132) overlay_visible=True
2026-08-14 23:10:56,864 tracking: rect=(23, 18, 1447, 1132) overlay_visible=True
2026-08-14 23:10:56,978 tracking: rect=(23, 18, 1447, 1132) overlay_visible=True
2026-08-14 23:10:57,089 tracking: rect=(23, 18, 1447, 1132) overlay_visible=True
2026-08-14 23:10:57,136 left click mode=idle at (2156,383)
2026-08-14 23:10:57,198 tracking: rect=(23, 18, 1447, 1132) overlay_visible=True
2026-08-14 23:10:57,211 tracking: rect=(23, 18, 1447, 1132) overlay_visible=True
2026-08-14 23:10:57,308 tracking: rect=(23, 18, 1447, 1132) overlay_visible=True
2026-08-14 23:10:57,415 tracking: rect=(23, 18, 1447, 1132) overlay_visible=True
2026-08-14 23:10:57,528 tracking: rect=(23, 18, 1447, 1132) overlay_visible=True
2026-08-14 23:10:57,637 tracking: rect=(23, 18, 1447, 1132) overlay_visible=True
2026-08-14 23:10:57,742 tracking: rect=(23, 18, 1447, 1132) overlay_visible=True
2026-08-14 23:10:57,842 tracking: rect=(23, 18, 1447, 1132) overlay_visible=True
2026-08-14 23:10:57,944 tracking: rect=(23, 18, 1447, 1132) overlay_visible=True
2026-08-14 23:10:58,045 tracking: rect=(23, 18, 1447, 1132) overlay_visible=True
2026-08-14 23:10:58,146 tracking: rect=(23, 18, 1447, 1132) overlay_visible=True
2026-08-14 23:10:58,257 tracking: rect=(23, 18, 1447, 1132) overlay_visible=True
2026-08-14 23:10:58,359 tracking: rect=(23, 18, 1447, 1132) overlay_visible=True
2026-08-14 23:10:58,445 left click mode=judgement at (2019,385)
2026-08-14 23:10:58,461 tracking: rect=(23, 18, 1447, 1132) overlay_visible=True
2026-08-14 23:10:58,570 tracking: rect=(23, 18, 1447, 1132) overlay_visible=True
2026-08-14 23:10:58,679 tracking: rect=(23, 18, 1447, 1132) overlay_visible=True
2026-08-14 23:10:58,788 tracking: rect=(23, 18, 1447, 1132) overlay_visible=True
2026-08-14 23:10:58,898 tracking: rect=(23, 18, 1447, 1132) overlay_visible=True
2026-08-14 23:10:59,008 tracking: rect=(23, 18, 1447, 1132) overlay_visible=True
2026-08-14 23:10:59,117 tracking: rect=(23, 18, 1447, 1132) overlay_visible=True
2026-08-14 23:10:59,227 tracking: rect=(23, 18, 1447, 1132) overlay_visible=True
2026-08-14 23:10:59,335 tracking: rect=(23, 18, 1447, 1132) overlay_visible=True
2026-08-14 23:10:59,444 tracking: rect=(23, 18, 1447, 1132) overlay_visible=True
2026-08-14 23:10:59,553 tracking: rect=(23, 18, 1447, 1132) overlay_visible=True
2026-08-14 23:10:59,662 tracking: rect=(23, 18, 1447, 1132) overlay_visible=True
2026-08-14 23:10:59,771 tracking: rect=(23, 18, 1447, 1132) overlay_visible=True
2026-08-14 23:10:59,881 tracking: rect=(23, 18, 1447, 1132) overlay_visible=True
2026-08-14 23:10:59,990 tracking: rect=(23, 18, 1447, 1132) overlay_visible=True
2026-08-14 23:11:00,090 tracking: rect=(23, 18, 1447, 1132) overlay_visible=True
2026-08-14 23:11:00,191 tracking: rect=(23, 18, 1447, 1132) overlay_visible=True
2026-08-14 23:11:00,301 tracking: rect=(23, 18, 1447, 1132) overlay_visible=True
2026-08-14 23:11:00,402 tracking: rect=(23, 18, 1447, 1132) overlay_visible=True
2026-08-14 23:11:00,505 tracking: rect=(23, 18, 1447, 1132) overlay_visible=True
2026-08-14 23:11:00,614 tracking: rect=(23, 18, 1447, 1132) overlay_visible=True
2026-08-14 23:11:00,659 left click mode=judgement at (2408,374)
2026-08-14 23:11:00,721 tracking: rect=(23, 18, 1447, 1132) overlay_visible=True
2026-08-14 23:11:00,831 tracking: rect=(23, 18, 1447, 1132) overlay_visible=True
2026-08-14 23:11:00,941 tracking: rect=(23, 18, 1447, 1132) overlay_visible=True
2026-08-14 23:11:01,050 tracking: rect=(23, 18, 1447, 1132) overlay_visible=True
2026-08-14 23:11:01,158 tracking: rect=(23, 18, 1447, 1132) overlay_visible=True
2026-08-14 23:11:01,268 tracking: rect=(23, 18, 1447, 1132) overlay_visible=True
2026-08-14 23:11:01,377 tracking: rect=(23, 18, 1447, 1132) overlay_visible=True
2026-08-14 23:11:01,486 tracking: rect=(23, 18, 1447, 1132) overlay_visible=True
2026-08-14 23:11:01,597 tracking: rect=(23, 18, 1447, 1132) overlay_visible=True
2026-08-14 23:11:01,706 tracking: rect=(23, 18, 1447, 1132) overlay_visible=True
2026-08-14 23:11:01,815 tracking: rect=(23, 18, 1447, 1132) overlay_visible=True
2026-08-14 23:11:01,924 tracking: rect=(23, 18, 1447, 1132) overlay_visible=True
2026-08-14 23:11:02,033 tracking: rect=(23, 18, 1447, 1132) overlay_visible=True
2026-08-14 23:11:02,142 tracking: rect=(23, 18, 1447, 1132) overlay_visible=True
2026-08-14 23:11:02,251 tracking: rect=(23, 18, 1447, 1132) overlay_visible=True
2026-08-14 23:11:02,360 tracking: rect=(23, 18, 1447, 1132) overlay_visible=True
2026-08-14 23:11:02,469 tracking: rect=(23, 18, 1447, 1132) overlay_visible=True
2026-08-14 23:11:02,578 tracking: rect=(23, 18, 1447, 1132) overlay_visible=True
2026-08-14 23:11:02,686 tracking: rect=(23, 18, 1447, 1132) overlay_visible=True
2026-08-14 23:11:02,796 tracking: rect=(23, 18, 1447, 1132) overlay_visible=True
2026-08-14 23:11:02,905 tracking: rect=(23, 18, 1447, 1132) overlay_visible=True
2026-08-14 23:11:03,015 tracking: rect=(23, 18, 1447, 1132) overlay_visible=True
2026-08-14 23:11:03,125 tracking: rect=(23, 18, 1447, 1132) overlay_visible=True
2026-08-14 23:11:03,234 tracking: rect=(23, 18, 1447, 1132) overlay_visible=True
2026-08-14 23:11:03,345 tracking: rect=(23, 18, 1447, 1132) overlay_visible=True
2026-08-14 23:11:03,453 tracking: rect=(23, 18, 1447, 1132) overlay_visible=True
2026-08-14 23:11:03,553 tracking: rect=(23, 18, 1447, 1132) overlay_visible=True
2026-08-14 23:11:03,657 tracking: rect=(23, 18, 1447, 1132) overlay_visible=True
2026-08-14 23:11:03,765 tracking: rect=(23, 18, 1447, 1132) overlay_visible=True
2026-08-14 23:11:03,871 tracking: rect=(23, 18, 1447, 1132) overlay_visible=True
2026-08-14 23:11:03,972 tracking: rect=(23, 18, 1447, 1132) overlay_visible=True
2026-08-14 23:11:04,074 tracking: rect=(23, 18, 1447, 1132) overlay_visible=True
2026-08-14 23:11:04,187 tracking: rect=(23, 18, 1447, 1132) overlay_visible=True
2026-08-14 23:11:04,287 tracking: rect=(23, 18, 1447, 1132) overlay_visible=True
2026-08-14 23:11:04,388 tracking: rect=(23, 18, 1447, 1132) overlay_visible=True
2026-08-14 23:11:04,488 tracking: rect=(23, 18, 1447, 1132) overlay_visible=True
2026-08-14 23:11:04,588 tracking: rect=(23, 18, 1447, 1132) overlay_visible=True
2026-08-14 23:11:04,689 tracking: rect=(23, 18, 1447, 1132) overlay_visible=True
2026-08-14 23:11:04,789 tracking: rect=(23, 18, 1447, 1132) overlay_visible=True
2026-08-14 23:11:04,891 tracking: rect=(23, 18, 1447, 1132) overlay_visible=True
2026-08-14 23:11:04,994 tracking: rect=(23, 18, 1447, 1132) overlay_visible=True
2026-08-14 23:11:05,096 tracking: rect=(23, 18, 1447, 1132) overlay_visible=True
2026-08-14 23:11:05,201 tracking: rect=(23, 18, 1447, 1132) overlay_visible=True
2026-08-14 23:11:05,309 tracking: rect=(23, 18, 1447, 1132) overlay_visible=True
2026-08-14 23:11:05,409 tracking: rect=(23, 18, 1447, 1132) overlay_visible=True
2026-08-14 23:11:05,512 tracking: rect=(23, 18, 1447, 1132) overlay_visible=True
2026-08-14 23:11:05,620 tracking: rect=(23, 18, 1447, 1132) overlay_visible=True
2026-08-14 23:11:05,731 tracking: rect=(23, 18, 1447, 1132) overlay_visible=True
2026-08-14 23:11:05,839 tracking: rect=(23, 18, 1447, 1132) overlay_visible=True
2026-08-14 23:11:05,948 tracking: rect=(23, 18, 1447, 1132) overlay_visible=True
2026-08-14 23:11:06,057 tracking: rect=(23, 18, 1447, 1132) overlay_visible=True
2026-08-14 23:11:06,165 tracking: rect=(23, 18, 1447, 1132) overlay_visible=True
2026-08-14 23:11:06,266 tracking: rect=(23, 18, 1447, 1132) overlay_visible=True
2026-08-14 23:11:06,367 tracking: rect=(23, 18, 1447, 1132) overlay_visible=True
2026-08-14 23:11:06,471 tracking: rect=(23, 18, 1447, 1132) overlay_visible=True
2026-08-14 23:11:06,572 tracking: rect=(23, 18, 1447, 1132) overlay_visible=True
2026-08-14 23:11:06,673 tracking: rect=(23, 18, 1447, 1132) overlay_visible=True
2026-08-14 23:11:06,773 tracking: rect=(23, 18, 1447, 1132) overlay_visible=True
2026-08-14 23:11:06,874 tracking: rect=(23, 18, 1447, 1132) overlay_visible=True
2026-08-14 23:11:06,975 tracking: rect=(23, 18, 1447, 1132) overlay_visible=True
2026-08-14 23:11:07,085 tracking: rect=(23, 18, 1447, 1132) overlay_visible=True
2026-08-14 23:11:07,147 left click mode=judgement at (2295,559)
2026-08-14 23:11:07,193 tracking: rect=(23, 18, 1447, 1132) overlay_visible=True
2026-08-14 23:11:07,303 tracking: rect=(23, 18, 1447, 1132) overlay_visible=True
2026-08-14 23:11:07,404 tracking: rect=(23, 18, 1447, 1132) overlay_visible=True
2026-08-14 23:11:07,504 tracking: rect=(23, 18, 1447, 1132) overlay_visible=True
2026-08-14 23:11:07,604 tracking: rect=(23, 18, 1447, 1132) overlay_visible=True
2026-08-14 23:11:07,706 tracking: rect=(23, 18, 1447, 1132) overlay_visible=True
2026-08-14 23:11:07,807 tracking: rect=(23, 18, 1447, 1132) overlay_visible=True
2026-08-14 23:11:07,914 tracking: rect=(23, 18, 1447, 1132) overlay_visible=True
2026-08-14 23:11:08,023 tracking: rect=(23, 18, 1447, 1132) overlay_visible=True
2026-08-14 23:11:08,132 tracking: rect=(23, 18, 1447, 1132) overlay_visible=True
2026-08-14 23:11:08,242 tracking: rect=(23, 18, 1447, 1132) overlay_visible=True
2026-08-14 23:11:08,346 tracking: rect=(23, 18, 1447, 1132) overlay_visible=True
2026-08-14 23:11:08,446 tracking: rect=(23, 18, 1447, 1132) overlay_visible=True
2026-08-14 23:11:08,547 tracking: rect=(23, 18, 1447, 1132) overlay_visible=True
2026-08-14 23:11:08,647 tracking: rect=(23, 18, 1447, 1132) overlay_visible=True
2026-08-14 23:11:08,747 tracking: rect=(23, 18, 1447, 1132) overlay_visible=True
2026-08-14 23:11:08,853 tracking: rect=(23, 18, 1447, 1132) overlay_visible=True
2026-08-14 23:11:08,961 tracking: rect=(23, 18, 1447, 1132) overlay_visible=True
2026-08-14 23:11:09,071 tracking: rect=(23, 18, 1447, 1132) overlay_visible=True
2026-08-14 23:11:09,174 tracking: rect=(23, 18, 1447, 1132) overlay_visible=True
2026-08-14 23:11:09,275 tracking: rect=(23, 18, 1447, 1132) overlay_visible=True
2026-08-14 23:11:09,399 tracking: rect=(23, 18, 1447, 1132) overlay_visible=True
2026-08-14 23:11:09,499 tracking: rect=(23, 18, 1447, 1132) overlay_visible=True
2026-08-14 23:11:09,601 tracking: rect=(23, 18, 1447, 1132) overlay_visible=True
2026-08-14 23:11:09,702 tracking: rect=(23, 18, 1447, 1132) overlay_visible=True
2026-08-14 23:11:09,805 tracking: rect=(23, 18, 1447, 1132) overlay_visible=True
2026-08-14 23:11:09,912 tracking: rect=(23, 18, 1447, 1132) overlay_visible=True
2026-08-14 23:11:10,025 tracking: rect=(23, 18, 1447, 1132) overlay_visible=True
2026-08-14 23:11:10,128 tracking: rect=(23, 18, 1447, 1132) overlay_visible=True
2026-08-14 23:11:10,134 left click mode=judgement at (1980,548)
2026-08-14 23:11:10,228 tracking: rect=(23, 18, 1447, 1132) overlay_visible=True
2026-08-14 23:11:10,336 tracking: rect=(23, 18, 1447, 1132) overlay_visible=True
2026-08-14 23:11:10,437 tracking: rect=(23, 18, 1447, 1132) overlay_visible=True
2026-08-14 23:11:10,537 tracking: rect=(23, 18, 1447, 1132) overlay_visible=True
2026-08-14 23:11:10,638 tracking: rect=(23, 18, 1447, 1132) overlay_visible=True
2026-08-14 23:11:10,741 tracking: rect=(23, 18, 1447, 1132) overlay_visible=True
2026-08-14 23:11:10,851 tracking: rect=(23, 18, 1447, 1132) overlay_visible=True
2026-08-14 23:11:10,867 left click mode=judgement at (2314,631)
2026-08-14 23:11:10,953 tracking: rect=(23, 18, 1447, 1132) overlay_visible=True
2026-08-14 23:11:11,053 tracking: rect=(23, 18, 1447, 1132) overlay_visible=True
2026-08-14 23:11:11,153 tracking: rect=(23, 18, 1447, 1132) overlay_visible=True
2026-08-14 23:11:11,258 tracking: rect=(23, 18, 1447, 1132) overlay_visible=True
2026-08-14 23:11:11,366 tracking: rect=(23, 18, 1447, 1132) overlay_visible=True
2026-08-14 23:11:11,366 left click mode=judgement at (2132,656)
2026-08-14 23:11:11,476 tracking: rect=(23, 18, 1447, 1132) overlay_visible=True
2026-08-14 23:11:11,585 tracking: rect=(23, 18, 1447, 1132) overlay_visible=True
2026-08-14 23:11:11,695 tracking: rect=(23, 18, 1447, 1132) overlay_visible=True
2026-08-14 23:11:11,804 tracking: rect=(23, 18, 1447, 1132) overlay_visible=True
2026-08-14 23:11:11,913 tracking: rect=(23, 18, 1447, 1132) overlay_visible=True
2026-08-14 23:11:12,022 tracking: rect=(23, 18, 1447, 1132) overlay_visible=True
2026-08-14 23:11:12,131 tracking: rect=(23, 18, 1447, 1132) overlay_visible=True
2026-08-14 23:11:12,240 tracking: rect=(23, 18, 1447, 1132) overlay_visible=True
2026-08-14 23:11:12,271 left click mode=judgement at (2137,656)
2026-08-14 23:11:12,349 tracking: rect=(23, 18, 1447, 1132) overlay_visible=True
2026-08-14 23:11:12,454 tracking: rect=(23, 18, 1447, 1132) overlay_visible=True
2026-08-14 23:11:12,554 tracking: rect=(23, 18, 1447, 1132) overlay_visible=True
2026-08-14 23:11:12,655 tracking: rect=(23, 18, 1447, 1132) overlay_visible=True
2026-08-14 23:11:12,755 tracking: rect=(23, 18, 1447, 1132) overlay_visible=True
2026-08-14 23:11:12,857 tracking: rect=(23, 18, 1447, 1132) overlay_visible=True
2026-08-14 23:11:12,957 tracking: rect=(23, 18, 1447, 1132) overlay_visible=True
2026-08-14 23:11:13,071 tracking: rect=(23, 18, 1447, 1132) overlay_visible=True
2026-08-14 23:11:23,381 left click mode=idle at (2485,45)
2026-08-14 23:11:24,572 left click mode=idle at (1846,127)
2026-08-14 23:11:45,608 left click mode=idle at (1990,249)
2026-08-14 23:11:46,558 left click mode=idle at (1844,1177)
2026-08-14 23:12:10,950 left click mode=idle at (2396,56)
2026-08-14 23:12:12,609 left click mode=idle at (2024,224)
2026-08-14 23:12:13,478 left click mode=select_window at (1060,58)
2026-08-14 23:12:13,479 select hit: hwnd=1114858 own=False
2026-08-14 23:12:13,479 select_game_window hwnd=1114858 own_root=3475668 own_overlay=2033986
2026-08-14 23:12:13,479 tracking: rect=(23, 18, 1447, 1132) overlay_visible=False
2026-08-14 23:12:13,482 after select: mode=idle game_hwnd=1114858
2026-08-14 23:12:13,540 tracking: rect=(23, 18, 1447, 1132) overlay_visible=True
2026-08-14 23:12:13,648 tracking: rect=(23, 18, 1447, 1132) overlay_visible=True
2026-08-14 23:12:13,757 tracking: rect=(23, 18, 1447, 1132) overlay_visible=True
2026-08-14 23:12:13,867 tracking: rect=(23, 18, 1447, 1132) overlay_visible=True
2026-08-14 23:12:13,968 tracking: rect=(23, 18, 1447, 1132) overlay_visible=True
2026-08-14 23:12:14,069 tracking: rect=(23, 18, 1447, 1132) overlay_visible=True
2026-08-14 23:12:14,169 tracking: rect=(23, 18, 1447, 1132) overlay_visible=True
2026-08-14 23:12:14,273 tracking: rect=(23, 18, 1447, 1132) overlay_visible=True
2026-08-14 23:12:14,373 tracking: rect=(23, 18, 1447, 1132) overlay_visible=True
2026-08-14 23:12:14,459 left click mode=idle at (1926,269)
2026-08-14 23:12:14,475 tracking: rect=(23, 18, 1447, 1132) overlay_visible=True
2026-08-14 23:12:14,583 tracking: rect=(23, 18, 1447, 1132) overlay_visible=True
2026-08-14 23:12:14,684 tracking: rect=(23, 18, 1447, 1132) overlay_visible=True
2026-08-14 23:12:14,784 tracking: rect=(23, 18, 1447, 1132) overlay_visible=True
2026-08-14 23:12:14,893 tracking: rect=(23, 18, 1447, 1132) overlay_visible=True
2026-08-14 23:12:15,002 tracking: rect=(23, 18, 1447, 1132) overlay_visible=True
2026-08-14 23:12:15,111 tracking: rect=(23, 18, 1447, 1132) overlay_visible=True
2026-08-14 23:12:15,158 left click mode=idle at (2081,274)
2026-08-14 23:12:15,220 tracking: rect=(23, 18, 1447, 1132) overlay_visible=True
2026-08-14 23:12:15,250 tracking: rect=(23, 18, 1447, 1132) overlay_visible=True
2026-08-14 23:12:15,328 tracking: rect=(23, 18, 1447, 1132) overlay_visible=True
2026-08-14 23:12:15,438 tracking: rect=(23, 18, 1447, 1132) overlay_visible=True
2026-08-14 23:12:15,546 tracking: rect=(23, 18, 1447, 1132) overlay_visible=True
2026-08-14 23:12:15,654 tracking: rect=(23, 18, 1447, 1132) overlay_visible=True
2026-08-14 23:12:15,762 tracking: rect=(23, 18, 1447, 1132) overlay_visible=True
2026-08-14 23:12:15,863 tracking: rect=(23, 18, 1447, 1132) overlay_visible=True
2026-08-14 23:12:15,964 tracking: rect=(23, 18, 1447, 1132) overlay_visible=True
2026-08-14 23:12:16,067 tracking: rect=(23, 18, 1447, 1132) overlay_visible=True
2026-08-14 23:12:16,183 tracking: rect=(23, 18, 1447, 1132) overlay_visible=True
2026-08-14 23:12:16,291 tracking: rect=(23, 18, 1447, 1132) overlay_visible=True
2026-08-14 23:12:16,398 tracking: rect=(23, 18, 1447, 1132) overlay_visible=True
2026-08-14 23:12:16,506 tracking: rect=(23, 18, 1447, 1132) overlay_visible=True
2026-08-14 23:12:16,615 tracking: rect=(23, 18, 1447, 1132) overlay_visible=True
2026-08-14 23:12:16,724 tracking: rect=(23, 18, 1447, 1132) overlay_visible=True
2026-08-14 23:12:16,832 tracking: rect=(23, 18, 1447, 1132) overlay_visible=True
2026-08-14 23:12:16,940 tracking: rect=(23, 18, 1447, 1132) overlay_visible=True
2026-08-14 23:12:17,041 tracking: rect=(23, 18, 1447, 1132) overlay_visible=True
2026-08-14 23:12:17,142 tracking: rect=(23, 18, 1447, 1132) overlay_visible=True
2026-08-14 23:12:17,251 tracking: rect=(23, 18, 1447, 1132) overlay_visible=True
2026-08-14 23:12:17,359 tracking: rect=(23, 18, 1447, 1132) overlay_visible=True
2026-08-14 23:12:17,468 tracking: rect=(23, 18, 1447, 1132) overlay_visible=True
2026-08-14 23:12:17,577 tracking: rect=(23, 18, 1447, 1132) overlay_visible=True
2026-08-14 23:12:17,686 tracking: rect=(23, 18, 1447, 1132) overlay_visible=True
2026-08-14 23:12:17,794 tracking: rect=(23, 18, 1447, 1132) overlay_visible=True
2026-08-14 23:12:17,903 tracking: rect=(23, 18, 1447, 1132) overlay_visible=True
2026-08-14 23:12:18,013 tracking: rect=(23, 18, 1447, 1132) overlay_visible=True
2026-08-14 23:12:18,122 tracking: rect=(23, 18, 1447, 1132) overlay_visible=True
2026-08-14 23:12:18,230 tracking: rect=(23, 18, 1447, 1132) overlay_visible=True
2026-08-14 23:12:18,341 tracking: rect=(23, 18, 1447, 1132) overlay_visible=True
2026-08-14 23:12:18,449 tracking: rect=(23, 18, 1447, 1132) overlay_visible=True
2026-08-14 23:12:18,549 tracking: rect=(23, 18, 1447, 1132) overlay_visible=True
2026-08-14 23:12:18,650 tracking: rect=(23, 18, 1447, 1132) overlay_visible=True
2026-08-14 23:12:18,750 tracking: rect=(23, 18, 1447, 1132) overlay_visible=True
2026-08-14 23:12:18,854 tracking: rect=(23, 18, 1447, 1132) overlay_visible=True
2026-08-14 23:12:18,955 tracking: rect=(23, 18, 1447, 1132) overlay_visible=True
2026-08-14 23:12:19,056 tracking: rect=(23, 18, 1447, 1132) overlay_visible=True
2026-08-14 23:12:19,157 tracking: rect=(23, 18, 1447, 1132) overlay_visible=True
2026-08-14 23:12:19,257 tracking: rect=(23, 18, 1447, 1132) overlay_visible=True
2026-08-14 23:12:19,359 tracking: rect=(23, 18, 1447, 1132) overlay_visible=True
2026-08-14 23:12:19,460 tracking: rect=(23, 18, 1447, 1132) overlay_visible=True
2026-08-14 23:12:19,565 tracking: rect=(23, 18, 1447, 1132) overlay_visible=True
2026-08-14 23:12:19,678 tracking: rect=(23, 18, 1447, 1132) overlay_visible=True
2026-08-14 23:12:19,694 left click mode=judgement at (1923,454)
2026-08-14 23:12:19,787 tracking: rect=(23, 18, 1447, 1132) overlay_visible=True
2026-08-14 23:12:19,888 tracking: rect=(23, 18, 1447, 1132) overlay_visible=True
2026-08-14 23:12:19,989 tracking: rect=(23, 18, 1447, 1132) overlay_visible=True
2026-08-14 23:12:20,090 tracking: rect=(23, 18, 1447, 1132) overlay_visible=True
2026-08-14 23:12:20,190 tracking: rect=(23, 18, 1447, 1132) overlay_visible=True
2026-08-14 23:12:20,290 tracking: rect=(23, 18, 1447, 1132) overlay_visible=True
2026-08-14 23:12:20,390 tracking: rect=(23, 18, 1447, 1132) overlay_visible=True
2026-08-14 23:12:20,490 tracking: rect=(23, 18, 1447, 1132) overlay_visible=True
2026-08-14 23:12:20,591 tracking: rect=(23, 18, 1447, 1132) overlay_visible=True
2026-08-14 23:12:20,701 tracking: rect=(23, 18, 1447, 1132) overlay_visible=True
2026-08-14 23:12:20,717 left click mode=judgement at (2064,556)
2026-08-14 23:12:20,805 tracking: rect=(23, 18, 1447, 1132) overlay_visible=True
2026-08-14 23:12:20,920 tracking: rect=(23, 18, 1447, 1132) overlay_visible=True
2026-08-14 23:12:21,027 tracking: rect=(23, 18, 1447, 1132) overlay_visible=True
2026-08-14 23:12:21,135 tracking: rect=(23, 18, 1447, 1132) overlay_visible=True
2026-08-14 23:12:21,243 tracking: rect=(23, 18, 1447, 1132) overlay_visible=True
2026-08-14 23:12:21,350 tracking: rect=(23, 18, 1447, 1132) overlay_visible=True
2026-08-14 23:12:21,428 left click mode=judgement at (2064,558)
2026-08-14 23:12:21,459 tracking: rect=(23, 18, 1447, 1132) overlay_visible=True
2026-08-14 23:12:21,569 tracking: rect=(23, 18, 1447, 1132) overlay_visible=True
2026-08-14 23:12:21,678 tracking: rect=(23, 18, 1447, 1132) overlay_visible=True
2026-08-14 23:12:21,779 tracking: rect=(23, 18, 1447, 1132) overlay_visible=True
2026-08-14 23:12:21,880 tracking: rect=(23, 18, 1447, 1132) overlay_visible=True
2026-08-14 23:12:21,980 tracking: rect=(23, 18, 1447, 1132) overlay_visible=True
2026-08-14 23:12:22,080 tracking: rect=(23, 18, 1447, 1132) overlay_visible=True
2026-08-14 23:12:22,190 tracking: rect=(23, 18, 1447, 1132) overlay_visible=True
2026-08-14 23:12:22,298 tracking: rect=(23, 18, 1447, 1132) overlay_visible=True
2026-08-14 23:12:22,403 tracking: rect=(23, 18, 1447, 1132) overlay_visible=True
2026-08-14 23:12:22,504 tracking: rect=(23, 18, 1447, 1132) overlay_visible=True
2026-08-14 23:12:22,605 tracking: rect=(23, 18, 1447, 1132) overlay_visible=True
2026-08-14 23:12:22,709 tracking: rect=(23, 18, 1447, 1132) overlay_visible=True
2026-08-14 23:12:22,812 tracking: rect=(23, 18, 1447, 1132) overlay_visible=True
2026-08-14 23:12:22,913 tracking: rect=(23, 18, 1447, 1132) overlay_visible=True
2026-08-14 23:12:23,014 tracking: rect=(23, 18, 1447, 1132) overlay_visible=True
2026-08-14 23:12:23,122 tracking: rect=(23, 18, 1447, 1132) overlay_visible=True
2026-08-14 23:12:23,230 tracking: rect=(23, 18, 1447, 1132) overlay_visible=True
2026-08-14 23:12:23,332 tracking: rect=(23, 18, 1447, 1132) overlay_visible=True
2026-08-14 23:12:23,432 tracking: rect=(23, 18, 1447, 1132) overlay_visible=True
2026-08-14 23:12:23,540 tracking: rect=(23, 18, 1447, 1132) overlay_visible=True
2026-08-14 23:12:23,648 tracking: rect=(23, 18, 1447, 1132) overlay_visible=True
2026-08-14 23:12:23,757 tracking: rect=(23, 18, 1447, 1132) overlay_visible=True
2026-08-14 23:12:23,865 tracking: rect=(23, 18, 1447, 1132) overlay_visible=True
2026-08-14 23:12:23,974 tracking: rect=(23, 18, 1447, 1132) overlay_visible=True
2026-08-14 23:12:24,084 tracking: rect=(23, 18, 1447, 1132) overlay_visible=True
2026-08-14 23:12:24,191 tracking: rect=(23, 18, 1447, 1132) overlay_visible=True
2026-08-14 23:12:24,300 tracking: rect=(23, 18, 1447, 1132) overlay_visible=True
2026-08-14 23:12:24,410 tracking: rect=(23, 18, 1447, 1132) overlay_visible=True
2026-08-14 23:12:24,516 tracking: rect=(23, 18, 1447, 1132) overlay_visible=True
2026-08-14 23:12:24,625 tracking: rect=(23, 18, 1447, 1132) overlay_visible=True
2026-08-14 23:12:24,733 tracking: rect=(23, 18, 1447, 1132) overlay_visible=True
2026-08-14 23:12:24,843 tracking: rect=(23, 18, 1447, 1132) overlay_visible=True
2026-08-14 23:12:24,951 tracking: rect=(23, 18, 1447, 1132) overlay_visible=True
2026-08-14 23:12:25,051 tracking: rect=(23, 18, 1447, 1132) overlay_visible=True
2026-08-14 23:12:25,153 tracking: rect=(23, 18, 1447, 1132) overlay_visible=True
2026-08-14 23:12:25,254 tracking: rect=(23, 18, 1447, 1132) overlay_visible=True
2026-08-14 23:12:25,356 tracking: rect=(23, 18, 1447, 1132) overlay_visible=True
2026-08-14 23:12:25,464 tracking: rect=(23, 18, 1447, 1132) overlay_visible=True
2026-08-14 23:12:25,573 tracking: rect=(23, 18, 1447, 1132) overlay_visible=True
2026-08-14 23:12:25,681 tracking: rect=(23, 18, 1447, 1132) overlay_visible=True
2026-08-14 23:12:25,790 tracking: rect=(23, 18, 1447, 1132) overlay_visible=True
2026-08-14 23:12:25,892 tracking: rect=(23, 18, 1447, 1132) overlay_visible=True
2026-08-14 23:12:25,993 tracking: rect=(23, 18, 1447, 1132) overlay_visible=True
2026-08-14 23:12:26,094 tracking: rect=(23, 18, 1447, 1132) overlay_visible=True
2026-08-14 23:12:26,194 tracking: rect=(23, 18, 1447, 1132) overlay_visible=True
2026-08-14 23:12:26,294 tracking: rect=(23, 18, 1447, 1132) overlay_visible=True
2026-08-14 23:12:26,408 tracking: rect=(23, 18, 1447, 1132) overlay_visible=True
2026-08-14 23:12:26,517 tracking: rect=(23, 18, 1447, 1132) overlay_visible=True
2026-08-14 23:12:26,618 tracking: rect=(23, 18, 1447, 1132) overlay_visible=True
2026-08-14 23:12:26,718 tracking: rect=(23, 18, 1447, 1132) overlay_visible=True
2026-08-14 23:12:26,827 tracking: rect=(23, 18, 1447, 1132) overlay_visible=True
2026-08-14 23:12:26,936 tracking: rect=(23, 18, 1447, 1132) overlay_visible=True
2026-08-14 23:12:27,045 tracking: rect=(23, 18, 1447, 1132) overlay_visible=True
2026-08-14 23:12:27,154 tracking: rect=(23, 18, 1447, 1132) overlay_visible=True
2026-08-14 23:12:27,262 tracking: rect=(23, 18, 1447, 1132) overlay_visible=True
2026-08-14 23:12:27,370 tracking: rect=(23, 18, 1447, 1132) overlay_visible=True
2026-08-14 23:12:27,478 tracking: rect=(23, 18, 1447, 1132) overlay_visible=True
2026-08-14 23:12:27,586 tracking: rect=(23, 18, 1447, 1132) overlay_visible=True
2026-08-14 23:12:27,695 tracking: rect=(23, 18, 1447, 1132) overlay_visible=True
2026-08-14 23:12:27,804 tracking: rect=(23, 18, 1447, 1132) overlay_visible=True
2026-08-14 23:12:27,912 tracking: rect=(23, 18, 1447, 1132) overlay_visible=True
2026-08-14 23:12:28,021 tracking: rect=(23, 18, 1447, 1132) overlay_visible=True
2026-08-14 23:12:28,130 tracking: rect=(23, 18, 1447, 1132) overlay_visible=True
2026-08-14 23:12:28,238 tracking: rect=(23, 18, 1447, 1132) overlay_visible=True
2026-08-14 23:12:28,291 left click mode=judgement at (837,1578)
2026-08-14 23:12:28,347 tracking: rect=(23, 18, 1447, 1132) overlay_visible=True
2026-08-14 23:12:28,454 tracking: rect=(23, 18, 1447, 1132) overlay_visible=True
2026-08-14 23:12:28,562 tracking: rect=(23, 18, 1447, 1132) overlay_visible=True
2026-08-14 23:12:28,664 tracking: rect=(23, 18, 1447, 1132) overlay_visible=True
2026-08-14 23:12:28,766 tracking: rect=(23, 18, 1447, 1132) overlay_visible=True
2026-08-14 23:12:28,875 tracking: rect=(23, 18, 1447, 1132) overlay_visible=True
2026-08-14 23:12:28,984 tracking: rect=(23, 18, 1447, 1132) overlay_visible=True
2026-08-14 23:12:29,090 tracking: rect=(23, 18, 1447, 1132) overlay_visible=True
2026-08-14 23:12:29,199 tracking: rect=(23, 18, 1447, 1132) overlay_visible=True
2026-08-14 23:12:29,306 tracking: rect=(23, 18, 1447, 1132) overlay_visible=True
2026-08-14 23:12:29,414 tracking: rect=(23, 18, 1447, 1132) overlay_visible=True
2026-08-14 23:12:29,524 tracking: rect=(23, 18, 1447, 1132) overlay_visible=True
2026-08-14 23:12:29,632 tracking: rect=(23, 18, 1447, 1132) overlay_visible=True
2026-08-14 23:12:29,741 tracking: rect=(23, 18, 1447, 1132) overlay_visible=True
2026-08-14 23:12:29,850 tracking: rect=(23, 18, 1447, 1132) overlay_visible=True
2026-08-14 23:12:29,959 tracking: rect=(23, 18, 1447, 1132) overlay_visible=True
2026-08-14 23:12:30,067 tracking: rect=(23, 18, 1447, 1132) overlay_visible=True
2026-08-14 23:12:30,113 left click mode=judgement at (961,1380)
2026-08-14 23:12:30,177 tracking: rect=(23, 18, 1447, 1132) overlay_visible=True
2026-08-14 23:12:30,283 tracking: rect=(23, 18, 1447, 1132) overlay_visible=True
2026-08-14 23:12:30,391 tracking: rect=(23, 18, 1447, 1132) overlay_visible=True
2026-08-14 23:12:30,498 tracking: rect=(23, 18, 1447, 1132) overlay_visible=True
2026-08-14 23:12:30,606 tracking: rect=(23, 18, 1447, 1132) overlay_visible=True
2026-08-14 23:12:30,714 tracking: rect=(23, 18, 1447, 1132) overlay_visible=True
2026-08-14 23:12:30,820 tracking: rect=(23, 18, 1447, 1132) overlay_visible=True
2026-08-14 23:12:30,929 tracking: rect=(23, 18, 1447, 1132) overlay_visible=True
2026-08-14 23:12:31,038 tracking: rect=(23, 18, 1447, 1132) overlay_visible=True
2026-08-14 23:12:31,147 tracking: rect=(23, 18, 1447, 1132) overlay_visible=True
2026-08-14 23:12:31,257 tracking: rect=(23, 18, 1447, 1132) overlay_visible=True
2026-08-14 23:12:31,365 tracking: rect=(23, 18, 1447, 1132) overlay_visible=True
2026-08-14 23:12:31,473 tracking: rect=(23, 18, 1447, 1132) overlay_visible=True
2026-08-14 23:12:31,581 tracking: rect=(23, 18, 1447, 1132) overlay_visible=True
2026-08-14 23:12:31,689 tracking: rect=(23, 18, 1447, 1132) overlay_visible=True
2026-08-14 23:12:31,789 tracking: rect=(23, 18, 1447, 1132) overlay_visible=True
2026-08-14 23:12:31,891 tracking: rect=(23, 18, 1447, 1132) overlay_visible=True
2026-08-14 23:12:31,998 tracking: rect=(23, 18, 1447, 1132) overlay_visible=True
2026-08-14 23:12:32,107 tracking: rect=(23, 18, 1447, 1132) overlay_visible=True
2026-08-14 23:12:32,216 tracking: rect=(23, 18, 1447, 1132) overlay_visible=True
2026-08-14 23:12:32,262 left click mode=judgement at (1468,1260)
2026-08-14 23:12:32,321 tracking: rect=(23, 18, 1447, 1132) overlay_visible=True
2026-08-14 23:12:32,415 left click mode=judgement at (1468,1260)
2026-08-14 23:12:32,430 tracking: rect=(23, 18, 1447, 1132) overlay_visible=True
2026-08-14 23:12:32,539 tracking: rect=(23, 18, 1447, 1132) overlay_visible=True
2026-08-14 23:12:32,647 tracking: rect=(23, 18, 1447, 1132) overlay_visible=True
2026-08-14 23:12:32,755 tracking: rect=(23, 18, 1447, 1132) overlay_visible=True
2026-08-14 23:12:32,864 tracking: rect=(23, 18, 1447, 1132) overlay_visible=True
2026-08-14 23:12:32,972 tracking: rect=(23, 18, 1447, 1132) overlay_visible=True
2026-08-14 23:12:33,081 tracking: rect=(23, 18, 1447, 1132) overlay_visible=True
2026-08-14 23:12:33,189 tracking: rect=(23, 18, 1447, 1132) overlay_visible=True
2026-08-14 23:12:33,298 tracking: rect=(23, 18, 1447, 1132) overlay_visible=True
2026-08-14 23:12:33,406 tracking: rect=(23, 18, 1447, 1132) overlay_visible=True
2026-08-14 23:12:33,506 tracking: rect=(23, 18, 1447, 1132) overlay_visible=True
2026-08-14 23:12:33,616 tracking: rect=(23, 18, 1447, 1132) overlay_visible=True
2026-08-14 23:12:33,636 left click mode=judgement at (1264,667)
2026-08-14 23:12:33,724 tracking: rect=(23, 18, 1447, 1132) overlay_visible=True
2026-08-14 23:12:33,834 tracking: rect=(23, 18, 1447, 1132) overlay_visible=True
2026-08-14 23:12:33,943 tracking: rect=(23, 18, 1447, 1132) overlay_visible=True
2026-08-14 23:12:34,052 tracking: rect=(23, 18, 1447, 1132) overlay_visible=True
2026-08-14 23:12:34,161 tracking: rect=(23, 18, 1447, 1132) overlay_visible=True
2026-08-14 23:12:34,271 tracking: rect=(23, 18, 1447, 1132) overlay_visible=True
2026-08-14 23:12:34,382 tracking: rect=(23, 18, 1447, 1132) overlay_visible=True
2026-08-14 23:12:34,413 left click mode=judgement at (1532,1298)
2026-08-14 23:12:34,491 tracking: rect=(23, 18, 1447, 1132) overlay_visible=True
2026-08-14 23:12:34,600 tracking: rect=(23, 18, 1447, 1132) overlay_visible=True
2026-08-14 23:12:34,709 tracking: rect=(23, 18, 1447, 1132) overlay_visible=True
2026-08-14 23:12:34,817 tracking: rect=(23, 18, 1447, 1132) overlay_visible=True
2026-08-14 23:12:34,925 tracking: rect=(23, 18, 1447, 1132) overlay_visible=True
2026-08-14 23:12:35,033 tracking: rect=(23, 18, 1447, 1132) overlay_visible=True
2026-08-14 23:12:35,143 tracking: rect=(23, 18, 1447, 1132) overlay_visible=True
2026-08-14 23:12:35,253 tracking: rect=(23, 18, 1447, 1132) overlay_visible=True
2026-08-14 23:12:35,360 tracking: rect=(23, 18, 1447, 1132) overlay_visible=True
2026-08-14 23:12:35,460 tracking: rect=(23, 18, 1447, 1132) overlay_visible=True
2026-08-14 23:12:35,561 tracking: rect=(23, 18, 1447, 1132) overlay_visible=True
2026-08-14 23:12:35,662 tracking: rect=(23, 18, 1447, 1132) overlay_visible=True
2026-08-14 23:12:35,763 tracking: rect=(23, 18, 1447, 1132) overlay_visible=True
2026-08-14 23:12:35,870 tracking: rect=(23, 18, 1447, 1132) overlay_visible=True
2026-08-14 23:12:35,978 tracking: rect=(23, 18, 1447, 1132) overlay_visible=True
2026-08-14 23:12:36,085 tracking: rect=(23, 18, 1447, 1132) overlay_visible=True
2026-08-14 23:12:36,194 tracking: rect=(23, 18, 1447, 1132) overlay_visible=True
2026-08-14 23:12:36,302 tracking: rect=(23, 18, 1447, 1132) overlay_visible=True
2026-08-14 23:12:36,411 tracking: rect=(23, 18, 1447, 1132) overlay_visible=True
2026-08-14 23:12:36,521 tracking: rect=(23, 18, 1447, 1132) overlay_visible=True
2026-08-14 23:12:36,630 tracking: rect=(23, 18, 1447, 1132) overlay_visible=True
2026-08-14 23:12:36,738 tracking: rect=(23, 18, 1447, 1132) overlay_visible=True
2026-08-14 23:12:36,846 tracking: rect=(23, 18, 1447, 1132) overlay_visible=True
2026-08-14 23:12:36,954 tracking: rect=(23, 18, 1447, 1132) overlay_visible=True
2026-08-14 23:12:37,061 tracking: rect=(23, 18, 1447, 1132) overlay_visible=True
2026-08-14 23:12:37,171 tracking: rect=(23, 18, 1447, 1132) overlay_visible=True
2026-08-14 23:12:37,273 tracking: rect=(23, 18, 1447, 1132) overlay_visible=True
2026-08-14 23:12:37,374 tracking: rect=(23, 18, 1447, 1132) overlay_visible=True
2026-08-14 23:12:37,484 tracking: rect=(23, 18, 1447, 1132) overlay_visible=True
2026-08-14 23:12:37,592 tracking: rect=(23, 18, 1447, 1132) overlay_visible=True
2026-08-14 23:12:37,700 tracking: rect=(23, 18, 1447, 1132) overlay_visible=True
2026-08-14 23:12:37,809 tracking: rect=(23, 18, 1447, 1132) overlay_visible=True
2026-08-14 23:12:37,917 tracking: rect=(23, 18, 1447, 1132) overlay_visible=True
2026-08-14 23:12:38,026 tracking: rect=(23, 18, 1447, 1132) overlay_visible=True
2026-08-14 23:12:38,134 tracking: rect=(23, 18, 1447, 1132) overlay_visible=True
2026-08-14 23:12:38,243 tracking: rect=(23, 18, 1447, 1132) overlay_visible=True
2026-08-14 23:12:38,351 tracking: rect=(23, 18, 1447, 1132) overlay_visible=True
2026-08-14 23:12:38,461 tracking: rect=(23, 18, 1447, 1132) overlay_visible=True
2026-08-14 23:12:38,569 tracking: rect=(23, 18, 1447, 1132) overlay_visible=True
2026-08-14 23:12:38,678 tracking: rect=(23, 18, 1447, 1132) overlay_visible=True
2026-08-14 23:12:38,785 tracking: rect=(23, 18, 1447, 1132) overlay_visible=True
2026-08-14 23:12:38,894 tracking: rect=(23, 18, 1447, 1132) overlay_visible=True
2026-08-14 23:12:39,004 tracking: rect=(23, 18, 1447, 1132) overlay_visible=True
2026-08-14 23:12:39,112 tracking: rect=(23, 18, 1447, 1132) overlay_visible=True
2026-08-14 23:12:39,221 tracking: rect=(23, 18, 1447, 1132) overlay_visible=True
2026-08-14 23:12:39,329 tracking: rect=(23, 18, 1447, 1132) overlay_visible=True
2026-08-14 23:12:39,437 tracking: rect=(23, 18, 1447, 1132) overlay_visible=True
2026-08-14 23:12:39,540 tracking: rect=(23, 18, 1447, 1132) overlay_visible=True
2026-08-14 23:12:39,655 tracking: rect=(23, 18, 1447, 1132) overlay_visible=True
2026-08-14 23:12:39,762 tracking: rect=(23, 18, 1447, 1132) overlay_visible=True
2026-08-14 23:12:39,870 tracking: rect=(23, 18, 1447, 1132) overlay_visible=True
2026-08-14 23:12:39,979 tracking: rect=(23, 18, 1447, 1132) overlay_visible=True
2026-08-14 23:12:40,089 tracking: rect=(23, 18, 1447, 1132) overlay_visible=True
2026-08-14 23:12:40,197 tracking: rect=(23, 18, 1447, 1132) overlay_visible=True
2026-08-14 23:12:40,305 tracking: rect=(23, 18, 1447, 1132) overlay_visible=True
2026-08-14 23:12:40,415 tracking: rect=(23, 18, 1447, 1132) overlay_visible=True
2026-08-14 23:12:40,524 tracking: rect=(23, 18, 1447, 1132) overlay_visible=True
2026-08-14 23:12:40,633 tracking: rect=(23, 18, 1447, 1132) overlay_visible=True
2026-08-14 23:12:40,741 tracking: rect=(23, 18, 1447, 1132) overlay_visible=True
2026-08-14 23:12:40,850 tracking: rect=(23, 18, 1447, 1132) overlay_visible=True
2026-08-14 23:12:40,958 tracking: rect=(23, 18, 1447, 1132) overlay_visible=True
2026-08-14 23:12:41,067 tracking: rect=(23, 18, 1447, 1132) overlay_visible=True
2026-08-14 23:12:41,175 tracking: rect=(23, 18, 1447, 1132) overlay_visible=True
2026-08-14 23:12:41,284 tracking: rect=(23, 18, 1447, 1132) overlay_visible=True
2026-08-14 23:12:41,392 tracking: rect=(23, 18, 1447, 1132) overlay_visible=True
2026-08-14 23:12:41,500 tracking: rect=(23, 18, 1447, 1132) overlay_visible=True
2026-08-14 23:12:41,610 tracking: rect=(23, 18, 1447, 1132) overlay_visible=True
2026-08-14 23:12:41,719 tracking: rect=(23, 18, 1447, 1132) overlay_visible=True
2026-08-14 23:12:41,828 tracking: rect=(23, 18, 1447, 1132) overlay_visible=True
2026-08-14 23:12:41,936 tracking: rect=(23, 18, 1447, 1132) overlay_visible=True
2026-08-14 23:12:42,046 tracking: rect=(23, 18, 1447, 1132) overlay_visible=True
2026-08-14 23:12:42,154 tracking: rect=(23, 18, 1447, 1132) overlay_visible=True
2026-08-14 23:12:42,263 tracking: rect=(23, 18, 1447, 1132) overlay_visible=True
2026-08-14 23:12:42,372 tracking: rect=(23, 18, 1447, 1132) overlay_visible=True
2026-08-14 23:12:42,477 tracking: rect=(23, 18, 1447, 1132) overlay_visible=True
2026-08-14 23:12:42,587 tracking: rect=(23, 18, 1447, 1132) overlay_visible=True
2026-08-14 23:12:42,695 tracking: rect=(23, 18, 1447, 1132) overlay_visible=True
2026-08-14 23:12:42,804 tracking: rect=(23, 18, 1447, 1132) overlay_visible=True
2026-08-14 23:12:42,908 tracking: rect=(23, 18, 1447, 1132) overlay_visible=True
2026-08-14 23:12:43,019 tracking: rect=(23, 18, 1447, 1132) overlay_visible=True
2026-08-14 23:12:43,128 tracking: rect=(23, 18, 1447, 1132) overlay_visible=True
2026-08-14 23:12:43,237 tracking: rect=(23, 18, 1447, 1132) overlay_visible=True
2026-08-14 23:12:43,346 tracking: rect=(23, 18, 1447, 1132) overlay_visible=True
2026-08-14 23:12:43,453 tracking: rect=(23, 18, 1447, 1132) overlay_visible=True
2026-08-14 23:12:43,563 tracking: rect=(23, 18, 1447, 1132) overlay_visible=True
2026-08-14 23:12:43,663 tracking: rect=(23, 18, 1447, 1132) overlay_visible=True
2026-08-14 23:12:43,765 tracking: rect=(23, 18, 1447, 1132) overlay_visible=True
2026-08-14 23:12:43,875 tracking: rect=(23, 18, 1447, 1132) overlay_visible=True
2026-08-14 23:12:43,977 tracking: rect=(23, 18, 1447, 1132) overlay_visible=True
2026-08-14 23:12:44,092 tracking: rect=(23, 18, 1447, 1132) overlay_visible=True
2026-08-14 23:12:44,200 tracking: rect=(23, 18, 1447, 1132) overlay_visible=True
2026-08-14 23:12:44,304 tracking: rect=(23, 18, 1447, 1132) overlay_visible=True
2026-08-14 23:12:44,416 tracking: rect=(23, 18, 1447, 1132) overlay_visible=True
2026-08-14 23:12:44,525 tracking: rect=(23, 18, 1447, 1132) overlay_visible=True
2026-08-14 23:12:44,633 tracking: rect=(23, 18, 1447, 1132) overlay_visible=True
2026-08-14 23:12:44,742 tracking: rect=(23, 18, 1447, 1132) overlay_visible=True
2026-08-14 23:12:44,849 tracking: rect=(23, 18, 1447, 1132) overlay_visible=True
2026-08-14 23:12:44,958 tracking: rect=(23, 18, 1447, 1132) overlay_visible=True
2026-08-14 23:12:45,068 tracking: rect=(23, 18, 1447, 1132) overlay_visible=True
2026-08-14 23:12:45,177 tracking: rect=(23, 18, 1447, 1132) overlay_visible=True
2026-08-14 23:12:45,285 tracking: rect=(23, 18, 1447, 1132) overlay_visible=True
2026-08-14 23:12:45,393 tracking: rect=(23, 18, 1447, 1132) overlay_visible=True
2026-08-14 23:12:45,502 tracking: rect=(23, 18, 1447, 1132) overlay_visible=True
2026-08-14 23:12:45,610 tracking: rect=(23, 18, 1447, 1132) overlay_visible=True
2026-08-14 23:12:45,719 tracking: rect=(23, 18, 1447, 1132) overlay_visible=True
2026-08-14 23:12:45,828 tracking: rect=(23, 18, 1447, 1132) overlay_visible=True
2026-08-14 23:12:45,928 tracking: rect=(23, 18, 1447, 1132) overlay_visible=True
2026-08-14 23:12:46,031 tracking: rect=(23, 18, 1447, 1132) overlay_visible=True
2026-08-14 23:12:46,140 tracking: rect=(23, 18, 1447, 1132) overlay_visible=True
2026-08-14 23:12:46,249 tracking: rect=(23, 18, 1447, 1132) overlay_visible=True
2026-08-14 23:12:46,358 tracking: rect=(23, 18, 1447, 1132) overlay_visible=True
2026-08-14 23:12:46,467 tracking: rect=(23, 18, 1447, 1132) overlay_visible=True
2026-08-14 23:12:46,576 tracking: rect=(23, 18, 1447, 1132) overlay_visible=True
2026-08-14 23:12:46,685 tracking: rect=(23, 18, 1447, 1132) overlay_visible=True
2026-08-14 23:12:46,794 tracking: rect=(23, 18, 1447, 1132) overlay_visible=True
2026-08-14 23:12:46,903 tracking: rect=(23, 18, 1447, 1132) overlay_visible=True
2026-08-14 23:12:47,013 tracking: rect=(23, 18, 1447, 1132) overlay_visible=True
2026-08-14 23:12:47,121 tracking: rect=(23, 18, 1447, 1132) overlay_visible=True
2026-08-14 23:12:47,231 tracking: rect=(23, 18, 1447, 1132) overlay_visible=True
2026-08-14 23:12:47,340 tracking: rect=(23, 18, 1447, 1132) overlay_visible=True
2026-08-14 23:12:47,449 tracking: rect=(23, 18, 1447, 1132) overlay_visible=True
2026-08-14 23:12:47,559 tracking: rect=(23, 18, 1447, 1132) overlay_visible=True
2026-08-14 23:12:47,670 tracking: rect=(23, 18, 1447, 1132) overlay_visible=True
2026-08-14 23:12:47,778 tracking: rect=(23, 18, 1447, 1132) overlay_visible=True
2026-08-14 23:12:47,885 tracking: rect=(23, 18, 1447, 1132) overlay_visible=True
2026-08-14 23:12:47,994 tracking: rect=(23, 18, 1447, 1132) overlay_visible=True
2026-08-14 23:12:48,103 tracking: rect=(23, 18, 1447, 1132) overlay_visible=True
2026-08-14 23:12:48,212 tracking: rect=(23, 18, 1447, 1132) overlay_visible=True
2026-08-14 23:12:48,321 tracking: rect=(23, 18, 1447, 1132) overlay_visible=True
2026-08-14 23:12:48,429 tracking: rect=(23, 18, 1447, 1132) overlay_visible=True
2026-08-14 23:12:48,539 tracking: rect=(23, 18, 1447, 1132) overlay_visible=True
2026-08-14 23:12:48,647 tracking: rect=(23, 18, 1447, 1132) overlay_visible=True
2026-08-14 23:12:48,757 tracking: rect=(23, 18, 1447, 1132) overlay_visible=True
2026-08-14 23:12:48,866 tracking: rect=(23, 18, 1447, 1132) overlay_visible=True
2026-08-14 23:12:48,975 tracking: rect=(23, 18, 1447, 1132) overlay_visible=True
2026-08-14 23:12:49,085 tracking: rect=(23, 18, 1447, 1132) overlay_visible=True
2026-08-14 23:12:49,195 tracking: rect=(23, 18, 1447, 1132) overlay_visible=True
2026-08-14 23:12:49,302 tracking: rect=(23, 18, 1447, 1132) overlay_visible=True
2026-08-14 23:12:49,405 tracking: rect=(23, 18, 1447, 1132) overlay_visible=True
2026-08-14 23:12:49,506 tracking: rect=(23, 18, 1447, 1132) overlay_visible=True
2026-08-14 23:12:49,615 tracking: rect=(23, 18, 1447, 1132) overlay_visible=True
2026-08-14 23:12:49,724 tracking: rect=(23, 18, 1447, 1132) overlay_visible=True
2026-08-14 23:12:49,832 tracking: rect=(23, 18, 1447, 1132) overlay_visible=True
2026-08-14 23:12:49,942 tracking: rect=(23, 18, 1447, 1132) overlay_visible=True
2026-08-14 23:12:50,050 tracking: rect=(23, 18, 1447, 1132) overlay_visible=True
2026-08-14 23:12:50,159 tracking: rect=(23, 18, 1447, 1132) overlay_visible=True
2026-08-14 23:12:50,269 tracking: rect=(23, 18, 1447, 1132) overlay_visible=True
2026-08-14 23:12:50,378 tracking: rect=(23, 18, 1447, 1132) overlay_visible=True
2026-08-14 23:12:50,488 tracking: rect=(23, 18, 1447, 1132) overlay_visible=True
2026-08-14 23:12:50,598 tracking: rect=(23, 18, 1447, 1132) overlay_visible=True
2026-08-14 23:12:50,707 tracking: rect=(23, 18, 1447, 1132) overlay_visible=True
2026-08-14 23:12:50,816 tracking: rect=(23, 18, 1447, 1132) overlay_visible=True
2026-08-14 23:12:50,926 tracking: rect=(23, 18, 1447, 1132) overlay_visible=True
2026-08-14 23:12:51,035 tracking: rect=(23, 18, 1447, 1132) overlay_visible=True
2026-08-14 23:12:51,143 tracking: rect=(23, 18, 1447, 1132) overlay_visible=True
2026-08-14 23:12:51,251 tracking: rect=(23, 18, 1447, 1132) overlay_visible=True
2026-08-14 23:12:51,362 tracking: rect=(23, 18, 1447, 1132) overlay_visible=True
2026-08-14 23:12:51,471 tracking: rect=(23, 18, 1447, 1132) overlay_visible=True
2026-08-14 23:12:51,578 tracking: rect=(23, 18, 1447, 1132) overlay_visible=True
2026-08-14 23:12:51,689 tracking: rect=(23, 18, 1447, 1132) overlay_visible=True
2026-08-14 23:12:51,797 tracking: rect=(23, 18, 1447, 1132) overlay_visible=True
2026-08-14 23:12:51,907 tracking: rect=(23, 18, 1447, 1132) overlay_visible=True
2026-08-14 23:12:52,016 tracking: rect=(23, 18, 1447, 1132) overlay_visible=True
2026-08-14 23:12:52,124 tracking: rect=(23, 18, 1447, 1132) overlay_visible=True
2026-08-14 23:12:52,140 left click mode=judgement at (1794,329)
2026-08-14 23:12:52,226 tracking: rect=(23, 18, 1447, 1132) overlay_visible=True
2026-08-14 23:12:52,328 tracking: rect=(23, 18, 1447, 1132) overlay_visible=True
2026-08-14 23:12:52,429 tracking: rect=(23, 18, 1447, 1132) overlay_visible=True
2026-08-14 23:12:52,530 tracking: rect=(23, 18, 1447, 1132) overlay_visible=True
2026-08-14 23:12:52,639 tracking: rect=(23, 18, 1447, 1132) overlay_visible=True
2026-08-14 23:12:52,749 tracking: rect=(23, 18, 1447, 1132) overlay_visible=True
2026-08-14 23:12:52,794 left click mode=judgement at (2235,252)
2026-08-14 23:12:52,857 tracking: rect=(23, 18, 1447, 1132) overlay_visible=True
2026-08-14 23:12:52,958 tracking: rect=(23, 18, 1447, 1132) overlay_visible=True
2026-08-14 23:12:53,058 tracking: rect=(23, 18, 1447, 1132) overlay_visible=True
2026-08-14 23:12:53,159 tracking: rect=(23, 18, 1447, 1132) overlay_visible=True
2026-08-14 23:12:53,264 tracking: rect=(23, 18, 1447, 1132) overlay_visible=True
2026-08-14 23:12:53,375 tracking: rect=(23, 18, 1447, 1132) overlay_visible=True
2026-08-14 23:12:53,484 tracking: rect=(23, 18, 1447, 1132) overlay_visible=True
2026-08-14 23:12:53,593 tracking: rect=(23, 18, 1447, 1132) overlay_visible=True
2026-08-14 23:12:53,703 tracking: rect=(23, 18, 1447, 1132) overlay_visible=True
2026-08-14 23:12:53,811 tracking: rect=(23, 18, 1447, 1132) overlay_visible=True
2026-08-14 23:12:53,920 tracking: rect=(23, 18, 1447, 1132) overlay_visible=True
2026-08-14 23:12:54,029 tracking: rect=(23, 18, 1447, 1132) overlay_visible=True
2026-08-14 23:12:54,137 tracking: rect=(23, 18, 1447, 1132) overlay_visible=True
2026-08-14 23:12:54,247 tracking: rect=(23, 18, 1447, 1132) overlay_visible=True
2026-08-14 23:12:54,355 tracking: rect=(23, 18, 1447, 1132) overlay_visible=True
2026-08-14 23:12:54,466 tracking: rect=(23, 18, 1447, 1132) overlay_visible=True
2026-08-14 23:12:54,576 tracking: rect=(23, 18, 1447, 1132) overlay_visible=True
2026-08-14 23:12:54,685 tracking: rect=(23, 18, 1447, 1132) overlay_visible=True
2026-08-14 23:12:54,793 tracking: rect=(23, 18, 1447, 1132) overlay_visible=True
2026-08-14 23:12:54,903 tracking: rect=(23, 18, 1447, 1132) overlay_visible=True
2026-08-14 23:12:55,012 tracking: rect=(23, 18, 1447, 1132) overlay_visible=True
2026-08-14 23:12:55,119 tracking: rect=(23, 18, 1447, 1132) overlay_visible=True
2026-08-14 23:12:55,230 tracking: rect=(23, 18, 1447, 1132) overlay_visible=True
2026-08-14 23:12:55,339 tracking: rect=(23, 18, 1447, 1132) overlay_visible=True
2026-08-14 23:12:55,448 tracking: rect=(23, 18, 1447, 1132) overlay_visible=True
2026-08-14 23:12:55,558 tracking: rect=(23, 18, 1447, 1132) overlay_visible=True
2026-08-14 23:12:55,668 tracking: rect=(23, 18, 1447, 1132) overlay_visible=True
2026-08-14 23:12:55,778 tracking: rect=(23, 18, 1447, 1132) overlay_visible=True
2026-08-14 23:12:55,886 tracking: rect=(23, 18, 1447, 1132) overlay_visible=True
2026-08-14 23:12:55,997 tracking: rect=(23, 18, 1447, 1132) overlay_visible=True
2026-08-14 23:12:56,107 tracking: rect=(23, 18, 1447, 1132) overlay_visible=True
2026-08-14 23:12:56,217 tracking: rect=(23, 18, 1447, 1132) overlay_visible=True
2026-08-14 23:12:56,325 tracking: rect=(23, 18, 1447, 1132) overlay_visible=True
2026-08-14 23:12:56,435 tracking: rect=(23, 18, 1447, 1132) overlay_visible=True
2026-08-14 23:12:56,546 tracking: rect=(23, 18, 1447, 1132) overlay_visible=True
2026-08-14 23:12:56,654 tracking: rect=(23, 18, 1447, 1132) overlay_visible=True
2026-08-14 23:12:56,764 tracking: rect=(23, 18, 1447, 1132) overlay_visible=True
2026-08-14 23:12:56,873 tracking: rect=(23, 18, 1447, 1132) overlay_visible=True
2026-08-14 23:12:56,983 tracking: rect=(23, 18, 1447, 1132) overlay_visible=True
2026-08-14 23:12:57,093 tracking: rect=(23, 18, 1447, 1132) overlay_visible=True
2026-08-14 23:12:57,202 tracking: rect=(23, 18, 1447, 1132) overlay_visible=True
2026-08-14 23:12:57,312 tracking: rect=(23, 18, 1447, 1132) overlay_visible=True
2026-08-14 23:12:57,421 tracking: rect=(23, 18, 1447, 1132) overlay_visible=True
2026-08-14 23:12:57,530 tracking: rect=(23, 18, 1447, 1132) overlay_visible=True
2026-08-14 23:12:57,639 tracking: rect=(23, 18, 1447, 1132) overlay_visible=True
2026-08-14 23:12:57,748 tracking: rect=(23, 18, 1447, 1132) overlay_visible=True
2026-08-14 23:12:57,859 tracking: rect=(23, 18, 1447, 1132) overlay_visible=True
2026-08-14 23:12:57,968 tracking: rect=(23, 18, 1447, 1132) overlay_visible=True
2026-08-14 23:12:58,078 tracking: rect=(23, 18, 1447, 1132) overlay_visible=True
2026-08-14 23:12:58,187 tracking: rect=(23, 18, 1447, 1132) overlay_visible=True
2026-08-14 23:12:58,297 tracking: rect=(23, 18, 1447, 1132) overlay_visible=True
2026-08-14 23:12:58,404 tracking: rect=(23, 18, 1447, 1132) overlay_visible=True
2026-08-14 23:12:58,515 tracking: rect=(23, 18, 1447, 1132) overlay_visible=True
2026-08-14 23:12:58,624 tracking: rect=(23, 18, 1447, 1132) overlay_visible=True
2026-08-14 23:12:58,734 tracking: rect=(23, 18, 1447, 1132) overlay_visible=True
2026-08-14 23:12:58,841 tracking: rect=(23, 18, 1447, 1132) overlay_visible=True
2026-08-14 23:12:58,950 tracking: rect=(23, 18, 1447, 1132) overlay_visible=True
2026-08-14 23:12:59,060 tracking: rect=(23, 18, 1447, 1132) overlay_visible=True
2026-08-14 23:12:59,169 tracking: rect=(23, 18, 1447, 1132) overlay_visible=True
2026-08-14 23:12:59,278 tracking: rect=(23, 18, 1447, 1132) overlay_visible=True
2026-08-14 23:12:59,388 tracking: rect=(23, 18, 1447, 1132) overlay_visible=True
2026-08-14 23:12:59,497 tracking: rect=(23, 18, 1447, 1132) overlay_visible=True
2026-08-14 23:12:59,606 tracking: rect=(23, 18, 1447, 1132) overlay_visible=True
2026-08-14 23:12:59,715 tracking: rect=(23, 18, 1447, 1132) overlay_visible=True
2026-08-14 23:12:59,824 tracking: rect=(23, 18, 1447, 1132) overlay_visible=True
2026-08-14 23:12:59,934 tracking: rect=(23, 18, 1447, 1132) overlay_visible=True
2026-08-14 23:13:00,044 tracking: rect=(23, 18, 1447, 1132) overlay_visible=True
2026-08-14 23:13:00,154 tracking: rect=(23, 18, 1447, 1132) overlay_visible=True
2026-08-14 23:13:00,263 tracking: rect=(23, 18, 1447, 1132) overlay_visible=True
2026-08-14 23:13:00,372 tracking: rect=(23, 18, 1447, 1132) overlay_visible=True
2026-08-14 23:13:00,481 tracking: rect=(23, 18, 1447, 1132) overlay_visible=True
2026-08-14 23:13:00,590 tracking: rect=(23, 18, 1447, 1132) overlay_visible=True
2026-08-14 23:13:00,699 tracking: rect=(23, 18, 1447, 1132) overlay_visible=True
2026-08-14 23:13:00,809 tracking: rect=(23, 18, 1447, 1132) overlay_visible=True
2026-08-14 23:13:00,918 tracking: rect=(23, 18, 1447, 1132) overlay_visible=True
2026-08-14 23:13:01,028 tracking: rect=(23, 18, 1447, 1132) overlay_visible=True
2026-08-14 23:13:01,138 tracking: rect=(23, 18, 1447, 1132) overlay_visible=True
2026-08-14 23:13:01,245 tracking: rect=(23, 18, 1447, 1132) overlay_visible=True
2026-08-14 23:13:01,356 tracking: rect=(23, 18, 1447, 1132) overlay_visible=True
2026-08-14 23:13:01,463 tracking: rect=(23, 18, 1447, 1132) overlay_visible=True
2026-08-14 23:13:01,572 tracking: rect=(23, 18, 1447, 1132) overlay_visible=True
2026-08-14 23:13:01,679 tracking: rect=(23, 18, 1447, 1132) overlay_visible=True
2026-08-14 23:13:01,789 tracking: rect=(23, 18, 1447, 1132) overlay_visible=True
2026-08-14 23:13:01,899 tracking: rect=(23, 18, 1447, 1132) overlay_visible=True
2026-08-14 23:13:02,009 tracking: rect=(23, 18, 1447, 1132) overlay_visible=True
2026-08-14 23:13:02,118 tracking: rect=(23, 18, 1447, 1132) overlay_visible=True
2026-08-14 23:13:02,228 tracking: rect=(23, 18, 1447, 1132) overlay_visible=True
2026-08-14 23:13:02,336 tracking: rect=(23, 18, 1447, 1132) overlay_visible=True
2026-08-14 23:13:02,445 tracking: rect=(23, 18, 1447, 1132) overlay_visible=True
2026-08-14 23:13:02,554 tracking: rect=(23, 18, 1447, 1132) overlay_visible=True
2026-08-14 23:13:02,664 tracking: rect=(23, 18, 1447, 1132) overlay_visible=True
2026-08-14 23:13:02,773 tracking: rect=(23, 18, 1447, 1132) overlay_visible=True
2026-08-14 23:13:02,883 tracking: rect=(23, 18, 1447, 1132) overlay_visible=True
2026-08-14 23:13:02,992 tracking: rect=(23, 18, 1447, 1132) overlay_visible=True
2026-08-14 23:13:03,102 tracking: rect=(23, 18, 1447, 1132) overlay_visible=True
2026-08-14 23:13:03,210 tracking: rect=(23, 18, 1447, 1132) overlay_visible=True
2026-08-14 23:13:03,319 tracking: rect=(23, 18, 1447, 1132) overlay_visible=True
2026-08-14 23:13:03,428 tracking: rect=(23, 18, 1447, 1132) overlay_visible=True
2026-08-14 23:13:03,538 tracking: rect=(23, 18, 1447, 1132) overlay_visible=True
2026-08-14 23:13:03,647 tracking: rect=(23, 18, 1447, 1132) overlay_visible=True
2026-08-14 23:13:03,756 tracking: rect=(23, 18, 1447, 1132) overlay_visible=True
2026-08-14 23:13:03,865 tracking: rect=(23, 18, 1447, 1132) overlay_visible=True
2026-08-14 23:13:03,975 tracking: rect=(23, 18, 1447, 1132) overlay_visible=True
2026-08-14 23:13:04,083 tracking: rect=(23, 18, 1447, 1132) overlay_visible=True
2026-08-14 23:13:04,193 tracking: rect=(23, 18, 1447, 1132) overlay_visible=True
2026-08-14 23:13:04,302 tracking: rect=(23, 18, 1447, 1132) overlay_visible=True
2026-08-14 23:13:04,411 tracking: rect=(23, 18, 1447, 1132) overlay_visible=True
2026-08-14 23:13:04,520 tracking: rect=(23, 18, 1447, 1132) overlay_visible=True
2026-08-14 23:13:04,629 tracking: rect=(23, 18, 1447, 1132) overlay_visible=True
2026-08-14 23:13:04,739 tracking: rect=(23, 18, 1447, 1132) overlay_visible=True
2026-08-14 23:13:04,848 tracking: rect=(23, 18, 1447, 1132) overlay_visible=True
2026-08-14 23:13:04,958 tracking: rect=(23, 18, 1447, 1132) overlay_visible=True
2026-08-14 23:13:05,066 tracking: rect=(23, 18, 1447, 1132) overlay_visible=True
2026-08-14 23:13:05,175 tracking: rect=(23, 18, 1447, 1132) overlay_visible=True
2026-08-14 23:13:05,285 tracking: rect=(23, 18, 1447, 1132) overlay_visible=True
2026-08-14 23:13:05,395 tracking: rect=(23, 18, 1447, 1132) overlay_visible=True
2026-08-14 23:13:05,503 tracking: rect=(23, 18, 1447, 1132) overlay_visible=True
2026-08-14 23:13:05,612 tracking: rect=(23, 18, 1447, 1132) overlay_visible=True
2026-08-14 23:13:05,722 tracking: rect=(23, 18, 1447, 1132) overlay_visible=True
2026-08-14 23:13:05,830 tracking: rect=(23, 18, 1447, 1132) overlay_visible=True
2026-08-14 23:13:05,938 tracking: rect=(23, 18, 1447, 1132) overlay_visible=True
2026-08-14 23:13:06,047 tracking: rect=(23, 18, 1447, 1132) overlay_visible=True
2026-08-14 23:13:06,156 tracking: rect=(23, 18, 1447, 1132) overlay_visible=True
2026-08-14 23:13:06,266 tracking: rect=(23, 18, 1447, 1132) overlay_visible=True
2026-08-14 23:13:06,374 tracking: rect=(23, 18, 1447, 1132) overlay_visible=True
2026-08-14 23:13:06,483 tracking: rect=(23, 18, 1447, 1132) overlay_visible=True
2026-08-14 23:13:06,593 tracking: rect=(23, 18, 1447, 1132) overlay_visible=True
2026-08-14 23:13:06,702 tracking: rect=(23, 18, 1447, 1132) overlay_visible=True
2026-08-14 23:13:06,812 tracking: rect=(23, 18, 1447, 1132) overlay_visible=True
2026-08-14 23:13:06,920 tracking: rect=(23, 18, 1447, 1132) overlay_visible=True
2026-08-14 23:13:07,030 tracking: rect=(23, 18, 1447, 1132) overlay_visible=True
2026-08-14 23:13:07,140 tracking: rect=(23, 18, 1447, 1132) overlay_visible=True
2026-08-14 23:13:07,249 tracking: rect=(23, 18, 1447, 1132) overlay_visible=True
2026-08-14 23:13:07,357 tracking: rect=(23, 18, 1447, 1132) overlay_visible=True
2026-08-14 23:13:07,466 tracking: rect=(23, 18, 1447, 1132) overlay_visible=True
2026-08-14 23:13:07,575 tracking: rect=(23, 18, 1447, 1132) overlay_visible=True
2026-08-14 23:13:07,684 tracking: rect=(23, 18, 1447, 1132) overlay_visible=True
2026-08-14 23:13:07,793 tracking: rect=(23, 18, 1447, 1132) overlay_visible=True
2026-08-14 23:13:07,903 tracking: rect=(23, 18, 1447, 1132) overlay_visible=True
2026-08-14 23:13:08,012 tracking: rect=(23, 18, 1447, 1132) overlay_visible=True
2026-08-14 23:13:08,123 tracking: rect=(23, 18, 1447, 1132) overlay_visible=True
2026-08-14 23:13:08,232 tracking: rect=(23, 18, 1447, 1132) overlay_visible=True
2026-08-14 23:13:08,338 tracking: rect=(23, 18, 1447, 1132) overlay_visible=True
2026-08-14 23:13:08,447 tracking: rect=(23, 18, 1447, 1132) overlay_visible=True
2026-08-14 23:13:08,555 tracking: rect=(23, 18, 1447, 1132) overlay_visible=True
2026-08-14 23:13:08,663 tracking: rect=(23, 18, 1447, 1132) overlay_visible=True
2026-08-14 23:13:08,773 tracking: rect=(23, 18, 1447, 1132) overlay_visible=True
2026-08-14 23:13:08,882 tracking: rect=(23, 18, 1447, 1132) overlay_visible=True
2026-08-14 23:13:08,992 tracking: rect=(23, 18, 1447, 1132) overlay_visible=True
2026-08-14 23:13:09,101 tracking: rect=(23, 18, 1447, 1132) overlay_visible=True
2026-08-14 23:13:09,210 tracking: rect=(23, 18, 1447, 1132) overlay_visible=True
2026-08-14 23:13:09,319 tracking: rect=(23, 18, 1447, 1132) overlay_visible=True
2026-08-14 23:13:09,428 tracking: rect=(23, 18, 1447, 1132) overlay_visible=True
2026-08-14 23:13:09,538 tracking: rect=(23, 18, 1447, 1132) overlay_visible=True
2026-08-14 23:13:09,648 tracking: rect=(23, 18, 1447, 1132) overlay_visible=True
2026-08-14 23:13:09,757 tracking: rect=(23, 18, 1447, 1132) overlay_visible=True
2026-08-14 23:13:09,866 tracking: rect=(23, 18, 1447, 1132) overlay_visible=True
2026-08-14 23:13:09,974 tracking: rect=(23, 18, 1447, 1132) overlay_visible=True
2026-08-14 23:13:10,082 tracking: rect=(23, 18, 1447, 1132) overlay_visible=True
2026-08-14 23:13:10,192 tracking: rect=(23, 18, 1447, 1132) overlay_visible=True
2026-08-14 23:13:10,302 tracking: rect=(23, 18, 1447, 1132) overlay_visible=True
2026-08-14 23:13:10,411 tracking: rect=(23, 18, 1447, 1132) overlay_visible=True
2026-08-14 23:13:10,521 tracking: rect=(23, 18, 1447, 1132) overlay_visible=True
2026-08-14 23:13:10,630 tracking: rect=(23, 18, 1447, 1132) overlay_visible=True
2026-08-14 23:13:10,740 tracking: rect=(23, 18, 1447, 1132) overlay_visible=True
2026-08-14 23:13:10,849 tracking: rect=(23, 18, 1447, 1132) overlay_visible=True
2026-08-14 23:13:10,957 tracking: rect=(23, 18, 1447, 1132) overlay_visible=True
2026-08-14 23:13:11,067 tracking: rect=(23, 18, 1447, 1132) overlay_visible=True
2026-08-14 23:13:11,175 tracking: rect=(23, 18, 1447, 1132) overlay_visible=True
2026-08-14 23:13:11,285 tracking: rect=(23, 18, 1447, 1132) overlay_visible=True
2026-08-14 23:13:11,392 tracking: rect=(23, 18, 1447, 1132) overlay_visible=True
2026-08-14 23:13:11,502 tracking: rect=(23, 18, 1447, 1132) overlay_visible=True
2026-08-14 23:13:11,611 tracking: rect=(23, 18, 1447, 1132) overlay_visible=True
2026-08-14 23:13:11,719 tracking: rect=(23, 18, 1447, 1132) overlay_visible=True
2026-08-14 23:13:11,829 tracking: rect=(23, 18, 1447, 1132) overlay_visible=True
2026-08-14 23:13:11,937 tracking: rect=(23, 18, 1447, 1132) overlay_visible=True
2026-08-14 23:13:12,046 tracking: rect=(23, 18, 1447, 1132) overlay_visible=True
2026-08-14 23:13:12,154 tracking: rect=(23, 18, 1447, 1132) overlay_visible=True
2026-08-14 23:13:12,264 tracking: rect=(23, 18, 1447, 1132) overlay_visible=True
2026-08-14 23:13:12,374 tracking: rect=(23, 18, 1447, 1132) overlay_visible=True
2026-08-14 23:13:12,483 tracking: rect=(23, 18, 1447, 1132) overlay_visible=True
2026-08-14 23:13:12,593 tracking: rect=(23, 18, 1447, 1132) overlay_visible=True
2026-08-14 23:13:12,702 tracking: rect=(23, 18, 1447, 1132) overlay_visible=True
2026-08-14 23:13:12,812 tracking: rect=(23, 18, 1447, 1132) overlay_visible=True
2026-08-14 23:13:12,920 tracking: rect=(23, 18, 1447, 1132) overlay_visible=True
2026-08-14 23:13:13,029 tracking: rect=(23, 18, 1447, 1132) overlay_visible=True
2026-08-14 23:13:13,138 tracking: rect=(23, 18, 1447, 1132) overlay_visible=True
2026-08-14 23:13:13,245 tracking: rect=(23, 18, 1447, 1132) overlay_visible=True
2026-08-14 23:13:13,355 tracking: rect=(23, 18, 1447, 1132) overlay_visible=True
2026-08-14 23:13:13,462 tracking: rect=(23, 18, 1447, 1132) overlay_visible=True
2026-08-14 23:13:13,572 tracking: rect=(23, 18, 1447, 1132) overlay_visible=True
2026-08-14 23:13:13,680 tracking: rect=(23, 18, 1447, 1132) overlay_visible=True
2026-08-14 23:13:13,789 tracking: rect=(23, 18, 1447, 1132) overlay_visible=True
2026-08-14 23:13:13,899 tracking: rect=(23, 18, 1447, 1132) overlay_visible=True
2026-08-14 23:13:14,007 tracking: rect=(23, 18, 1447, 1132) overlay_visible=True
2026-08-14 23:13:14,116 tracking: rect=(23, 18, 1447, 1132) overlay_visible=True
2026-08-14 23:13:14,226 tracking: rect=(23, 18, 1447, 1132) overlay_visible=True
2026-08-14 23:13:14,337 tracking: rect=(23, 18, 1447, 1132) overlay_visible=True
2026-08-14 23:13:14,447 tracking: rect=(23, 18, 1447, 1132) overlay_visible=True
2026-08-14 23:13:14,557 tracking: rect=(23, 18, 1447, 1132) overlay_visible=True
2026-08-14 23:13:14,666 tracking: rect=(23, 18, 1447, 1132) overlay_visible=True
2026-08-14 23:13:14,775 tracking: rect=(23, 18, 1447, 1132) overlay_visible=True
2026-08-14 23:13:14,884 tracking: rect=(23, 18, 1447, 1132) overlay_visible=True
2026-08-14 23:13:14,989 tracking: rect=(23, 18, 1447, 1132) overlay_visible=True
2026-08-14 23:13:15,009 left click mode=judgement at (2120,1193)
2026-08-14 23:13:15,103 tracking: rect=(23, 18, 1447, 1132) overlay_visible=True
2026-08-14 23:13:15,213 tracking: rect=(23, 18, 1447, 1132) overlay_visible=True
2026-08-14 23:13:15,322 tracking: rect=(23, 18, 1447, 1132) overlay_visible=True
2026-08-14 23:13:15,430 tracking: rect=(23, 18, 1447, 1132) overlay_visible=True
2026-08-14 23:13:15,540 tracking: rect=(23, 18, 1447, 1132) overlay_visible=True
2026-08-14 23:13:15,647 tracking: rect=(23, 18, 1447, 1132) overlay_visible=True
2026-08-14 23:13:15,756 tracking: rect=(23, 18, 1447, 1132) overlay_visible=True
2026-08-14 23:13:15,867 tracking: rect=(23, 18, 1447, 1132) overlay_visible=True
2026-08-14 23:13:15,976 tracking: rect=(23, 18, 1447, 1132) overlay_visible=True
2026-08-14 23:13:16,085 tracking: rect=(23, 18, 1447, 1132) overlay_visible=True
2026-08-14 23:13:16,196 tracking: rect=(23, 18, 1447, 1132) overlay_visible=True
2026-08-14 23:13:16,296 tracking: rect=(23, 18, 1447, 1132) overlay_visible=True
2026-08-14 23:13:16,399 tracking: rect=(23, 18, 1447, 1132) overlay_visible=True
2026-08-14 23:13:16,509 tracking: rect=(23, 18, 1447, 1132) overlay_visible=True
2026-08-14 23:13:16,588 left click mode=judgement at (1983,267)
2026-08-14 23:13:16,619 tracking: rect=(23, 18, 1447, 1132) overlay_visible=True
2026-08-14 23:13:16,725 tracking: rect=(23, 18, 1447, 1132) overlay_visible=True
2026-08-14 23:13:16,835 tracking: rect=(23, 18, 1447, 1132) overlay_visible=True
2026-08-14 23:13:16,944 tracking: rect=(23, 18, 1447, 1132) overlay_visible=True
2026-08-14 23:13:17,053 tracking: rect=(23, 18, 1447, 1132) overlay_visible=True
2026-08-14 23:13:17,163 tracking: rect=(23, 18, 1447, 1132) overlay_visible=True
2026-08-14 23:13:17,271 tracking: rect=(23, 18, 1447, 1132) overlay_visible=True
2026-08-14 23:13:17,379 tracking: rect=(23, 18, 1447, 1132) overlay_visible=True
2026-08-14 23:13:17,480 tracking: rect=(23, 18, 1447, 1132) overlay_visible=True
2026-08-14 23:13:17,583 tracking: rect=(23, 18, 1447, 1132) overlay_visible=True
2026-08-14 23:13:17,693 tracking: rect=(23, 18, 1447, 1132) overlay_visible=True
2026-08-14 23:13:17,800 tracking: rect=(23, 18, 1447, 1132) overlay_visible=True
2026-08-14 23:13:17,909 tracking: rect=(23, 18, 1447, 1132) overlay_visible=True
2026-08-14 23:13:18,018 tracking: rect=(23, 18, 1447, 1132) overlay_visible=True
2026-08-14 23:13:18,125 tracking: rect=(23, 18, 1447, 1132) overlay_visible=True
2026-08-14 23:13:18,233 tracking: rect=(23, 18, 1447, 1132) overlay_visible=True
2026-08-14 23:13:18,341 tracking: rect=(23, 18, 1447, 1132) overlay_visible=True
2026-08-14 23:13:18,450 tracking: rect=(23, 18, 1447, 1132) overlay_visible=True
2026-08-14 23:13:18,560 tracking: rect=(23, 18, 1447, 1132) overlay_visible=True
2026-08-14 23:13:18,670 tracking: rect=(23, 18, 1447, 1132) overlay_visible=True
2026-08-14 23:13:18,779 tracking: rect=(23, 18, 1447, 1132) overlay_visible=True
2026-08-14 23:13:18,888 tracking: rect=(23, 18, 1447, 1132) overlay_visible=True
2026-08-14 23:13:18,996 tracking: rect=(23, 18, 1447, 1132) overlay_visible=True
2026-08-14 23:13:19,105 tracking: rect=(23, 18, 1447, 1132) overlay_visible=True
2026-08-14 23:13:19,214 tracking: rect=(23, 18, 1447, 1132) overlay_visible=True
2026-08-14 23:13:19,323 tracking: rect=(23, 18, 1447, 1132) overlay_visible=True
2026-08-14 23:13:19,432 tracking: rect=(23, 18, 1447, 1132) overlay_visible=True
2026-08-14 23:13:19,510 left click mode=judgement at (1300,1359)
2026-08-14 23:13:19,542 tracking: rect=(23, 18, 1447, 1132) overlay_visible=True
2026-08-14 23:13:19,651 tracking: rect=(23, 18, 1447, 1132) overlay_visible=True
2026-08-14 23:13:19,760 tracking: rect=(23, 18, 1447, 1132) overlay_visible=True
2026-08-14 23:13:19,869 tracking: rect=(23, 18, 1447, 1132) overlay_visible=True
2026-08-14 23:13:19,979 tracking: rect=(23, 18, 1447, 1132) overlay_visible=True
2026-08-14 23:13:20,089 tracking: rect=(23, 18, 1447, 1132) overlay_visible=True
2026-08-14 23:13:20,199 tracking: rect=(23, 18, 1447, 1132) overlay_visible=True
2026-08-14 23:13:20,307 tracking: rect=(23, 18, 1447, 1132) overlay_visible=True
2026-08-14 23:13:20,415 tracking: rect=(23, 18, 1447, 1132) overlay_visible=True
2026-08-14 23:13:20,524 tracking: rect=(23, 18, 1447, 1132) overlay_visible=True
2026-08-14 23:13:20,633 tracking: rect=(23, 18, 1447, 1132) overlay_visible=True
2026-08-14 23:13:20,741 tracking: rect=(23, 18, 1447, 1132) overlay_visible=True
2026-08-14 23:13:20,850 tracking: rect=(23, 18, 1447, 1132) overlay_visible=True
2026-08-14 23:13:20,959 tracking: rect=(23, 18, 1447, 1132) overlay_visible=True
2026-08-14 23:13:21,069 tracking: rect=(23, 18, 1447, 1132) overlay_visible=True
2026-08-14 23:13:21,179 tracking: rect=(23, 18, 1447, 1132) overlay_visible=True
2026-08-14 23:13:21,288 tracking: rect=(23, 18, 1447, 1132) overlay_visible=True
2026-08-14 23:13:21,398 tracking: rect=(23, 18, 1447, 1132) overlay_visible=True
2026-08-14 23:13:21,507 tracking: rect=(23, 18, 1447, 1132) overlay_visible=True
2026-08-14 23:13:21,617 tracking: rect=(23, 18, 1447, 1132) overlay_visible=True
2026-08-14 23:13:21,725 tracking: rect=(23, 18, 1447, 1132) overlay_visible=True
2026-08-14 23:13:21,834 tracking: rect=(23, 18, 1447, 1132) overlay_visible=True
2026-08-14 23:13:21,943 tracking: rect=(23, 18, 1447, 1132) overlay_visible=True
2026-08-14 23:13:22,052 tracking: rect=(23, 18, 1447, 1132) overlay_visible=True
2026-08-14 23:13:22,160 tracking: rect=(23, 18, 1447, 1132) overlay_visible=True
2026-08-14 23:13:22,269 tracking: rect=(23, 18, 1447, 1132) overlay_visible=True
2026-08-14 23:13:22,378 tracking: rect=(23, 18, 1447, 1132) overlay_visible=True
2026-08-14 23:13:22,487 tracking: rect=(23, 18, 1447, 1132) overlay_visible=True
2026-08-14 23:13:22,591 tracking: rect=(23, 18, 1447, 1132) overlay_visible=True
2026-08-14 23:13:22,692 tracking: rect=(23, 18, 1447, 1132) overlay_visible=True
2026-08-14 23:13:22,799 tracking: rect=(23, 18, 1447, 1132) overlay_visible=True
2026-08-14 23:13:22,907 tracking: rect=(23, 18, 1447, 1132) overlay_visible=True
2026-08-14 23:13:23,017 tracking: rect=(23, 18, 1447, 1132) overlay_visible=True
2026-08-14 23:13:23,125 tracking: rect=(23, 18, 1447, 1132) overlay_visible=True
2026-08-14 23:13:23,234 tracking: rect=(23, 18, 1447, 1132) overlay_visible=True
2026-08-14 23:13:23,335 tracking: rect=(23, 18, 1447, 1132) overlay_visible=True
2026-08-14 23:13:23,437 tracking: rect=(23, 18, 1447, 1132) overlay_visible=True
2026-08-14 23:13:23,545 tracking: rect=(23, 18, 1447, 1132) overlay_visible=True
2026-08-14 23:13:23,655 tracking: rect=(23, 18, 1447, 1132) overlay_visible=True
2026-08-14 23:13:23,764 tracking: rect=(23, 18, 1447, 1132) overlay_visible=True
2026-08-14 23:13:23,874 tracking: rect=(23, 18, 1447, 1132) overlay_visible=True
2026-08-14 23:13:23,983 tracking: rect=(23, 18, 1447, 1132) overlay_visible=True
2026-08-14 23:13:24,091 tracking: rect=(23, 18, 1447, 1132) overlay_visible=True
2026-08-14 23:13:24,200 tracking: rect=(23, 18, 1447, 1132) overlay_visible=True
2026-08-14 23:13:24,310 tracking: rect=(23, 18, 1447, 1132) overlay_visible=True
2026-08-14 23:13:24,417 tracking: rect=(23, 18, 1447, 1132) overlay_visible=True
2026-08-14 23:13:24,526 tracking: rect=(23, 18, 1447, 1132) overlay_visible=True
2026-08-14 23:13:24,636 tracking: rect=(23, 18, 1447, 1132) overlay_visible=True
2026-08-14 23:13:24,744 tracking: rect=(23, 18, 1447, 1132) overlay_visible=True
2026-08-14 23:13:24,852 tracking: rect=(23, 18, 1447, 1132) overlay_visible=True
2026-08-14 23:13:24,962 tracking: rect=(23, 18, 1447, 1132) overlay_visible=True
2026-08-14 23:13:25,070 tracking: rect=(23, 18, 1447, 1132) overlay_visible=True
2026-08-14 23:13:25,181 tracking: rect=(23, 18, 1447, 1132) overlay_visible=True
2026-08-14 23:13:25,289 tracking: rect=(23, 18, 1447, 1132) overlay_visible=True
2026-08-14 23:13:25,397 tracking: rect=(23, 18, 1447, 1132) overlay_visible=True
2026-08-14 23:13:25,507 tracking: rect=(23, 18, 1447, 1132) overlay_visible=True
2026-08-14 23:13:25,616 tracking: rect=(23, 18, 1447, 1132) overlay_visible=True
2026-08-14 23:13:25,725 tracking: rect=(23, 18, 1447, 1132) overlay_visible=True
2026-08-14 23:13:25,836 tracking: rect=(23, 18, 1447, 1132) overlay_visible=True
2026-08-14 23:13:25,945 tracking: rect=(23, 18, 1447, 1132) overlay_visible=True
2026-08-14 23:13:26,055 tracking: rect=(23, 18, 1447, 1132) overlay_visible=True
2026-08-14 23:13:26,164 tracking: rect=(23, 18, 1447, 1132) overlay_visible=True
2026-08-14 23:13:26,274 tracking: rect=(23, 18, 1447, 1132) overlay_visible=True
2026-08-14 23:13:26,381 tracking: rect=(23, 18, 1447, 1132) overlay_visible=True
2026-08-14 23:13:26,491 tracking: rect=(23, 18, 1447, 1132) overlay_visible=True
2026-08-14 23:13:26,599 tracking: rect=(23, 18, 1447, 1132) overlay_visible=True
2026-08-14 23:13:26,706 tracking: rect=(23, 18, 1447, 1132) overlay_visible=True
2026-08-14 23:13:26,815 tracking: rect=(23, 18, 1447, 1132) overlay_visible=True
2026-08-14 23:13:26,923 tracking: rect=(23, 18, 1447, 1132) overlay_visible=True
2026-08-14 23:13:27,032 tracking: rect=(23, 18, 1447, 1132) overlay_visible=True
2026-08-14 23:13:27,133 tracking: rect=(23, 18, 1447, 1132) overlay_visible=True
2026-08-14 23:13:27,234 tracking: rect=(23, 18, 1447, 1132) overlay_visible=True
2026-08-14 23:13:27,344 tracking: rect=(23, 18, 1447, 1132) overlay_visible=True
2026-08-14 23:13:27,453 tracking: rect=(23, 18, 1447, 1132) overlay_visible=True
2026-08-14 23:13:27,562 tracking: rect=(23, 18, 1447, 1132) overlay_visible=True
2026-08-14 23:13:27,672 tracking: rect=(23, 18, 1447, 1132) overlay_visible=True
2026-08-14 23:13:27,782 tracking: rect=(23, 18, 1447, 1132) overlay_visible=True
2026-08-14 23:13:27,893 tracking: rect=(23, 18, 1447, 1132) overlay_visible=True
2026-08-14 23:13:28,001 tracking: rect=(23, 18, 1447, 1132) overlay_visible=True
2026-08-14 23:13:28,112 tracking: rect=(23, 18, 1447, 1132) overlay_visible=True
2026-08-14 23:13:28,220 tracking: rect=(23, 18, 1447, 1132) overlay_visible=True
2026-08-14 23:13:28,330 tracking: rect=(23, 18, 1447, 1132) overlay_visible=True
2026-08-14 23:13:28,439 tracking: rect=(23, 18, 1447, 1132) overlay_visible=True
2026-08-14 23:13:28,548 tracking: rect=(23, 18, 1447, 1132) overlay_visible=True
2026-08-14 23:13:28,658 tracking: rect=(23, 18, 1447, 1132) overlay_visible=True
2026-08-14 23:13:28,766 tracking: rect=(23, 18, 1447, 1132) overlay_visible=True
2026-08-14 23:13:28,873 tracking: rect=(23, 18, 1447, 1132) overlay_visible=True
2026-08-14 23:13:28,983 tracking: rect=(23, 18, 1447, 1132) overlay_visible=True
2026-08-14 23:13:29,092 tracking: rect=(23, 18, 1447, 1132) overlay_visible=True
2026-08-14 23:13:29,201 tracking: rect=(23, 18, 1447, 1132) overlay_visible=True
2026-08-14 23:13:29,310 tracking: rect=(23, 18, 1447, 1132) overlay_visible=True
2026-08-14 23:13:29,414 tracking: rect=(23, 18, 1447, 1132) overlay_visible=True
2026-08-14 23:13:29,530 tracking: rect=(23, 18, 1447, 1132) overlay_visible=True
2026-08-14 23:13:29,638 tracking: rect=(23, 18, 1447, 1132) overlay_visible=True
2026-08-14 23:13:29,747 tracking: rect=(23, 18, 1447, 1132) overlay_visible=True
2026-08-14 23:13:29,853 tracking: rect=(23, 18, 1447, 1132) overlay_visible=True
2026-08-14 23:13:29,960 tracking: rect=(23, 18, 1447, 1132) overlay_visible=True
2026-08-14 23:13:30,069 tracking: rect=(23, 18, 1447, 1132) overlay_visible=True
2026-08-14 23:13:30,177 tracking: rect=(23, 18, 1447, 1132) overlay_visible=True
2026-08-14 23:13:30,287 tracking: rect=(23, 18, 1447, 1132) overlay_visible=True
2026-08-14 23:13:30,395 tracking: rect=(23, 18, 1447, 1132) overlay_visible=True
2026-08-14 23:13:30,504 tracking: rect=(23, 18, 1447, 1132) overlay_visible=True
2026-08-14 23:13:30,614 tracking: rect=(23, 18, 1447, 1132) overlay_visible=True
2026-08-14 23:13:30,722 tracking: rect=(23, 18, 1447, 1132) overlay_visible=True
2026-08-14 23:13:30,831 tracking: rect=(23, 18, 1447, 1132) overlay_visible=True
2026-08-14 23:13:30,941 tracking: rect=(23, 18, 1447, 1132) overlay_visible=True
2026-08-14 23:13:31,051 tracking: rect=(23, 18, 1447, 1132) overlay_visible=True
2026-08-14 23:13:31,159 tracking: rect=(23, 18, 1447, 1132) overlay_visible=True
2026-08-14 23:13:31,267 tracking: rect=(23, 18, 1447, 1132) overlay_visible=True
2026-08-14 23:13:31,376 tracking: rect=(23, 18, 1447, 1132) overlay_visible=True
2026-08-14 23:13:31,486 tracking: rect=(23, 18, 1447, 1132) overlay_visible=True
2026-08-14 23:13:31,595 tracking: rect=(23, 18, 1447, 1132) overlay_visible=True
2026-08-14 23:13:31,705 tracking: rect=(23, 18, 1447, 1132) overlay_visible=True
2026-08-14 23:13:31,815 tracking: rect=(23, 18, 1447, 1132) overlay_visible=True
2026-08-14 23:13:31,924 tracking: rect=(23, 18, 1447, 1132) overlay_visible=True
2026-08-14 23:13:32,034 tracking: rect=(23, 18, 1447, 1132) overlay_visible=True
2026-08-14 23:13:32,142 tracking: rect=(23, 18, 1447, 1132) overlay_visible=True
2026-08-14 23:13:32,252 tracking: rect=(23, 18, 1447, 1132) overlay_visible=True
2026-08-14 23:13:32,361 tracking: rect=(23, 18, 1447, 1132) overlay_visible=True
2026-08-14 23:13:32,468 tracking: rect=(23, 18, 1447, 1132) overlay_visible=True
2026-08-14 23:13:32,578 tracking: rect=(23, 18, 1447, 1132) overlay_visible=True
2026-08-14 23:13:32,687 tracking: rect=(23, 18, 1447, 1132) overlay_visible=True
2026-08-14 23:13:32,796 tracking: rect=(23, 18, 1447, 1132) overlay_visible=True
2026-08-14 23:13:32,907 tracking: rect=(23, 18, 1447, 1132) overlay_visible=True
2026-08-14 23:13:33,015 tracking: rect=(23, 18, 1447, 1132) overlay_visible=True
2026-08-14 23:13:33,125 tracking: rect=(23, 18, 1447, 1132) overlay_visible=True
2026-08-14 23:13:33,234 tracking: rect=(23, 18, 1447, 1132) overlay_visible=True
2026-08-14 23:13:33,343 tracking: rect=(23, 18, 1447, 1132) overlay_visible=True
2026-08-14 23:13:33,452 tracking: rect=(23, 18, 1447, 1132) overlay_visible=True
2026-08-14 23:13:33,562 tracking: rect=(23, 18, 1447, 1132) overlay_visible=True
2026-08-14 23:13:33,671 tracking: rect=(23, 18, 1447, 1132) overlay_visible=True
2026-08-14 23:13:33,778 tracking: rect=(23, 18, 1447, 1132) overlay_visible=True
2026-08-14 23:13:33,888 tracking: rect=(23, 18, 1447, 1132) overlay_visible=True
2026-08-14 23:13:33,999 tracking: rect=(23, 18, 1447, 1132) overlay_visible=True
2026-08-14 23:13:34,107 tracking: rect=(23, 18, 1447, 1132) overlay_visible=True
2026-08-14 23:13:34,215 tracking: rect=(23, 18, 1447, 1132) overlay_visible=True
2026-08-14 23:13:34,326 tracking: rect=(23, 18, 1447, 1132) overlay_visible=True
2026-08-14 23:13:34,434 tracking: rect=(23, 18, 1447, 1132) overlay_visible=True
2026-08-14 23:13:34,543 tracking: rect=(23, 18, 1447, 1132) overlay_visible=True
2026-08-14 23:13:34,651 tracking: rect=(23, 18, 1447, 1132) overlay_visible=True
2026-08-14 23:13:34,761 tracking: rect=(23, 18, 1447, 1132) overlay_visible=True
2026-08-14 23:13:34,870 tracking: rect=(23, 18, 1447, 1132) overlay_visible=True
2026-08-14 23:13:34,978 tracking: rect=(23, 18, 1447, 1132) overlay_visible=True
2026-08-14 23:13:35,088 tracking: rect=(23, 18, 1447, 1132) overlay_visible=True
2026-08-14 23:13:35,194 tracking: rect=(23, 18, 1447, 1132) overlay_visible=True
2026-08-14 23:13:35,308 tracking: rect=(23, 18, 1447, 1132) overlay_visible=True
2026-08-14 23:13:35,415 tracking: rect=(23, 18, 1447, 1132) overlay_visible=True
2026-08-14 23:13:35,526 tracking: rect=(23, 18, 1447, 1132) overlay_visible=True
2026-08-14 23:13:35,635 tracking: rect=(23, 18, 1447, 1132) overlay_visible=True
2026-08-14 23:13:35,745 tracking: rect=(23, 18, 1447, 1132) overlay_visible=True
2026-08-14 23:13:35,853 tracking: rect=(23, 18, 1447, 1132) overlay_visible=True
2026-08-14 23:13:35,961 tracking: rect=(23, 18, 1447, 1132) overlay_visible=True
2026-08-14 23:13:36,072 tracking: rect=(23, 18, 1447, 1132) overlay_visible=True
2026-08-14 23:13:36,182 tracking: rect=(23, 18, 1447, 1132) overlay_visible=True
2026-08-14 23:13:36,291 tracking: rect=(23, 18, 1447, 1132) overlay_visible=True
2026-08-14 23:13:36,399 tracking: rect=(23, 18, 1447, 1132) overlay_visible=True
2026-08-14 23:13:36,509 tracking: rect=(23, 18, 1447, 1132) overlay_visible=True
2026-08-14 23:13:36,618 tracking: rect=(23, 18, 1447, 1132) overlay_visible=True
2026-08-14 23:13:36,728 tracking: rect=(23, 18, 1447, 1132) overlay_visible=True
2026-08-14 23:13:36,836 tracking: rect=(23, 18, 1447, 1132) overlay_visible=True
2026-08-14 23:13:36,946 tracking: rect=(23, 18, 1447, 1132) overlay_visible=True
2026-08-14 23:13:37,055 tracking: rect=(23, 18, 1447, 1132) overlay_visible=True
2026-08-14 23:13:37,164 tracking: rect=(23, 18, 1447, 1132) overlay_visible=True
2026-08-14 23:13:37,276 tracking: rect=(23, 18, 1447, 1132) overlay_visible=True
2026-08-14 23:13:37,384 tracking: rect=(23, 18, 1447, 1132) overlay_visible=True
2026-08-14 23:13:37,493 tracking: rect=(23, 18, 1447, 1132) overlay_visible=True
2026-08-14 23:13:37,601 tracking: rect=(23, 18, 1447, 1132) overlay_visible=True
2026-08-14 23:13:37,709 tracking: rect=(23, 18, 1447, 1132) overlay_visible=True
2026-08-14 23:13:37,818 tracking: rect=(23, 18, 1447, 1132) overlay_visible=True
2026-08-14 23:13:37,928 tracking: rect=(23, 18, 1447, 1132) overlay_visible=True
2026-08-14 23:13:38,036 tracking: rect=(23, 18, 1447, 1132) overlay_visible=True
2026-08-14 23:13:38,145 tracking: rect=(23, 18, 1447, 1132) overlay_visible=True
2026-08-14 23:13:38,254 tracking: rect=(23, 18, 1447, 1132) overlay_visible=True
2026-08-14 23:13:38,363 tracking: rect=(23, 18, 1447, 1132) overlay_visible=True
2026-08-14 23:13:38,473 tracking: rect=(23, 18, 1447, 1132) overlay_visible=True
2026-08-14 23:13:38,583 tracking: rect=(23, 18, 1447, 1132) overlay_visible=True
2026-08-14 23:13:38,691 tracking: rect=(23, 18, 1447, 1132) overlay_visible=True
2026-08-14 23:13:38,802 tracking: rect=(23, 18, 1447, 1132) overlay_visible=True
2026-08-14 23:13:38,910 tracking: rect=(23, 18, 1447, 1132) overlay_visible=True
2026-08-14 23:13:39,019 tracking: rect=(23, 18, 1447, 1132) overlay_visible=True
2026-08-14 23:13:39,129 tracking: rect=(23, 18, 1447, 1132) overlay_visible=True
2026-08-14 23:13:39,238 tracking: rect=(23, 18, 1447, 1132) overlay_visible=True
2026-08-14 23:13:39,348 tracking: rect=(23, 18, 1447, 1132) overlay_visible=True
2026-08-14 23:13:39,458 tracking: rect=(23, 18, 1447, 1132) overlay_visible=True
2026-08-14 23:13:39,567 tracking: rect=(23, 18, 1447, 1132) overlay_visible=True
2026-08-14 23:13:39,677 tracking: rect=(23, 18, 1447, 1132) overlay_visible=True
2026-08-14 23:13:39,788 tracking: rect=(23, 18, 1447, 1132) overlay_visible=True
2026-08-14 23:13:39,898 tracking: rect=(23, 18, 1447, 1132) overlay_visible=True
2026-08-14 23:13:40,007 tracking: rect=(23, 18, 1447, 1132) overlay_visible=True
2026-08-14 23:13:40,117 tracking: rect=(23, 18, 1447, 1132) overlay_visible=True
2026-08-14 23:13:40,225 tracking: rect=(23, 18, 1447, 1132) overlay_visible=True
2026-08-14 23:13:40,335 tracking: rect=(23, 18, 1447, 1132) overlay_visible=True
2026-08-14 23:13:40,443 tracking: rect=(23, 18, 1447, 1132) overlay_visible=True
2026-08-14 23:13:40,553 tracking: rect=(23, 18, 1447, 1132) overlay_visible=True
2026-08-14 23:13:40,663 tracking: rect=(23, 18, 1447, 1132) overlay_visible=True
2026-08-14 23:13:40,771 tracking: rect=(23, 18, 1447, 1132) overlay_visible=True
2026-08-14 23:13:40,880 tracking: rect=(23, 18, 1447, 1132) overlay_visible=True
2026-08-14 23:13:40,989 tracking: rect=(23, 18, 1447, 1132) overlay_visible=True
2026-08-14 23:13:41,099 tracking: rect=(23, 18, 1447, 1132) overlay_visible=True
2026-08-14 23:13:41,208 tracking: rect=(23, 18, 1447, 1132) overlay_visible=True
2026-08-14 23:13:41,316 tracking: rect=(23, 18, 1447, 1132) overlay_visible=True
2026-08-14 23:13:41,427 tracking: rect=(23, 18, 1447, 1132) overlay_visible=True
2026-08-14 23:13:41,534 tracking: rect=(23, 18, 1447, 1132) overlay_visible=True
2026-08-14 23:13:41,644 tracking: rect=(23, 18, 1447, 1132) overlay_visible=True
2026-08-14 23:13:41,752 tracking: rect=(23, 18, 1447, 1132) overlay_visible=True
2026-08-14 23:13:41,862 tracking: rect=(23, 18, 1447, 1132) overlay_visible=True
2026-08-14 23:13:41,970 tracking: rect=(23, 18, 1447, 1132) overlay_visible=True
2026-08-14 23:13:42,079 tracking: rect=(23, 18, 1447, 1132) overlay_visible=True
2026-08-14 23:13:42,188 tracking: rect=(23, 18, 1447, 1132) overlay_visible=True
2026-08-14 23:13:42,297 tracking: rect=(23, 18, 1447, 1132) overlay_visible=True
2026-08-14 23:13:42,405 tracking: rect=(23, 18, 1447, 1132) overlay_visible=True
2026-08-14 23:13:42,514 tracking: rect=(23, 18, 1447, 1132) overlay_visible=True
2026-08-14 23:13:42,622 tracking: rect=(23, 18, 1447, 1132) overlay_visible=True
2026-08-14 23:13:42,732 tracking: rect=(23, 18, 1447, 1132) overlay_visible=True
2026-08-14 23:13:42,842 tracking: rect=(23, 18, 1447, 1132) overlay_visible=True
2026-08-14 23:13:42,951 tracking: rect=(23, 18, 1447, 1132) overlay_visible=True
2026-08-14 23:13:43,060 tracking: rect=(23, 18, 1447, 1132) overlay_visible=True
2026-08-14 23:13:43,170 tracking: rect=(23, 18, 1447, 1132) overlay_visible=True
2026-08-14 23:13:43,279 tracking: rect=(23, 18, 1447, 1132) overlay_visible=True
2026-08-14 23:13:43,390 tracking: rect=(23, 18, 1447, 1132) overlay_visible=True
2026-08-14 23:13:43,497 tracking: rect=(23, 18, 1447, 1132) overlay_visible=True
2026-08-14 23:13:43,605 tracking: rect=(23, 18, 1447, 1132) overlay_visible=True
2026-08-14 23:13:43,714 tracking: rect=(23, 18, 1447, 1132) overlay_visible=True
2026-08-14 23:13:43,823 tracking: rect=(23, 18, 1447, 1132) overlay_visible=True
2026-08-14 23:13:43,933 tracking: rect=(23, 18, 1447, 1132) overlay_visible=True
2026-08-14 23:13:44,043 tracking: rect=(23, 18, 1447, 1132) overlay_visible=True
2026-08-14 23:13:44,151 tracking: rect=(23, 18, 1447, 1132) overlay_visible=True
2026-08-14 23:13:44,259 tracking: rect=(23, 18, 1447, 1132) overlay_visible=True
2026-08-14 23:13:44,370 tracking: rect=(23, 18, 1447, 1132) overlay_visible=True
2026-08-14 23:13:44,479 tracking: rect=(23, 18, 1447, 1132) overlay_visible=True
2026-08-14 23:13:44,588 tracking: rect=(23, 18, 1447, 1132) overlay_visible=True
2026-08-14 23:13:44,698 tracking: rect=(23, 18, 1447, 1132) overlay_visible=True
2026-08-14 23:13:44,807 tracking: rect=(23, 18, 1447, 1132) overlay_visible=True
2026-08-14 23:13:44,914 tracking: rect=(23, 18, 1447, 1132) overlay_visible=True
2026-08-14 23:13:45,024 tracking: rect=(23, 18, 1447, 1132) overlay_visible=True
2026-08-14 23:13:45,135 tracking: rect=(23, 18, 1447, 1132) overlay_visible=True
2026-08-14 23:13:45,244 tracking: rect=(23, 18, 1447, 1132) overlay_visible=True
2026-08-14 23:13:45,354 tracking: rect=(23, 18, 1447, 1132) overlay_visible=True
2026-08-14 23:13:45,461 tracking: rect=(23, 18, 1447, 1132) overlay_visible=True
2026-08-14 23:13:45,570 tracking: rect=(23, 18, 1447, 1132) overlay_visible=True
2026-08-14 23:13:45,632 left click mode=judgement at (1401,1326)
2026-08-14 23:13:45,679 tracking: rect=(23, 18, 1447, 1132) overlay_visible=True
2026-08-14 23:13:45,789 tracking: rect=(23, 18, 1447, 1132) overlay_visible=True
2026-08-14 23:13:45,897 tracking: rect=(23, 18, 1447, 1132) overlay_visible=True
2026-08-14 23:13:46,007 tracking: rect=(23, 18, 1447, 1132) overlay_visible=True
2026-08-14 23:13:46,117 tracking: rect=(23, 18, 1447, 1132) overlay_visible=True
2026-08-14 23:13:46,226 tracking: rect=(23, 18, 1447, 1132) overlay_visible=True
2026-08-14 23:13:46,336 tracking: rect=(23, 18, 1447, 1132) overlay_visible=True
2026-08-14 23:13:46,446 tracking: rect=(23, 18, 1447, 1132) overlay_visible=True
2026-08-14 23:13:46,557 tracking: rect=(23, 18, 1447, 1132) overlay_visible=True
2026-08-14 23:13:46,666 tracking: rect=(23, 18, 1447, 1132) overlay_visible=True
2026-08-14 23:13:46,774 tracking: rect=(23, 18, 1447, 1132) overlay_visible=True
2026-08-14 23:13:46,885 tracking: rect=(23, 18, 1447, 1132) overlay_visible=True
2026-08-14 23:13:46,994 tracking: rect=(23, 18, 1447, 1132) overlay_visible=True
2026-08-14 23:13:47,102 tracking: rect=(23, 18, 1447, 1132) overlay_visible=True
2026-08-14 23:13:47,211 tracking: rect=(23, 18, 1447, 1132) overlay_visible=True
2026-08-14 23:13:47,320 tracking: rect=(23, 18, 1447, 1132) overlay_visible=True
2026-08-14 23:13:47,429 tracking: rect=(23, 18, 1447, 1132) overlay_visible=True
2026-08-14 23:13:47,538 tracking: rect=(23, 18, 1447, 1132) overlay_visible=True
2026-08-14 23:13:47,648 tracking: rect=(23, 18, 1447, 1132) overlay_visible=True
2026-08-14 23:13:47,758 tracking: rect=(23, 18, 1447, 1132) overlay_visible=True
2026-08-14 23:13:47,866 tracking: rect=(23, 18, 1447, 1132) overlay_visible=True
2026-08-14 23:13:47,974 tracking: rect=(23, 18, 1447, 1132) overlay_visible=True
2026-08-14 23:13:48,084 tracking: rect=(23, 18, 1447, 1132) overlay_visible=True
2026-08-14 23:13:48,191 tracking: rect=(23, 18, 1447, 1132) overlay_visible=True
2026-08-14 23:13:48,300 tracking: rect=(23, 18, 1447, 1132) overlay_visible=True
2026-08-14 23:13:48,410 tracking: rect=(23, 18, 1447, 1132) overlay_visible=True
2026-08-14 23:13:48,519 tracking: rect=(23, 18, 1447, 1132) overlay_visible=True
2026-08-14 23:13:48,628 tracking: rect=(23, 18, 1447, 1132) overlay_visible=True
2026-08-14 23:13:48,736 tracking: rect=(23, 18, 1447, 1132) overlay_visible=True
2026-08-14 23:13:48,844 tracking: rect=(23, 18, 1447, 1132) overlay_visible=True
2026-08-14 23:13:48,953 tracking: rect=(23, 18, 1447, 1132) overlay_visible=True
2026-08-14 23:13:49,064 tracking: rect=(23, 18, 1447, 1132) overlay_visible=True
2026-08-14 23:13:49,172 tracking: rect=(23, 18, 1447, 1132) overlay_visible=True
2026-08-14 23:13:49,280 tracking: rect=(23, 18, 1447, 1132) overlay_visible=True
2026-08-14 23:13:49,391 tracking: rect=(23, 18, 1447, 1132) overlay_visible=True
2026-08-14 23:13:49,500 tracking: rect=(23, 18, 1447, 1132) overlay_visible=True
2026-08-14 23:13:49,610 tracking: rect=(23, 18, 1447, 1132) overlay_visible=True
2026-08-14 23:13:49,719 tracking: rect=(23, 18, 1447, 1132) overlay_visible=True
2026-08-14 23:13:49,829 tracking: rect=(23, 18, 1447, 1132) overlay_visible=True
2026-08-14 23:13:49,937 tracking: rect=(23, 18, 1447, 1132) overlay_visible=True
2026-08-14 23:13:50,046 tracking: rect=(23, 18, 1447, 1132) overlay_visible=True
2026-08-14 23:13:50,156 tracking: rect=(23, 18, 1447, 1132) overlay_visible=True
2026-08-14 23:13:50,257 tracking: rect=(23, 18, 1447, 1132) overlay_visible=True
2026-08-14 23:13:50,359 tracking: rect=(23, 18, 1447, 1132) overlay_visible=True
2026-08-14 23:13:50,467 tracking: rect=(23, 18, 1447, 1132) overlay_visible=True
2026-08-14 23:13:50,576 tracking: rect=(23, 18, 1447, 1132) overlay_visible=True
2026-08-14 23:13:50,684 tracking: rect=(23, 18, 1447, 1132) overlay_visible=True
2026-08-14 23:13:50,794 tracking: rect=(23, 18, 1447, 1132) overlay_visible=True
2026-08-14 23:13:50,898 tracking: rect=(23, 18, 1447, 1132) overlay_visible=True
2026-08-14 23:13:51,013 tracking: rect=(23, 18, 1447, 1132) overlay_visible=True
2026-08-14 23:13:51,123 tracking: rect=(23, 18, 1447, 1132) overlay_visible=True
2026-08-14 23:13:51,233 tracking: rect=(23, 18, 1447, 1132) overlay_visible=True
2026-08-14 23:13:51,342 tracking: rect=(23, 18, 1447, 1132) overlay_visible=True
2026-08-14 23:13:51,450 tracking: rect=(23, 18, 1447, 1132) overlay_visible=True
2026-08-14 23:13:51,560 tracking: rect=(23, 18, 1447, 1132) overlay_visible=True
2026-08-14 23:13:51,669 tracking: rect=(23, 18, 1447, 1132) overlay_visible=True
2026-08-14 23:13:51,777 tracking: rect=(23, 18, 1447, 1132) overlay_visible=True
2026-08-14 23:13:51,888 tracking: rect=(23, 18, 1447, 1132) overlay_visible=True
2026-08-14 23:13:51,997 tracking: rect=(23, 18, 1447, 1132) overlay_visible=True
2026-08-14 23:13:52,105 tracking: rect=(23, 18, 1447, 1132) overlay_visible=True
2026-08-14 23:13:52,215 tracking: rect=(23, 18, 1447, 1132) overlay_visible=True
2026-08-14 23:13:52,325 tracking: rect=(23, 18, 1447, 1132) overlay_visible=True
2026-08-14 23:13:52,434 tracking: rect=(23, 18, 1447, 1132) overlay_visible=True
2026-08-14 23:13:52,543 tracking: rect=(23, 18, 1447, 1132) overlay_visible=True
2026-08-14 23:13:52,652 tracking: rect=(23, 18, 1447, 1132) overlay_visible=True
2026-08-14 23:13:52,761 tracking: rect=(23, 18, 1447, 1132) overlay_visible=True
2026-08-14 23:13:52,869 tracking: rect=(23, 18, 1447, 1132) overlay_visible=True
2026-08-14 23:13:52,979 tracking: rect=(23, 18, 1447, 1132) overlay_visible=True
2026-08-14 23:13:53,087 tracking: rect=(23, 18, 1447, 1132) overlay_visible=True
2026-08-14 23:13:53,196 tracking: rect=(23, 18, 1447, 1132) overlay_visible=True
2026-08-14 23:13:53,305 tracking: rect=(23, 18, 1447, 1132) overlay_visible=True
2026-08-14 23:13:53,415 tracking: rect=(23, 18, 1447, 1132) overlay_visible=True
2026-08-14 23:13:53,525 tracking: rect=(23, 18, 1447, 1132) overlay_visible=True
2026-08-14 23:13:53,632 tracking: rect=(23, 18, 1447, 1132) overlay_visible=True
2026-08-14 23:13:53,742 tracking: rect=(23, 18, 1447, 1132) overlay_visible=True
2026-08-14 23:13:53,852 tracking: rect=(23, 18, 1447, 1132) overlay_visible=True
2026-08-14 23:13:53,962 tracking: rect=(23, 18, 1447, 1132) overlay_visible=True
2026-08-14 23:13:54,069 tracking: rect=(23, 18, 1447, 1132) overlay_visible=True
2026-08-14 23:13:54,177 tracking: rect=(23, 18, 1447, 1132) overlay_visible=True
2026-08-14 23:13:54,287 tracking: rect=(23, 18, 1447, 1132) overlay_visible=True
2026-08-14 23:13:54,396 tracking: rect=(23, 18, 1447, 1132) overlay_visible=True
2026-08-14 23:13:54,506 tracking: rect=(23, 18, 1447, 1132) overlay_visible=True
2026-08-14 23:13:54,615 tracking: rect=(23, 18, 1447, 1132) overlay_visible=True
2026-08-14 23:13:54,725 tracking: rect=(23, 18, 1447, 1132) overlay_visible=True
2026-08-14 23:13:54,836 tracking: rect=(23, 18, 1447, 1132) overlay_visible=True
2026-08-14 23:13:54,945 tracking: rect=(23, 18, 1447, 1132) overlay_visible=True
2026-08-14 23:13:55,056 tracking: rect=(23, 18, 1447, 1132) overlay_visible=True
2026-08-14 23:13:55,165 tracking: rect=(23, 18, 1447, 1132) overlay_visible=True
2026-08-14 23:13:55,274 tracking: rect=(23, 18, 1447, 1132) overlay_visible=True
2026-08-14 23:13:55,384 tracking: rect=(23, 18, 1447, 1132) overlay_visible=True
2026-08-14 23:13:55,492 tracking: rect=(23, 18, 1447, 1132) overlay_visible=True
2026-08-14 23:13:55,602 tracking: rect=(23, 18, 1447, 1132) overlay_visible=True
2026-08-14 23:13:55,712 tracking: rect=(23, 18, 1447, 1132) overlay_visible=True
2026-08-14 23:13:55,821 tracking: rect=(23, 18, 1447, 1132) overlay_visible=True
2026-08-14 23:13:55,930 tracking: rect=(23, 18, 1447, 1132) overlay_visible=True
2026-08-14 23:13:56,038 tracking: rect=(23, 18, 1447, 1132) overlay_visible=True
2026-08-14 23:13:56,147 tracking: rect=(23, 18, 1447, 1132) overlay_visible=True
2026-08-14 23:13:56,257 tracking: rect=(23, 18, 1447, 1132) overlay_visible=True
2026-08-14 23:13:56,367 tracking: rect=(23, 18, 1447, 1132) overlay_visible=True
2026-08-14 23:13:56,474 tracking: rect=(23, 18, 1447, 1132) overlay_visible=True
2026-08-14 23:13:56,580 tracking: rect=(23, 18, 1447, 1132) overlay_visible=True
2026-08-14 23:13:56,689 tracking: rect=(23, 18, 1447, 1132) overlay_visible=True
2026-08-14 23:13:56,797 tracking: rect=(23, 18, 1447, 1132) overlay_visible=True
2026-08-14 23:13:56,907 tracking: rect=(23, 18, 1447, 1132) overlay_visible=True
2026-08-14 23:13:57,016 tracking: rect=(23, 18, 1447, 1132) overlay_visible=True
2026-08-14 23:13:57,125 tracking: rect=(23, 18, 1447, 1132) overlay_visible=True
2026-08-14 23:13:57,234 tracking: rect=(23, 18, 1447, 1132) overlay_visible=True
2026-08-14 23:13:57,343 tracking: rect=(23, 18, 1447, 1132) overlay_visible=True
2026-08-14 23:13:57,452 tracking: rect=(23, 18, 1447, 1132) overlay_visible=True
2026-08-14 23:13:57,560 tracking: rect=(23, 18, 1447, 1132) overlay_visible=True
2026-08-14 23:13:57,669 tracking: rect=(23, 18, 1447, 1132) overlay_visible=True
2026-08-14 23:13:57,777 tracking: rect=(23, 18, 1447, 1132) overlay_visible=True
2026-08-14 23:13:57,887 tracking: rect=(23, 18, 1447, 1132) overlay_visible=True
2026-08-14 23:13:57,995 tracking: rect=(23, 18, 1447, 1132) overlay_visible=True
2026-08-14 23:13:58,104 tracking: rect=(23, 18, 1447, 1132) overlay_visible=True
2026-08-14 23:13:58,214 tracking: rect=(23, 18, 1447, 1132) overlay_visible=True
2026-08-14 23:13:58,323 tracking: rect=(23, 18, 1447, 1132) overlay_visible=True
2026-08-14 23:13:58,433 tracking: rect=(23, 18, 1447, 1132) overlay_visible=True
2026-08-14 23:13:58,542 tracking: rect=(23, 18, 1447, 1132) overlay_visible=True
2026-08-14 23:13:58,652 tracking: rect=(23, 18, 1447, 1132) overlay_visible=True
2026-08-14 23:13:58,761 tracking: rect=(23, 18, 1447, 1132) overlay_visible=True
2026-08-14 23:13:58,867 tracking: rect=(23, 18, 1447, 1132) overlay_visible=True
2026-08-14 23:13:58,979 tracking: rect=(23, 18, 1447, 1132) overlay_visible=True
2026-08-14 23:13:59,087 tracking: rect=(23, 18, 1447, 1132) overlay_visible=True
2026-08-14 23:13:59,196 tracking: rect=(23, 18, 1447, 1132) overlay_visible=True
2026-08-14 23:13:59,305 tracking: rect=(23, 18, 1447, 1132) overlay_visible=True
2026-08-14 23:13:59,414 tracking: rect=(23, 18, 1447, 1132) overlay_visible=True
2026-08-14 23:13:59,524 tracking: rect=(23, 18, 1447, 1132) overlay_visible=True
2026-08-14 23:13:59,632 tracking: rect=(23, 18, 1447, 1132) overlay_visible=True
2026-08-14 23:13:59,742 tracking: rect=(23, 18, 1447, 1132) overlay_visible=True
2026-08-14 23:13:59,852 tracking: rect=(23, 18, 1447, 1132) overlay_visible=True
2026-08-14 23:13:59,960 tracking: rect=(23, 18, 1447, 1132) overlay_visible=True
2026-08-14 23:14:00,069 tracking: rect=(23, 18, 1447, 1132) overlay_visible=True
2026-08-14 23:14:00,177 tracking: rect=(23, 18, 1447, 1132) overlay_visible=True
2026-08-14 23:14:00,287 tracking: rect=(23, 18, 1447, 1132) overlay_visible=True
2026-08-14 23:14:00,397 tracking: rect=(23, 18, 1447, 1132) overlay_visible=True
2026-08-14 23:14:00,506 tracking: rect=(23, 18, 1447, 1132) overlay_visible=True
2026-08-14 23:14:00,615 tracking: rect=(23, 18, 1447, 1132) overlay_visible=True
2026-08-14 23:14:00,724 tracking: rect=(23, 18, 1447, 1132) overlay_visible=True
2026-08-14 23:14:00,834 tracking: rect=(23, 18, 1447, 1132) overlay_visible=True
2026-08-14 23:14:00,942 tracking: rect=(23, 18, 1447, 1132) overlay_visible=True
2026-08-14 23:14:01,049 tracking: rect=(23, 18, 1447, 1132) overlay_visible=True
2026-08-14 23:14:01,159 tracking: rect=(23, 18, 1447, 1132) overlay_visible=True
2026-08-14 23:14:01,267 tracking: rect=(23, 18, 1447, 1132) overlay_visible=True
2026-08-14 23:14:01,376 tracking: rect=(23, 18, 1447, 1132) overlay_visible=True
2026-08-14 23:14:01,485 tracking: rect=(23, 18, 1447, 1132) overlay_visible=True
2026-08-14 23:14:01,594 tracking: rect=(23, 18, 1447, 1132) overlay_visible=True
2026-08-14 23:14:01,704 tracking: rect=(23, 18, 1447, 1132) overlay_visible=True
2026-08-14 23:14:01,782 left click mode=judgement at (1540,422)
2026-08-14 23:14:01,814 tracking: rect=(23, 18, 1447, 1132) overlay_visible=True
2026-08-14 23:14:01,915 tracking: rect=(23, 18, 1447, 1132) overlay_visible=True
2026-08-14 23:14:02,022 tracking: rect=(23, 18, 1447, 1132) overlay_visible=True
2026-08-14 23:14:02,123 tracking: rect=(23, 18, 1447, 1132) overlay_visible=True
2026-08-14 23:14:02,226 tracking: rect=(23, 18, 1447, 1132) overlay_visible=True
2026-08-14 23:14:02,327 tracking: rect=(23, 18, 1447, 1132) overlay_visible=True
2026-08-14 23:14:02,435 tracking: rect=(23, 18, 1447, 1132) overlay_visible=True
2026-08-14 23:14:02,544 tracking: rect=(23, 18, 1447, 1132) overlay_visible=True
2026-08-14 23:14:02,647 tracking: rect=(23, 18, 1447, 1132) overlay_visible=True
2026-08-14 23:14:02,757 tracking: rect=(23, 18, 1447, 1132) overlay_visible=True
2026-08-14 23:14:02,866 tracking: rect=(23, 18, 1447, 1132) overlay_visible=True
2026-08-14 23:14:02,974 tracking: rect=(23, 18, 1447, 1132) overlay_visible=True
2026-08-14 23:14:03,085 tracking: rect=(23, 18, 1447, 1132) overlay_visible=True
2026-08-14 23:14:03,198 tracking: rect=(23, 18, 1447, 1132) overlay_visible=True
2026-08-14 23:14:03,307 tracking: rect=(23, 18, 1447, 1132) overlay_visible=True
2026-08-14 23:14:03,415 tracking: rect=(23, 18, 1447, 1132) overlay_visible=True
2026-08-14 23:14:03,524 tracking: rect=(23, 18, 1447, 1132) overlay_visible=True
2026-08-14 23:14:03,634 tracking: rect=(23, 18, 1447, 1132) overlay_visible=True
2026-08-14 23:14:03,742 tracking: rect=(23, 18, 1447, 1132) overlay_visible=True
2026-08-14 23:14:03,852 tracking: rect=(23, 18, 1447, 1132) overlay_visible=True
2026-08-14 23:14:03,960 tracking: rect=(23, 18, 1447, 1132) overlay_visible=True
2026-08-14 23:14:04,069 tracking: rect=(23, 18, 1447, 1132) overlay_visible=True
2026-08-14 23:14:04,178 tracking: rect=(23, 18, 1447, 1132) overlay_visible=True
2026-08-14 23:14:04,287 tracking: rect=(23, 18, 1447, 1132) overlay_visible=True
2026-08-14 23:14:04,397 tracking: rect=(23, 18, 1447, 1132) overlay_visible=True
2026-08-14 23:14:04,506 tracking: rect=(23, 18, 1447, 1132) overlay_visible=True
2026-08-14 23:14:04,618 tracking: rect=(23, 18, 1447, 1132) overlay_visible=True
2026-08-14 23:14:04,725 tracking: rect=(23, 18, 1447, 1132) overlay_visible=True
2026-08-14 23:14:04,835 tracking: rect=(23, 18, 1447, 1132) overlay_visible=True
2026-08-14 23:14:04,943 tracking: rect=(23, 18, 1447, 1132) overlay_visible=True
2026-08-14 23:14:05,053 tracking: rect=(23, 18, 1447, 1132) overlay_visible=True
2026-08-14 23:14:05,163 tracking: rect=(23, 18, 1447, 1132) overlay_visible=True
2026-08-14 23:14:05,273 tracking: rect=(23, 18, 1447, 1132) overlay_visible=True
2026-08-14 23:14:05,381 tracking: rect=(23, 18, 1447, 1132) overlay_visible=True
2026-08-14 23:14:05,491 tracking: rect=(23, 18, 1447, 1132) overlay_visible=True
2026-08-14 23:14:05,600 tracking: rect=(23, 18, 1447, 1132) overlay_visible=True
2026-08-14 23:14:05,707 tracking: rect=(23, 18, 1447, 1132) overlay_visible=True
2026-08-14 23:14:05,819 tracking: rect=(23, 18, 1447, 1132) overlay_visible=True
2026-08-14 23:14:05,929 tracking: rect=(23, 18, 1447, 1132) overlay_visible=True
2026-08-14 23:14:06,039 tracking: rect=(23, 18, 1447, 1132) overlay_visible=True
2026-08-14 23:14:06,147 tracking: rect=(23, 18, 1447, 1132) overlay_visible=True
2026-08-14 23:14:06,257 tracking: rect=(23, 18, 1447, 1132) overlay_visible=True
2026-08-14 23:14:06,366 tracking: rect=(23, 18, 1447, 1132) overlay_visible=True
2026-08-14 23:14:06,476 tracking: rect=(23, 18, 1447, 1132) overlay_visible=True
2026-08-14 23:14:06,586 tracking: rect=(23, 18, 1447, 1132) overlay_visible=True
2026-08-14 23:14:06,696 tracking: rect=(23, 18, 1447, 1132) overlay_visible=True
2026-08-14 23:14:06,805 tracking: rect=(23, 18, 1447, 1132) overlay_visible=True
2026-08-14 23:14:06,914 tracking: rect=(23, 18, 1447, 1132) overlay_visible=True
2026-08-14 23:14:07,023 tracking: rect=(23, 18, 1447, 1132) overlay_visible=True
2026-08-14 23:14:07,132 tracking: rect=(23, 18, 1447, 1132) overlay_visible=True
2026-08-14 23:14:07,242 tracking: rect=(23, 18, 1447, 1132) overlay_visible=True
2026-08-14 23:14:07,352 tracking: rect=(23, 18, 1447, 1132) overlay_visible=True
2026-08-14 23:14:07,462 tracking: rect=(23, 18, 1447, 1132) overlay_visible=True
2026-08-14 23:14:07,571 tracking: rect=(23, 18, 1447, 1132) overlay_visible=True
2026-08-14 23:14:07,679 tracking: rect=(23, 18, 1447, 1132) overlay_visible=True
2026-08-14 23:14:07,788 tracking: rect=(23, 18, 1447, 1132) overlay_visible=True
2026-08-14 23:14:07,897 tracking: rect=(23, 18, 1447, 1132) overlay_visible=True
2026-08-14 23:14:08,007 tracking: rect=(23, 18, 1447, 1132) overlay_visible=True
2026-08-14 23:14:08,115 tracking: rect=(23, 18, 1447, 1132) overlay_visible=True
2026-08-14 23:14:08,225 tracking: rect=(23, 18, 1447, 1132) overlay_visible=True
2026-08-14 23:14:08,335 tracking: rect=(23, 18, 1447, 1132) overlay_visible=True
2026-08-14 23:14:08,444 tracking: rect=(23, 18, 1447, 1132) overlay_visible=True
2026-08-14 23:14:08,554 tracking: rect=(23, 18, 1447, 1132) overlay_visible=True
2026-08-14 23:14:08,663 tracking: rect=(23, 18, 1447, 1132) overlay_visible=True
2026-08-14 23:14:08,773 tracking: rect=(23, 18, 1447, 1132) overlay_visible=True
2026-08-14 23:14:08,882 tracking: rect=(23, 18, 1447, 1132) overlay_visible=True
2026-08-14 23:14:08,993 tracking: rect=(23, 18, 1447, 1132) overlay_visible=True
2026-08-14 23:14:09,102 tracking: rect=(23, 18, 1447, 1132) overlay_visible=True
2026-08-14 23:14:09,211 tracking: rect=(23, 18, 1447, 1132) overlay_visible=True
2026-08-14 23:14:09,322 tracking: rect=(23, 18, 1447, 1132) overlay_visible=True
2026-08-14 23:14:09,432 tracking: rect=(23, 18, 1447, 1132) overlay_visible=True
2026-08-14 23:14:09,542 tracking: rect=(23, 18, 1447, 1132) overlay_visible=True
2026-08-14 23:14:09,652 tracking: rect=(23, 18, 1447, 1132) overlay_visible=True
2026-08-14 23:14:09,762 tracking: rect=(23, 18, 1447, 1132) overlay_visible=True
2026-08-14 23:14:09,872 tracking: rect=(23, 18, 1447, 1132) overlay_visible=True
2026-08-14 23:14:09,980 tracking: rect=(23, 18, 1447, 1132) overlay_visible=True
2026-08-14 23:14:10,091 tracking: rect=(23, 18, 1447, 1132) overlay_visible=True
2026-08-14 23:14:10,200 tracking: rect=(23, 18, 1447, 1132) overlay_visible=True
2026-08-14 23:14:10,310 tracking: rect=(23, 18, 1447, 1132) overlay_visible=True
2026-08-14 23:14:10,418 tracking: rect=(23, 18, 1447, 1132) overlay_visible=True
2026-08-14 23:14:10,528 tracking: rect=(23, 18, 1447, 1132) overlay_visible=True
2026-08-14 23:14:10,637 tracking: rect=(23, 18, 1447, 1132) overlay_visible=True
2026-08-14 23:14:10,748 tracking: rect=(23, 18, 1447, 1132) overlay_visible=True
2026-08-14 23:14:10,856 tracking: rect=(23, 18, 1447, 1132) overlay_visible=True
2026-08-14 23:14:10,962 tracking: rect=(23, 18, 1447, 1132) overlay_visible=True
2026-08-14 23:14:11,074 tracking: rect=(23, 18, 1447, 1132) overlay_visible=True
2026-08-14 23:14:11,183 tracking: rect=(23, 18, 1447, 1132) overlay_visible=True
2026-08-14 23:14:11,262 left click mode=judgement at (1224,1572)
2026-08-14 23:14:11,292 tracking: rect=(23, 18, 1447, 1132) overlay_visible=True
2026-08-14 23:14:11,400 tracking: rect=(23, 18, 1447, 1132) overlay_visible=True
2026-08-14 23:14:11,508 tracking: rect=(23, 18, 1447, 1132) overlay_visible=True
2026-08-14 23:14:11,617 tracking: rect=(23, 18, 1447, 1132) overlay_visible=True
2026-08-14 23:14:11,728 tracking: rect=(23, 18, 1447, 1132) overlay_visible=True
2026-08-14 23:14:11,836 tracking: rect=(23, 18, 1447, 1132) overlay_visible=True
2026-08-14 23:14:11,945 tracking: rect=(23, 18, 1447, 1132) overlay_visible=True
2026-08-14 23:14:12,054 tracking: rect=(23, 18, 1447, 1132) overlay_visible=True
2026-08-14 23:14:12,164 tracking: rect=(23, 18, 1447, 1132) overlay_visible=True
2026-08-14 23:14:12,273 tracking: rect=(23, 18, 1447, 1132) overlay_visible=True
2026-08-14 23:14:12,383 tracking: rect=(23, 18, 1447, 1132) overlay_visible=True
2026-08-14 23:14:12,490 tracking: rect=(23, 18, 1447, 1132) overlay_visible=True
2026-08-14 23:14:12,600 tracking: rect=(23, 18, 1447, 1132) overlay_visible=True
2026-08-14 23:14:12,709 tracking: rect=(23, 18, 1447, 1132) overlay_visible=True
2026-08-14 23:14:12,819 tracking: rect=(23, 18, 1447, 1132) overlay_visible=True
2026-08-14 23:14:12,927 tracking: rect=(23, 18, 1447, 1132) overlay_visible=True
2026-08-14 23:14:13,037 tracking: rect=(23, 18, 1447, 1132) overlay_visible=True
2026-08-14 23:14:13,147 tracking: rect=(23, 18, 1447, 1132) overlay_visible=True
2026-08-14 23:14:13,256 tracking: rect=(23, 18, 1447, 1132) overlay_visible=True
2026-08-14 23:14:13,366 tracking: rect=(23, 18, 1447, 1132) overlay_visible=True
2026-08-14 23:14:13,475 tracking: rect=(23, 18, 1447, 1132) overlay_visible=True
2026-08-14 23:14:13,584 tracking: rect=(23, 18, 1447, 1132) overlay_visible=True
2026-08-14 23:14:13,692 tracking: rect=(23, 18, 1447, 1132) overlay_visible=True
2026-08-14 23:14:13,802 tracking: rect=(23, 18, 1447, 1132) overlay_visible=True
2026-08-14 23:14:13,912 tracking: rect=(23, 18, 1447, 1132) overlay_visible=True
2026-08-14 23:14:14,021 tracking: rect=(23, 18, 1447, 1132) overlay_visible=True
2026-08-14 23:14:14,130 tracking: rect=(23, 18, 1447, 1132) overlay_visible=True
2026-08-14 23:14:14,239 tracking: rect=(23, 18, 1447, 1132) overlay_visible=True
2026-08-14 23:14:14,347 tracking: rect=(23, 18, 1447, 1132) overlay_visible=True
2026-08-14 23:14:14,457 tracking: rect=(23, 18, 1447, 1132) overlay_visible=True
2026-08-14 23:14:14,566 tracking: rect=(23, 18, 1447, 1132) overlay_visible=True
2026-08-14 23:14:14,675 tracking: rect=(23, 18, 1447, 1132) overlay_visible=True
2026-08-14 23:14:14,784 tracking: rect=(23, 18, 1447, 1132) overlay_visible=True
2026-08-14 23:14:14,894 tracking: rect=(23, 18, 1447, 1132) overlay_visible=True
2026-08-14 23:14:15,003 tracking: rect=(23, 18, 1447, 1132) overlay_visible=True
2026-08-14 23:14:15,115 tracking: rect=(23, 18, 1447, 1132) overlay_visible=True
2026-08-14 23:14:15,224 tracking: rect=(23, 18, 1447, 1132) overlay_visible=True
2026-08-14 23:14:15,333 tracking: rect=(23, 18, 1447, 1132) overlay_visible=True
2026-08-14 23:14:15,442 tracking: rect=(23, 18, 1447, 1132) overlay_visible=True
2026-08-14 23:14:15,552 tracking: rect=(23, 18, 1447, 1132) overlay_visible=True
2026-08-14 23:14:15,553 left click mode=judgement at (1965,325)
2026-08-14 23:14:15,662 tracking: rect=(23, 18, 1447, 1132) overlay_visible=True
2026-08-14 23:14:15,769 tracking: rect=(23, 18, 1447, 1132) overlay_visible=True
2026-08-14 23:14:15,871 tracking: rect=(23, 18, 1447, 1132) overlay_visible=True
2026-08-14 23:14:15,972 tracking: rect=(23, 18, 1447, 1132) overlay_visible=True
2026-08-14 23:14:16,080 tracking: rect=(23, 18, 1447, 1132) overlay_visible=True
2026-08-14 23:14:16,189 tracking: rect=(23, 18, 1447, 1132) overlay_visible=True
2026-08-14 23:14:16,297 tracking: rect=(23, 18, 1447, 1132) overlay_visible=True
2026-08-14 23:14:16,406 tracking: rect=(23, 18, 1447, 1132) overlay_visible=True
2026-08-14 23:14:16,515 tracking: rect=(23, 18, 1447, 1132) overlay_visible=True
2026-08-14 23:14:16,625 tracking: rect=(23, 18, 1447, 1132) overlay_visible=True
2026-08-14 23:14:16,734 tracking: rect=(23, 18, 1447, 1132) overlay_visible=True
2026-08-14 23:14:16,843 tracking: rect=(23, 18, 1447, 1132) overlay_visible=True
2026-08-14 23:14:16,950 tracking: rect=(23, 18, 1447, 1132) overlay_visible=True
2026-08-14 23:14:17,013 left click mode=judgement at (1946,1223)
2026-08-14 23:14:17,059 tracking: rect=(23, 18, 1447, 1132) overlay_visible=True
2026-08-14 23:14:17,164 tracking: rect=(23, 18, 1447, 1132) overlay_visible=True
2026-08-14 23:14:17,277 tracking: rect=(23, 18, 1447, 1132) overlay_visible=True
2026-08-14 23:14:17,384 tracking: rect=(23, 18, 1447, 1132) overlay_visible=True
2026-08-14 23:14:17,507 tracking: rect=(23, 18, 1447, 1132) overlay_visible=True
2026-08-14 23:14:17,617 tracking: rect=(23, 18, 1447, 1132) overlay_visible=True
2026-08-14 23:14:17,728 tracking: rect=(23, 18, 1447, 1132) overlay_visible=True
2026-08-14 23:14:17,837 tracking: rect=(23, 18, 1447, 1132) overlay_visible=True
2026-08-14 23:14:17,947 tracking: rect=(23, 18, 1447, 1132) overlay_visible=True
2026-08-14 23:14:18,057 tracking: rect=(23, 18, 1447, 1132) overlay_visible=True
2026-08-14 23:14:18,165 tracking: rect=(23, 18, 1447, 1132) overlay_visible=True
2026-08-14 23:14:18,275 tracking: rect=(23, 18, 1447, 1132) overlay_visible=True
2026-08-14 23:14:18,384 tracking: rect=(23, 18, 1447, 1132) overlay_visible=True
2026-08-14 23:14:18,494 tracking: rect=(23, 18, 1447, 1132) overlay_visible=True
2026-08-14 23:14:18,602 tracking: rect=(23, 18, 1447, 1132) overlay_visible=True
2026-08-14 23:14:18,711 tracking: rect=(23, 18, 1447, 1132) overlay_visible=True
2026-08-14 23:14:18,820 tracking: rect=(23, 18, 1447, 1132) overlay_visible=True
2026-08-14 23:14:18,930 tracking: rect=(23, 18, 1447, 1132) overlay_visible=True
2026-08-14 23:14:19,039 tracking: rect=(23, 18, 1447, 1132) overlay_visible=True
2026-08-14 23:14:19,148 tracking: rect=(23, 18, 1447, 1132) overlay_visible=True
2026-08-14 23:14:19,257 tracking: rect=(23, 18, 1447, 1132) overlay_visible=True
2026-08-14 23:14:19,366 tracking: rect=(23, 18, 1447, 1132) overlay_visible=True
2026-08-14 23:14:19,475 tracking: rect=(23, 18, 1447, 1132) overlay_visible=True
2026-08-14 23:14:19,584 tracking: rect=(23, 18, 1447, 1132) overlay_visible=True
2026-08-14 23:14:19,693 tracking: rect=(23, 18, 1447, 1132) overlay_visible=True
2026-08-14 23:14:19,801 tracking: rect=(23, 18, 1447, 1132) overlay_visible=True
2026-08-14 23:14:19,910 tracking: rect=(23, 18, 1447, 1132) overlay_visible=True
2026-08-14 23:14:20,019 tracking: rect=(23, 18, 1447, 1132) overlay_visible=True
2026-08-14 23:14:20,129 tracking: rect=(23, 18, 1447, 1132) overlay_visible=True
2026-08-14 23:14:20,238 tracking: rect=(23, 18, 1447, 1132) overlay_visible=True
2026-08-14 23:14:20,346 tracking: rect=(23, 18, 1447, 1132) overlay_visible=True
2026-08-14 23:14:20,454 tracking: rect=(23, 18, 1447, 1132) overlay_visible=True
2026-08-14 23:14:20,563 tracking: rect=(23, 18, 1447, 1132) overlay_visible=True
2026-08-14 23:14:20,672 tracking: rect=(23, 18, 1447, 1132) overlay_visible=True
2026-08-14 23:14:20,781 tracking: rect=(23, 18, 1447, 1132) overlay_visible=True
2026-08-14 23:14:20,890 tracking: rect=(23, 18, 1447, 1132) overlay_visible=True
2026-08-14 23:14:20,998 tracking: rect=(23, 18, 1447, 1132) overlay_visible=True
2026-08-14 23:14:21,108 tracking: rect=(23, 18, 1447, 1132) overlay_visible=True
2026-08-14 23:14:21,216 tracking: rect=(23, 18, 1447, 1132) overlay_visible=True
2026-08-14 23:14:21,324 tracking: rect=(23, 18, 1447, 1132) overlay_visible=True
2026-08-14 23:14:21,433 tracking: rect=(23, 18, 1447, 1132) overlay_visible=True
2026-08-14 23:14:21,541 tracking: rect=(23, 18, 1447, 1132) overlay_visible=True
2026-08-14 23:14:21,650 tracking: rect=(23, 18, 1447, 1132) overlay_visible=True
2026-08-14 23:14:21,758 tracking: rect=(23, 18, 1447, 1132) overlay_visible=True
2026-08-14 23:14:21,866 tracking: rect=(23, 18, 1447, 1132) overlay_visible=True
2026-08-14 23:14:21,975 tracking: rect=(23, 18, 1447, 1132) overlay_visible=True
2026-08-14 23:14:22,083 tracking: rect=(23, 18, 1447, 1132) overlay_visible=True
2026-08-14 23:14:22,192 tracking: rect=(23, 18, 1447, 1132) overlay_visible=True
2026-08-14 23:14:22,300 tracking: rect=(23, 18, 1447, 1132) overlay_visible=True
2026-08-14 23:14:22,410 tracking: rect=(23, 18, 1447, 1132) overlay_visible=True
2026-08-14 23:14:22,518 tracking: rect=(23, 18, 1447, 1132) overlay_visible=True
2026-08-14 23:14:22,625 tracking: rect=(23, 18, 1447, 1132) overlay_visible=True
2026-08-14 23:14:22,734 tracking: rect=(23, 18, 1447, 1132) overlay_visible=True
2026-08-14 23:14:22,843 tracking: rect=(23, 18, 1447, 1132) overlay_visible=True
2026-08-14 23:14:22,967 tracking: rect=(23, 18, 1447, 1132) overlay_visible=True
2026-08-14 23:14:23,076 tracking: rect=(23, 18, 1447, 1132) overlay_visible=True
2026-08-14 23:14:23,186 tracking: rect=(23, 18, 1447, 1132) overlay_visible=True
2026-08-14 23:14:23,295 tracking: rect=(23, 18, 1447, 1132) overlay_visible=True
2026-08-14 23:14:23,404 tracking: rect=(23, 18, 1447, 1132) overlay_visible=True
2026-08-14 23:14:23,511 tracking: rect=(23, 18, 1447, 1132) overlay_visible=True
2026-08-14 23:14:23,620 tracking: rect=(23, 18, 1447, 1132) overlay_visible=True
2026-08-14 23:14:23,729 tracking: rect=(23, 18, 1447, 1132) overlay_visible=True
2026-08-14 23:14:23,837 tracking: rect=(23, 18, 1447, 1132) overlay_visible=True
2026-08-14 23:14:23,946 tracking: rect=(23, 18, 1447, 1132) overlay_visible=True
2026-08-14 23:14:24,055 tracking: rect=(23, 18, 1447, 1132) overlay_visible=True
2026-08-14 23:14:24,164 tracking: rect=(23, 18, 1447, 1132) overlay_visible=True
2026-08-14 23:14:24,274 tracking: rect=(23, 18, 1447, 1132) overlay_visible=True
2026-08-14 23:14:24,382 tracking: rect=(23, 18, 1447, 1132) overlay_visible=True
2026-08-14 23:14:24,492 tracking: rect=(23, 18, 1447, 1132) overlay_visible=True
2026-08-14 23:14:24,601 tracking: rect=(23, 18, 1447, 1132) overlay_visible=True
2026-08-14 23:14:24,710 tracking: rect=(23, 18, 1447, 1132) overlay_visible=True
2026-08-14 23:14:24,820 tracking: rect=(23, 18, 1447, 1132) overlay_visible=True
2026-08-14 23:14:24,929 tracking: rect=(23, 18, 1447, 1132) overlay_visible=True
2026-08-14 23:14:25,039 tracking: rect=(23, 18, 1447, 1132) overlay_visible=True
2026-08-14 23:14:25,147 tracking: rect=(23, 18, 1447, 1132) overlay_visible=True
2026-08-14 23:14:25,257 tracking: rect=(23, 18, 1447, 1132) overlay_visible=True
2026-08-14 23:14:25,365 tracking: rect=(23, 18, 1447, 1132) overlay_visible=True
2026-08-14 23:14:25,473 tracking: rect=(23, 18, 1447, 1132) overlay_visible=True
2026-08-14 23:14:25,582 tracking: rect=(23, 18, 1447, 1132) overlay_visible=True
2026-08-14 23:14:25,691 tracking: rect=(23, 18, 1447, 1132) overlay_visible=True
2026-08-14 23:14:25,799 tracking: rect=(23, 18, 1447, 1132) overlay_visible=True
2026-08-14 23:14:25,909 tracking: rect=(23, 18, 1447, 1132) overlay_visible=True
2026-08-14 23:14:26,020 tracking: rect=(23, 18, 1447, 1132) overlay_visible=True
2026-08-14 23:14:26,127 tracking: rect=(23, 18, 1447, 1132) overlay_visible=True
2026-08-14 23:14:26,238 tracking: rect=(23, 18, 1447, 1132) overlay_visible=True
2026-08-14 23:14:26,345 tracking: rect=(23, 18, 1447, 1132) overlay_visible=True
2026-08-14 23:14:26,453 tracking: rect=(23, 18, 1447, 1132) overlay_visible=True
2026-08-14 23:14:26,559 tracking: rect=(23, 18, 1447, 1132) overlay_visible=True
2026-08-14 23:14:26,667 tracking: rect=(23, 18, 1447, 1132) overlay_visible=True
2026-08-14 23:14:26,776 tracking: rect=(23, 18, 1447, 1132) overlay_visible=True
2026-08-14 23:14:26,886 tracking: rect=(23, 18, 1447, 1132) overlay_visible=True
2026-08-14 23:14:26,994 tracking: rect=(23, 18, 1447, 1132) overlay_visible=True
2026-08-14 23:14:27,105 tracking: rect=(23, 18, 1447, 1132) overlay_visible=True
2026-08-14 23:14:27,213 tracking: rect=(23, 18, 1447, 1132) overlay_visible=True
2026-08-14 23:14:27,323 tracking: rect=(23, 18, 1447, 1132) overlay_visible=True
2026-08-14 23:14:27,432 tracking: rect=(23, 18, 1447, 1132) overlay_visible=True
2026-08-14 23:14:27,540 tracking: rect=(23, 18, 1447, 1132) overlay_visible=True
2026-08-14 23:14:27,649 tracking: rect=(23, 18, 1447, 1132) overlay_visible=True
2026-08-14 23:14:27,757 tracking: rect=(23, 18, 1447, 1132) overlay_visible=True
2026-08-14 23:14:27,867 tracking: rect=(23, 18, 1447, 1132) overlay_visible=True
2026-08-14 23:14:27,975 tracking: rect=(23, 18, 1447, 1132) overlay_visible=True
2026-08-14 23:14:28,085 tracking: rect=(23, 18, 1447, 1132) overlay_visible=True
2026-08-14 23:14:28,194 tracking: rect=(23, 18, 1447, 1132) overlay_visible=True
2026-08-14 23:14:28,305 tracking: rect=(23, 18, 1447, 1132) overlay_visible=True
2026-08-14 23:14:28,413 tracking: rect=(23, 18, 1447, 1132) overlay_visible=True
2026-08-14 23:14:28,521 tracking: rect=(23, 18, 1447, 1132) overlay_visible=True
2026-08-14 23:14:28,631 tracking: rect=(23, 18, 1447, 1132) overlay_visible=True
2026-08-14 23:14:28,740 tracking: rect=(23, 18, 1447, 1132) overlay_visible=True
2026-08-14 23:14:28,849 tracking: rect=(23, 18, 1447, 1132) overlay_visible=True
2026-08-14 23:14:28,958 tracking: rect=(23, 18, 1447, 1132) overlay_visible=True
2026-08-14 23:14:29,066 tracking: rect=(23, 18, 1447, 1132) overlay_visible=True
2026-08-14 23:14:29,174 tracking: rect=(23, 18, 1447, 1132) overlay_visible=True
2026-08-14 23:14:29,284 tracking: rect=(23, 18, 1447, 1132) overlay_visible=True
2026-08-14 23:14:29,393 tracking: rect=(23, 18, 1447, 1132) overlay_visible=True
2026-08-14 23:14:29,501 tracking: rect=(23, 18, 1447, 1132) overlay_visible=True
2026-08-14 23:14:29,610 tracking: rect=(23, 18, 1447, 1132) overlay_visible=True
2026-08-14 23:14:29,720 tracking: rect=(23, 18, 1447, 1132) overlay_visible=True
2026-08-14 23:14:29,828 tracking: rect=(23, 18, 1447, 1132) overlay_visible=True
2026-08-14 23:14:29,938 tracking: rect=(23, 18, 1447, 1132) overlay_visible=True
2026-08-14 23:14:30,047 tracking: rect=(23, 18, 1447, 1132) overlay_visible=True
2026-08-14 23:14:30,155 tracking: rect=(23, 18, 1447, 1132) overlay_visible=True
2026-08-14 23:14:30,264 tracking: rect=(23, 18, 1447, 1132) overlay_visible=True
2026-08-14 23:14:30,372 tracking: rect=(23, 18, 1447, 1132) overlay_visible=True
2026-08-14 23:14:30,481 tracking: rect=(23, 18, 1447, 1132) overlay_visible=True
2026-08-14 23:14:30,590 tracking: rect=(23, 18, 1447, 1132) overlay_visible=True
2026-08-14 23:14:30,698 tracking: rect=(23, 18, 1447, 1132) overlay_visible=True
2026-08-14 23:14:30,806 tracking: rect=(23, 18, 1447, 1132) overlay_visible=True
2026-08-14 23:14:30,916 tracking: rect=(23, 18, 1447, 1132) overlay_visible=True
2026-08-14 23:14:31,024 tracking: rect=(23, 18, 1447, 1132) overlay_visible=True
2026-08-14 23:14:31,132 tracking: rect=(23, 18, 1447, 1132) overlay_visible=True
2026-08-14 23:14:31,240 tracking: rect=(23, 18, 1447, 1132) overlay_visible=True
2026-08-14 23:14:31,350 tracking: rect=(23, 18, 1447, 1132) overlay_visible=True
2026-08-14 23:14:31,458 tracking: rect=(23, 18, 1447, 1132) overlay_visible=True
2026-08-14 23:14:31,567 tracking: rect=(23, 18, 1447, 1132) overlay_visible=True
2026-08-14 23:14:31,676 tracking: rect=(23, 18, 1447, 1132) overlay_visible=True
2026-08-14 23:14:31,786 tracking: rect=(23, 18, 1447, 1132) overlay_visible=True
2026-08-14 23:14:31,894 tracking: rect=(23, 18, 1447, 1132) overlay_visible=True
2026-08-14 23:14:32,003 tracking: rect=(23, 18, 1447, 1132) overlay_visible=True
2026-08-14 23:14:32,112 tracking: rect=(23, 18, 1447, 1132) overlay_visible=True
2026-08-14 23:14:32,221 tracking: rect=(23, 18, 1447, 1132) overlay_visible=True
2026-08-14 23:14:32,329 tracking: rect=(23, 18, 1447, 1132) overlay_visible=True
2026-08-14 23:14:32,438 tracking: rect=(23, 18, 1447, 1132) overlay_visible=True
2026-08-14 23:14:32,547 tracking: rect=(23, 18, 1447, 1132) overlay_visible=True
2026-08-14 23:14:32,656 tracking: rect=(23, 18, 1447, 1132) overlay_visible=True
2026-08-14 23:14:32,766 tracking: rect=(23, 18, 1447, 1132) overlay_visible=True
2026-08-14 23:14:32,874 tracking: rect=(23, 18, 1447, 1132) overlay_visible=True
2026-08-14 23:14:32,984 tracking: rect=(23, 18, 1447, 1132) overlay_visible=True
2026-08-14 23:14:33,092 tracking: rect=(23, 18, 1447, 1132) overlay_visible=True
2026-08-14 23:14:33,199 tracking: rect=(23, 18, 1447, 1132) overlay_visible=True
2026-08-14 23:14:33,307 tracking: rect=(23, 18, 1447, 1132) overlay_visible=True
2026-08-14 23:14:33,416 tracking: rect=(23, 18, 1447, 1132) overlay_visible=True
2026-08-14 23:14:33,525 tracking: rect=(23, 18, 1447, 1132) overlay_visible=True
2026-08-14 23:14:33,633 tracking: rect=(23, 18, 1447, 1132) overlay_visible=True
2026-08-14 23:14:33,743 tracking: rect=(23, 18, 1447, 1132) overlay_visible=True
2026-08-14 23:14:33,866 tracking: rect=(23, 18, 1447, 1132) overlay_visible=True
2026-08-14 23:14:33,974 tracking: rect=(23, 18, 1447, 1132) overlay_visible=True
2026-08-14 23:14:34,083 tracking: rect=(23, 18, 1447, 1132) overlay_visible=True
2026-08-14 23:14:34,192 tracking: rect=(23, 18, 1447, 1132) overlay_visible=True
2026-08-14 23:14:34,300 tracking: rect=(23, 18, 1447, 1132) overlay_visible=True
2026-08-14 23:14:34,409 tracking: rect=(23, 18, 1447, 1132) overlay_visible=True
2026-08-14 23:14:34,516 tracking: rect=(23, 18, 1447, 1132) overlay_visible=True
2026-08-14 23:14:34,628 tracking: rect=(23, 18, 1447, 1132) overlay_visible=True
2026-08-14 23:14:34,737 tracking: rect=(23, 18, 1447, 1132) overlay_visible=True
2026-08-14 23:14:34,847 tracking: rect=(23, 18, 1447, 1132) overlay_visible=True
2026-08-14 23:14:34,956 tracking: rect=(23, 18, 1447, 1132) overlay_visible=True
2026-08-14 23:14:35,065 tracking: rect=(23, 18, 1447, 1132) overlay_visible=True
2026-08-14 23:14:35,174 tracking: rect=(23, 18, 1447, 1132) overlay_visible=True
2026-08-14 23:14:35,282 tracking: rect=(23, 18, 1447, 1132) overlay_visible=True
2026-08-14 23:14:35,389 tracking: rect=(23, 18, 1447, 1132) overlay_visible=True
2026-08-14 23:14:35,498 tracking: rect=(23, 18, 1447, 1132) overlay_visible=True
2026-08-14 23:14:35,606 tracking: rect=(23, 18, 1447, 1132) overlay_visible=True
2026-08-14 23:14:35,715 tracking: rect=(23, 18, 1447, 1132) overlay_visible=True
2026-08-14 23:14:35,824 tracking: rect=(23, 18, 1447, 1132) overlay_visible=True
2026-08-14 23:14:35,933 tracking: rect=(23, 18, 1447, 1132) overlay_visible=True
2026-08-14 23:14:36,042 tracking: rect=(23, 18, 1447, 1132) overlay_visible=True
2026-08-14 23:14:36,150 tracking: rect=(23, 18, 1447, 1132) overlay_visible=True
2026-08-14 23:14:36,258 tracking: rect=(23, 18, 1447, 1132) overlay_visible=True
2026-08-14 23:14:36,367 tracking: rect=(23, 18, 1447, 1132) overlay_visible=True
2026-08-14 23:14:36,476 tracking: rect=(23, 18, 1447, 1132) overlay_visible=True
2026-08-14 23:14:36,586 tracking: rect=(23, 18, 1447, 1132) overlay_visible=True
2026-08-14 23:14:36,696 tracking: rect=(23, 18, 1447, 1132) overlay_visible=True
2026-08-14 23:14:36,805 tracking: rect=(23, 18, 1447, 1132) overlay_visible=True
2026-08-14 23:14:36,914 tracking: rect=(23, 18, 1447, 1132) overlay_visible=True
2026-08-14 23:14:37,023 tracking: rect=(23, 18, 1447, 1132) overlay_visible=True
2026-08-14 23:14:37,132 tracking: rect=(23, 18, 1447, 1132) overlay_visible=True
2026-08-14 23:14:37,241 tracking: rect=(23, 18, 1447, 1132) overlay_visible=True
2026-08-14 23:14:37,349 tracking: rect=(23, 18, 1447, 1132) overlay_visible=True
2026-08-14 23:14:37,458 tracking: rect=(23, 18, 1447, 1132) overlay_visible=True
2026-08-14 23:14:37,567 tracking: rect=(23, 18, 1447, 1132) overlay_visible=True
2026-08-14 23:14:37,677 tracking: rect=(23, 18, 1447, 1132) overlay_visible=True
2026-08-14 23:14:37,786 tracking: rect=(23, 18, 1447, 1132) overlay_visible=True
2026-08-14 23:14:37,895 tracking: rect=(23, 18, 1447, 1132) overlay_visible=True
2026-08-14 23:14:38,005 tracking: rect=(23, 18, 1447, 1132) overlay_visible=True
2026-08-14 23:14:38,111 tracking: rect=(23, 18, 1447, 1132) overlay_visible=True
2026-08-14 23:14:38,219 tracking: rect=(23, 18, 1447, 1132) overlay_visible=True
2026-08-14 23:14:38,326 tracking: rect=(23, 18, 1447, 1132) overlay_visible=True
2026-08-14 23:14:38,435 tracking: rect=(23, 18, 1447, 1132) overlay_visible=True
2026-08-14 23:14:38,543 tracking: rect=(23, 18, 1447, 1132) overlay_visible=True
2026-08-14 23:14:38,653 tracking: rect=(23, 18, 1447, 1132) overlay_visible=True
2026-08-14 23:14:38,762 tracking: rect=(23, 18, 1447, 1132) overlay_visible=True
2026-08-14 23:14:38,870 tracking: rect=(23, 18, 1447, 1132) overlay_visible=True
2026-08-14 23:14:38,980 tracking: rect=(23, 18, 1447, 1132) overlay_visible=True
2026-08-14 23:14:39,087 tracking: rect=(23, 18, 1447, 1132) overlay_visible=True
2026-08-14 23:14:39,195 tracking: rect=(23, 18, 1447, 1132) overlay_visible=True
2026-08-14 23:14:39,320 tracking: rect=(23, 18, 1447, 1132) overlay_visible=True
2026-08-14 23:14:39,428 tracking: rect=(23, 18, 1447, 1132) overlay_visible=True
2026-08-14 23:14:39,536 tracking: rect=(23, 18, 1447, 1132) overlay_visible=True
2026-08-14 23:14:39,645 tracking: rect=(23, 18, 1447, 1132) overlay_visible=True
2026-08-14 23:14:39,753 tracking: rect=(23, 18, 1447, 1132) overlay_visible=True
2026-08-14 23:14:39,862 tracking: rect=(23, 18, 1447, 1132) overlay_visible=True
2026-08-14 23:14:39,973 tracking: rect=(23, 18, 1447, 1132) overlay_visible=True
2026-08-14 23:14:40,080 tracking: rect=(23, 18, 1447, 1132) overlay_visible=True
2026-08-14 23:14:40,190 tracking: rect=(23, 18, 1447, 1132) overlay_visible=True
2026-08-14 23:14:40,297 tracking: rect=(23, 18, 1447, 1132) overlay_visible=True
2026-08-14 23:14:40,407 tracking: rect=(23, 18, 1447, 1132) overlay_visible=True
2026-08-14 23:14:40,515 tracking: rect=(23, 18, 1447, 1132) overlay_visible=True
2026-08-14 23:14:40,623 tracking: rect=(23, 18, 1447, 1132) overlay_visible=True
2026-08-14 23:14:40,732 tracking: rect=(23, 18, 1447, 1132) overlay_visible=True
2026-08-14 23:14:40,840 tracking: rect=(23, 18, 1447, 1132) overlay_visible=True
2026-08-14 23:14:40,949 tracking: rect=(23, 18, 1447, 1132) overlay_visible=True
2026-08-14 23:14:41,058 tracking: rect=(23, 18, 1447, 1132) overlay_visible=True
2026-08-14 23:14:41,167 tracking: rect=(23, 18, 1447, 1132) overlay_visible=True
2026-08-14 23:14:41,275 tracking: rect=(23, 18, 1447, 1132) overlay_visible=True
2026-08-14 23:14:41,382 tracking: rect=(23, 18, 1447, 1132) overlay_visible=True
2026-08-14 23:14:41,490 tracking: rect=(23, 18, 1447, 1132) overlay_visible=True
2026-08-14 23:14:41,597 tracking: rect=(23, 18, 1447, 1132) overlay_visible=True
2026-08-14 23:14:41,707 tracking: rect=(23, 18, 1447, 1132) overlay_visible=True
2026-08-14 23:14:41,815 tracking: rect=(23, 18, 1447, 1132) overlay_visible=True
2026-08-14 23:14:41,925 tracking: rect=(23, 18, 1447, 1132) overlay_visible=True
2026-08-14 23:14:42,050 tracking: rect=(23, 18, 1447, 1132) overlay_visible=True
2026-08-14 23:14:42,159 tracking: rect=(23, 18, 1447, 1132) overlay_visible=True
2026-08-14 23:14:42,266 tracking: rect=(23, 18, 1447, 1132) overlay_visible=True
2026-08-14 23:14:42,375 tracking: rect=(23, 18, 1447, 1132) overlay_visible=True
2026-08-14 23:14:42,484 tracking: rect=(23, 18, 1447, 1132) overlay_visible=True
2026-08-14 23:14:42,592 tracking: rect=(23, 18, 1447, 1132) overlay_visible=True
2026-08-14 23:14:42,700 tracking: rect=(23, 18, 1447, 1132) overlay_visible=True
2026-08-14 23:14:42,810 tracking: rect=(23, 18, 1447, 1132) overlay_visible=True
2026-08-14 23:14:42,918 tracking: rect=(23, 18, 1447, 1132) overlay_visible=True
2026-08-14 23:14:43,027 tracking: rect=(23, 18, 1447, 1132) overlay_visible=True
2026-08-14 23:14:43,135 tracking: rect=(23, 18, 1447, 1132) overlay_visible=True
2026-08-14 23:14:43,246 tracking: rect=(23, 18, 1447, 1132) overlay_visible=True
2026-08-14 23:14:43,354 tracking: rect=(23, 18, 1447, 1132) overlay_visible=True
2026-08-14 23:14:43,463 tracking: rect=(23, 18, 1447, 1132) overlay_visible=True
2026-08-14 23:14:43,573 tracking: rect=(23, 18, 1447, 1132) overlay_visible=True
2026-08-14 23:14:43,681 tracking: rect=(23, 18, 1447, 1132) overlay_visible=True
2026-08-14 23:14:43,790 tracking: rect=(23, 18, 1447, 1132) overlay_visible=True
2026-08-14 23:14:43,899 tracking: rect=(23, 18, 1447, 1132) overlay_visible=True
2026-08-14 23:14:44,008 tracking: rect=(23, 18, 1447, 1132) overlay_visible=True
2026-08-14 23:14:44,116 tracking: rect=(23, 18, 1447, 1132) overlay_visible=True
2026-08-14 23:14:44,225 tracking: rect=(23, 18, 1447, 1132) overlay_visible=True
2026-08-14 23:14:44,333 tracking: rect=(23, 18, 1447, 1132) overlay_visible=True
2026-08-14 23:14:44,442 tracking: rect=(23, 18, 1447, 1132) overlay_visible=True
2026-08-14 23:14:44,551 tracking: rect=(23, 18, 1447, 1132) overlay_visible=True
2026-08-14 23:14:44,659 tracking: rect=(23, 18, 1447, 1132) overlay_visible=True
2026-08-14 23:14:44,768 tracking: rect=(23, 18, 1447, 1132) overlay_visible=True
2026-08-14 23:14:44,876 tracking: rect=(23, 18, 1447, 1132) overlay_visible=True
2026-08-14 23:14:44,983 tracking: rect=(23, 18, 1447, 1132) overlay_visible=True
2026-08-14 23:14:45,091 tracking: rect=(23, 18, 1447, 1132) overlay_visible=True
2026-08-14 23:14:45,199 tracking: rect=(23, 18, 1447, 1132) overlay_visible=True
2026-08-14 23:14:45,308 tracking: rect=(23, 18, 1447, 1132) overlay_visible=True
2026-08-14 23:14:45,414 tracking: rect=(23, 18, 1447, 1132) overlay_visible=True
2026-08-14 23:14:45,524 tracking: rect=(23, 18, 1447, 1132) overlay_visible=True
2026-08-14 23:14:45,634 tracking: rect=(23, 18, 1447, 1132) overlay_visible=True
2026-08-14 23:14:45,743 tracking: rect=(23, 18, 1447, 1132) overlay_visible=True
2026-08-14 23:14:45,853 tracking: rect=(23, 18, 1447, 1132) overlay_visible=True
2026-08-14 23:14:45,962 tracking: rect=(23, 18, 1447, 1132) overlay_visible=True
2026-08-14 23:14:46,072 tracking: rect=(23, 18, 1447, 1132) overlay_visible=True
2026-08-14 23:14:46,181 tracking: rect=(23, 18, 1447, 1132) overlay_visible=True
2026-08-14 23:14:46,290 tracking: rect=(23, 18, 1447, 1132) overlay_visible=True
2026-08-14 23:14:46,399 tracking: rect=(23, 18, 1447, 1132) overlay_visible=True
2026-08-14 23:14:46,508 tracking: rect=(23, 18, 1447, 1132) overlay_visible=True
2026-08-14 23:14:46,617 tracking: rect=(23, 18, 1447, 1132) overlay_visible=True
2026-08-14 23:14:46,725 tracking: rect=(23, 18, 1447, 1132) overlay_visible=True
2026-08-14 23:14:46,833 tracking: rect=(23, 18, 1447, 1132) overlay_visible=True
2026-08-14 23:14:46,942 tracking: rect=(23, 18, 1447, 1132) overlay_visible=True
2026-08-14 23:14:47,053 tracking: rect=(23, 18, 1447, 1132) overlay_visible=True
2026-08-14 23:14:47,162 tracking: rect=(23, 18, 1447, 1132) overlay_visible=True
2026-08-14 23:14:47,270 tracking: rect=(23, 18, 1447, 1132) overlay_visible=True
2026-08-14 23:14:47,379 tracking: rect=(23, 18, 1447, 1132) overlay_visible=True
2026-08-14 23:14:47,504 tracking: rect=(23, 18, 1447, 1132) overlay_visible=True
2026-08-14 23:14:47,613 tracking: rect=(23, 18, 1447, 1132) overlay_visible=True
2026-08-14 23:14:47,721 tracking: rect=(23, 18, 1447, 1132) overlay_visible=True
2026-08-14 23:14:47,828 tracking: rect=(23, 18, 1447, 1132) overlay_visible=True
2026-08-14 23:14:47,937 tracking: rect=(23, 18, 1447, 1132) overlay_visible=True
2026-08-14 23:14:48,045 tracking: rect=(23, 18, 1447, 1132) overlay_visible=True
2026-08-14 23:14:48,153 tracking: rect=(23, 18, 1447, 1132) overlay_visible=True
2026-08-14 23:14:48,263 tracking: rect=(23, 18, 1447, 1132) overlay_visible=True
2026-08-14 23:14:48,371 tracking: rect=(23, 18, 1447, 1132) overlay_visible=True
2026-08-14 23:14:48,481 tracking: rect=(23, 18, 1447, 1132) overlay_visible=True
2026-08-14 23:14:48,591 tracking: rect=(23, 18, 1447, 1132) overlay_visible=True
2026-08-14 23:14:48,700 tracking: rect=(23, 18, 1447, 1132) overlay_visible=True
2026-08-14 23:14:48,809 tracking: rect=(23, 18, 1447, 1132) overlay_visible=True
2026-08-14 23:14:48,918 tracking: rect=(23, 18, 1447, 1132) overlay_visible=True
2026-08-14 23:14:49,026 tracking: rect=(23, 18, 1447, 1132) overlay_visible=True
2026-08-14 23:14:49,135 tracking: rect=(23, 18, 1447, 1132) overlay_visible=True
2026-08-14 23:14:49,243 tracking: rect=(23, 18, 1447, 1132) overlay_visible=True
2026-08-14 23:14:49,352 tracking: rect=(23, 18, 1447, 1132) overlay_visible=True
2026-08-14 23:14:49,460 tracking: rect=(23, 18, 1447, 1132) overlay_visible=True
2026-08-14 23:14:49,570 tracking: rect=(23, 18, 1447, 1132) overlay_visible=True
2026-08-14 23:14:49,679 tracking: rect=(23, 18, 1447, 1132) overlay_visible=True
2026-08-14 23:14:49,788 tracking: rect=(23, 18, 1447, 1132) overlay_visible=True
2026-08-14 23:14:49,899 tracking: rect=(23, 18, 1447, 1132) overlay_visible=True
2026-08-14 23:14:50,008 tracking: rect=(23, 18, 1447, 1132) overlay_visible=True
2026-08-14 23:14:50,117 tracking: rect=(23, 18, 1447, 1132) overlay_visible=True
2026-08-14 23:14:50,226 tracking: rect=(23, 18, 1447, 1132) overlay_visible=True
2026-08-14 23:14:50,336 tracking: rect=(23, 18, 1447, 1132) overlay_visible=True
2026-08-14 23:14:50,444 tracking: rect=(23, 18, 1447, 1132) overlay_visible=True
2026-08-14 23:14:50,553 tracking: rect=(23, 18, 1447, 1132) overlay_visible=True
2026-08-14 23:14:50,660 tracking: rect=(23, 18, 1447, 1132) overlay_visible=True
2026-08-14 23:14:50,769 tracking: rect=(23, 18, 1447, 1132) overlay_visible=True
2026-08-14 23:14:50,878 tracking: rect=(23, 18, 1447, 1132) overlay_visible=True
2026-08-14 23:14:50,987 tracking: rect=(23, 18, 1447, 1132) overlay_visible=True
2026-08-14 23:14:51,097 tracking: rect=(23, 18, 1447, 1132) overlay_visible=True
2026-08-14 23:14:51,206 tracking: rect=(23, 18, 1447, 1132) overlay_visible=True
2026-08-14 23:14:51,315 tracking: rect=(23, 18, 1447, 1132) overlay_visible=True
2026-08-14 23:14:51,425 tracking: rect=(23, 18, 1447, 1132) overlay_visible=True
2026-08-14 23:14:51,535 tracking: rect=(23, 18, 1447, 1132) overlay_visible=True
2026-08-14 23:14:51,644 tracking: rect=(23, 18, 1447, 1132) overlay_visible=True
2026-08-14 23:14:51,752 tracking: rect=(23, 18, 1447, 1132) overlay_visible=True
2026-08-14 23:14:51,860 tracking: rect=(23, 18, 1447, 1132) overlay_visible=True
2026-08-14 23:14:51,969 tracking: rect=(23, 18, 1447, 1132) overlay_visible=True
2026-08-14 23:14:52,077 tracking: rect=(23, 18, 1447, 1132) overlay_visible=True
2026-08-14 23:14:52,186 tracking: rect=(23, 18, 1447, 1132) overlay_visible=True
2026-08-14 23:14:52,295 tracking: rect=(23, 18, 1447, 1132) overlay_visible=True
2026-08-14 23:14:52,405 tracking: rect=(23, 18, 1447, 1132) overlay_visible=True
2026-08-14 23:14:52,514 tracking: rect=(23, 18, 1447, 1132) overlay_visible=True
2026-08-14 23:14:52,623 tracking: rect=(23, 18, 1447, 1132) overlay_visible=True
2026-08-14 23:14:52,732 tracking: rect=(23, 18, 1447, 1132) overlay_visible=True
2026-08-14 23:14:52,840 tracking: rect=(23, 18, 1447, 1132) overlay_visible=True
2026-08-14 23:14:52,949 tracking: rect=(23, 18, 1447, 1132) overlay_visible=True
2026-08-14 23:14:53,058 tracking: rect=(23, 18, 1447, 1132) overlay_visible=True
2026-08-14 23:14:53,166 tracking: rect=(23, 18, 1447, 1132) overlay_visible=True
2026-08-14 23:14:53,274 tracking: rect=(23, 18, 1447, 1132) overlay_visible=True
2026-08-14 23:14:53,383 tracking: rect=(23, 18, 1447, 1132) overlay_visible=True
2026-08-14 23:14:53,492 tracking: rect=(23, 18, 1447, 1132) overlay_visible=True
2026-08-14 23:14:53,600 tracking: rect=(23, 18, 1447, 1132) overlay_visible=True
2026-08-14 23:14:53,710 tracking: rect=(23, 18, 1447, 1132) overlay_visible=True
2026-08-14 23:14:53,819 tracking: rect=(23, 18, 1447, 1132) overlay_visible=True
2026-08-14 23:14:53,929 tracking: rect=(23, 18, 1447, 1132) overlay_visible=True
2026-08-14 23:14:54,036 tracking: rect=(23, 18, 1447, 1132) overlay_visible=True
2026-08-14 23:14:54,144 tracking: rect=(23, 18, 1447, 1132) overlay_visible=True
2026-08-14 23:14:54,254 tracking: rect=(23, 18, 1447, 1132) overlay_visible=True
2026-08-14 23:14:54,362 tracking: rect=(23, 18, 1447, 1132) overlay_visible=True
2026-08-14 23:14:54,473 tracking: rect=(23, 18, 1447, 1132) overlay_visible=True
2026-08-14 23:14:54,583 tracking: rect=(23, 18, 1447, 1132) overlay_visible=True
2026-08-14 23:14:54,694 tracking: rect=(23, 18, 1447, 1132) overlay_visible=True
2026-08-14 23:14:54,802 tracking: rect=(23, 18, 1447, 1132) overlay_visible=True
2026-08-14 23:14:54,910 tracking: rect=(23, 18, 1447, 1132) overlay_visible=True
2026-08-14 23:14:55,019 tracking: rect=(23, 18, 1447, 1132) overlay_visible=True
2026-08-14 23:14:55,127 tracking: rect=(23, 18, 1447, 1132) overlay_visible=True
2026-08-14 23:14:55,238 tracking: rect=(23, 18, 1447, 1132) overlay_visible=True
2026-08-14 23:14:55,345 tracking: rect=(23, 18, 1447, 1132) overlay_visible=True
2026-08-14 23:14:55,454 tracking: rect=(23, 18, 1447, 1132) overlay_visible=True
2026-08-14 23:14:55,564 tracking: rect=(23, 18, 1447, 1132) overlay_visible=True
2026-08-14 23:14:55,675 tracking: rect=(23, 18, 1447, 1132) overlay_visible=True
2026-08-14 23:14:55,783 tracking: rect=(23, 18, 1447, 1132) overlay_visible=True
2026-08-14 23:14:55,891 tracking: rect=(23, 18, 1447, 1132) overlay_visible=True
2026-08-14 23:14:56,000 tracking: rect=(23, 18, 1447, 1132) overlay_visible=True
2026-08-14 23:14:56,110 tracking: rect=(23, 18, 1447, 1132) overlay_visible=True
2026-08-14 23:14:56,219 tracking: rect=(23, 18, 1447, 1132) overlay_visible=True
2026-08-14 23:14:56,329 tracking: rect=(23, 18, 1447, 1132) overlay_visible=True
2026-08-14 23:14:56,437 tracking: rect=(23, 18, 1447, 1132) overlay_visible=True
2026-08-14 23:14:56,545 tracking: rect=(23, 18, 1447, 1132) overlay_visible=True
2026-08-14 23:14:56,653 tracking: rect=(23, 18, 1447, 1132) overlay_visible=True
2026-08-14 23:14:56,762 tracking: rect=(23, 18, 1447, 1132) overlay_visible=True
2026-08-14 23:14:56,870 tracking: rect=(23, 18, 1447, 1132) overlay_visible=True
2026-08-14 23:14:56,979 tracking: rect=(23, 18, 1447, 1132) overlay_visible=True
2026-08-14 23:14:57,087 tracking: rect=(23, 18, 1447, 1132) overlay_visible=True
2026-08-14 23:14:57,197 tracking: rect=(23, 18, 1447, 1132) overlay_visible=True
2026-08-14 23:14:57,304 tracking: rect=(23, 18, 1447, 1132) overlay_visible=True
2026-08-14 23:14:57,413 tracking: rect=(23, 18, 1447, 1132) overlay_visible=True
2026-08-14 23:14:57,521 tracking: rect=(23, 18, 1447, 1132) overlay_visible=True
2026-08-14 23:14:57,629 tracking: rect=(23, 18, 1447, 1132) overlay_visible=True
2026-08-14 23:14:57,738 tracking: rect=(23, 18, 1447, 1132) overlay_visible=True
2026-08-14 23:14:57,847 tracking: rect=(23, 18, 1447, 1132) overlay_visible=True
2026-08-14 23:14:57,955 tracking: rect=(23, 18, 1447, 1132) overlay_visible=True
2026-08-14 23:14:58,064 tracking: rect=(23, 18, 1447, 1132) overlay_visible=True
2026-08-14 23:14:58,173 tracking: rect=(23, 18, 1447, 1132) overlay_visible=True
2026-08-14 23:14:58,283 tracking: rect=(23, 18, 1447, 1132) overlay_visible=True
2026-08-14 23:14:58,392 tracking: rect=(23, 18, 1447, 1132) overlay_visible=True
2026-08-14 23:14:58,500 tracking: rect=(23, 18, 1447, 1132) overlay_visible=True
2026-08-14 23:14:58,608 tracking: rect=(23, 18, 1447, 1132) overlay_visible=True
2026-08-14 23:14:58,718 tracking: rect=(23, 18, 1447, 1132) overlay_visible=True
2026-08-14 23:14:58,827 tracking: rect=(23, 18, 1447, 1132) overlay_visible=True
2026-08-14 23:14:58,935 tracking: rect=(23, 18, 1447, 1132) overlay_visible=True
2026-08-14 23:14:59,045 tracking: rect=(23, 18, 1447, 1132) overlay_visible=True
2026-08-14 23:14:59,154 tracking: rect=(23, 18, 1447, 1132) overlay_visible=True
2026-08-14 23:14:59,263 tracking: rect=(23, 18, 1447, 1132) overlay_visible=True
2026-08-14 23:14:59,374 tracking: rect=(23, 18, 1447, 1132) overlay_visible=True
2026-08-14 23:14:59,484 tracking: rect=(23, 18, 1447, 1132) overlay_visible=True
2026-08-14 23:14:59,592 tracking: rect=(23, 18, 1447, 1132) overlay_visible=True
2026-08-14 23:14:59,701 tracking: rect=(23, 18, 1447, 1132) overlay_visible=True
2026-08-14 23:14:59,810 tracking: rect=(23, 18, 1447, 1132) overlay_visible=True
2026-08-14 23:14:59,918 tracking: rect=(23, 18, 1447, 1132) overlay_visible=True
2026-08-14 23:15:00,027 tracking: rect=(23, 18, 1447, 1132) overlay_visible=True
2026-08-14 23:15:00,138 tracking: rect=(23, 18, 1447, 1132) overlay_visible=True
2026-08-14 23:15:00,247 tracking: rect=(23, 18, 1447, 1132) overlay_visible=True
2026-08-14 23:15:00,356 tracking: rect=(23, 18, 1447, 1132) overlay_visible=True
2026-08-14 23:15:00,464 tracking: rect=(23, 18, 1447, 1132) overlay_visible=True
2026-08-14 23:15:00,571 tracking: rect=(23, 18, 1447, 1132) overlay_visible=True
2026-08-14 23:15:00,680 tracking: rect=(23, 18, 1447, 1132) overlay_visible=True
2026-08-14 23:15:00,789 tracking: rect=(23, 18, 1447, 1132) overlay_visible=True
2026-08-14 23:15:00,898 tracking: rect=(23, 18, 1447, 1132) overlay_visible=True
2026-08-14 23:15:01,007 tracking: rect=(23, 18, 1447, 1132) overlay_visible=True
2026-08-14 23:15:01,117 tracking: rect=(23, 18, 1447, 1132) overlay_visible=True
2026-08-14 23:15:01,226 tracking: rect=(23, 18, 1447, 1132) overlay_visible=True
2026-08-14 23:15:01,334 tracking: rect=(23, 18, 1447, 1132) overlay_visible=True
2026-08-14 23:15:01,443 tracking: rect=(23, 18, 1447, 1132) overlay_visible=True
2026-08-14 23:15:01,551 tracking: rect=(23, 18, 1447, 1132) overlay_visible=True
2026-08-14 23:15:01,661 tracking: rect=(23, 18, 1447, 1132) overlay_visible=True
2026-08-14 23:15:01,770 tracking: rect=(23, 18, 1447, 1132) overlay_visible=True
2026-08-14 23:15:01,879 tracking: rect=(23, 18, 1447, 1132) overlay_visible=True
2026-08-14 23:15:01,988 tracking: rect=(23, 18, 1447, 1132) overlay_visible=True
2026-08-14 23:15:02,097 tracking: rect=(23, 18, 1447, 1132) overlay_visible=True
2026-08-14 23:15:02,206 tracking: rect=(23, 18, 1447, 1132) overlay_visible=True
2026-08-14 23:15:02,315 tracking: rect=(23, 18, 1447, 1132) overlay_visible=True
2026-08-14 23:15:02,425 tracking: rect=(23, 18, 1447, 1132) overlay_visible=True
2026-08-14 23:15:02,533 tracking: rect=(23, 18, 1447, 1132) overlay_visible=True
2026-08-14 23:15:02,643 tracking: rect=(23, 18, 1447, 1132) overlay_visible=True
2026-08-14 23:15:02,752 tracking: rect=(23, 18, 1447, 1132) overlay_visible=True
2026-08-14 23:15:02,862 tracking: rect=(23, 18, 1447, 1132) overlay_visible=True
2026-08-14 23:15:02,971 tracking: rect=(23, 18, 1447, 1132) overlay_visible=True
2026-08-14 23:15:03,079 tracking: rect=(23, 18, 1447, 1132) overlay_visible=True
2026-08-14 23:15:03,189 tracking: rect=(23, 18, 1447, 1132) overlay_visible=True
2026-08-14 23:15:03,297 tracking: rect=(23, 18, 1447, 1132) overlay_visible=True
2026-08-14 23:15:03,404 tracking: rect=(23, 18, 1447, 1132) overlay_visible=True
2026-08-14 23:15:03,514 tracking: rect=(23, 18, 1447, 1132) overlay_visible=True
2026-08-14 23:15:03,622 tracking: rect=(23, 18, 1447, 1132) overlay_visible=True
2026-08-14 23:15:03,732 tracking: rect=(23, 18, 1447, 1132) overlay_visible=True
2026-08-14 23:15:03,842 tracking: rect=(23, 18, 1447, 1132) overlay_visible=True
2026-08-14 23:15:03,950 tracking: rect=(23, 18, 1447, 1132) overlay_visible=True
2026-08-14 23:15:04,058 tracking: rect=(23, 18, 1447, 1132) overlay_visible=True
2026-08-14 23:15:04,168 tracking: rect=(23, 18, 1447, 1132) overlay_visible=True
2026-08-14 23:15:04,277 tracking: rect=(23, 18, 1447, 1132) overlay_visible=True
2026-08-14 23:15:04,386 tracking: rect=(23, 18, 1447, 1132) overlay_visible=True
2026-08-14 23:15:04,493 tracking: rect=(23, 18, 1447, 1132) overlay_visible=True
2026-08-14 23:15:04,603 tracking: rect=(23, 18, 1447, 1132) overlay_visible=True
2026-08-14 23:15:04,711 tracking: rect=(23, 18, 1447, 1132) overlay_visible=True
2026-08-14 23:15:04,820 tracking: rect=(23, 18, 1447, 1132) overlay_visible=True
2026-08-14 23:15:04,930 tracking: rect=(23, 18, 1447, 1132) overlay_visible=True
2026-08-14 23:15:05,039 tracking: rect=(23, 18, 1447, 1132) overlay_visible=True
2026-08-14 23:15:05,146 tracking: rect=(23, 18, 1447, 1132) overlay_visible=True
2026-08-14 23:15:05,254 tracking: rect=(23, 18, 1447, 1132) overlay_visible=True
2026-08-14 23:15:05,362 tracking: rect=(23, 18, 1447, 1132) overlay_visible=True
2026-08-14 23:15:05,472 tracking: rect=(23, 18, 1447, 1132) overlay_visible=True
2026-08-14 23:15:05,580 tracking: rect=(23, 18, 1447, 1132) overlay_visible=True
2026-08-14 23:15:05,690 tracking: rect=(23, 18, 1447, 1132) overlay_visible=True
2026-08-14 23:15:05,798 tracking: rect=(23, 18, 1447, 1132) overlay_visible=True
2026-08-14 23:15:05,906 tracking: rect=(23, 18, 1447, 1132) overlay_visible=True
2026-08-14 23:15:06,015 tracking: rect=(23, 18, 1447, 1132) overlay_visible=True
2026-08-14 23:15:06,122 tracking: rect=(23, 18, 1447, 1132) overlay_visible=True
2026-08-14 23:15:06,230 tracking: rect=(23, 18, 1447, 1132) overlay_visible=True
2026-08-14 23:15:06,337 tracking: rect=(23, 18, 1447, 1132) overlay_visible=True
2026-08-14 23:15:06,445 tracking: rect=(23, 18, 1447, 1132) overlay_visible=True
2026-08-14 23:15:06,554 tracking: rect=(23, 18, 1447, 1132) overlay_visible=True
2026-08-14 23:15:06,662 tracking: rect=(23, 18, 1447, 1132) overlay_visible=True
2026-08-14 23:15:06,770 tracking: rect=(23, 18, 1447, 1132) overlay_visible=True
2026-08-14 23:15:06,879 tracking: rect=(23, 18, 1447, 1132) overlay_visible=True
2026-08-14 23:15:06,989 tracking: rect=(23, 18, 1447, 1132) overlay_visible=True
2026-08-14 23:15:07,100 tracking: rect=(23, 18, 1447, 1132) overlay_visible=True
2026-08-14 23:15:07,208 tracking: rect=(23, 18, 1447, 1132) overlay_visible=True
2026-08-14 23:15:07,318 tracking: rect=(23, 18, 1447, 1132) overlay_visible=True
2026-08-14 23:15:07,426 tracking: rect=(23, 18, 1447, 1132) overlay_visible=True
2026-08-14 23:15:07,535 tracking: rect=(23, 18, 1447, 1132) overlay_visible=True
2026-08-14 23:15:07,644 tracking: rect=(23, 18, 1447, 1132) overlay_visible=True
2026-08-14 23:15:07,752 tracking: rect=(23, 18, 1447, 1132) overlay_visible=True
2026-08-14 23:15:07,862 tracking: rect=(23, 18, 1447, 1132) overlay_visible=True
2026-08-14 23:15:07,971 tracking: rect=(23, 18, 1447, 1132) overlay_visible=True
2026-08-14 23:15:08,080 tracking: rect=(23, 18, 1447, 1132) overlay_visible=True
2026-08-14 23:15:08,189 tracking: rect=(23, 18, 1447, 1132) overlay_visible=True
2026-08-14 23:15:08,298 tracking: rect=(23, 18, 1447, 1132) overlay_visible=True
2026-08-14 23:15:08,408 tracking: rect=(23, 18, 1447, 1132) overlay_visible=True
2026-08-14 23:15:08,516 tracking: rect=(23, 18, 1447, 1132) overlay_visible=True
2026-08-14 23:15:08,625 tracking: rect=(23, 18, 1447, 1132) overlay_visible=True
2026-08-14 23:15:08,735 tracking: rect=(23, 18, 1447, 1132) overlay_visible=True
2026-08-14 23:15:08,844 tracking: rect=(23, 18, 1447, 1132) overlay_visible=True
2026-08-14 23:15:08,954 tracking: rect=(23, 18, 1447, 1132) overlay_visible=True
2026-08-14 23:15:09,062 tracking: rect=(23, 18, 1447, 1132) overlay_visible=True
2026-08-14 23:15:09,173 tracking: rect=(23, 18, 1447, 1132) overlay_visible=True
2026-08-14 23:15:09,283 tracking: rect=(23, 18, 1447, 1132) overlay_visible=True
2026-08-14 23:15:09,390 tracking: rect=(23, 18, 1447, 1132) overlay_visible=True
2026-08-14 23:15:09,500 tracking: rect=(23, 18, 1447, 1132) overlay_visible=True
2026-08-14 23:15:09,609 tracking: rect=(23, 18, 1447, 1132) overlay_visible=True
2026-08-14 23:15:09,718 tracking: rect=(23, 18, 1447, 1132) overlay_visible=True
2026-08-14 23:15:09,827 tracking: rect=(23, 18, 1447, 1132) overlay_visible=True
2026-08-14 23:15:09,935 tracking: rect=(23, 18, 1447, 1132) overlay_visible=True
2026-08-14 23:15:10,044 tracking: rect=(23, 18, 1447, 1132) overlay_visible=True
2026-08-14 23:15:10,153 tracking: rect=(23, 18, 1447, 1132) overlay_visible=True
2026-08-14 23:15:10,261 tracking: rect=(23, 18, 1447, 1132) overlay_visible=True
2026-08-14 23:15:10,372 tracking: rect=(23, 18, 1447, 1132) overlay_visible=True
2026-08-14 23:15:10,480 tracking: rect=(23, 18, 1447, 1132) overlay_visible=True
2026-08-14 23:15:10,589 tracking: rect=(23, 18, 1447, 1132) overlay_visible=True
2026-08-14 23:15:10,697 tracking: rect=(23, 18, 1447, 1132) overlay_visible=True
2026-08-14 23:15:10,806 tracking: rect=(23, 18, 1447, 1132) overlay_visible=True
2026-08-14 23:15:10,914 tracking: rect=(23, 18, 1447, 1132) overlay_visible=True
2026-08-14 23:15:11,024 tracking: rect=(23, 18, 1447, 1132) overlay_visible=True
2026-08-14 23:15:11,133 tracking: rect=(23, 18, 1447, 1132) overlay_visible=True
2026-08-14 23:15:11,242 tracking: rect=(23, 18, 1447, 1132) overlay_visible=True
2026-08-14 23:15:11,351 tracking: rect=(23, 18, 1447, 1132) overlay_visible=True
2026-08-14 23:15:11,458 tracking: rect=(23, 18, 1447, 1132) overlay_visible=True
2026-08-14 23:15:11,568 tracking: rect=(23, 18, 1447, 1132) overlay_visible=True
2026-08-14 23:15:11,677 tracking: rect=(23, 18, 1447, 1132) overlay_visible=True
2026-08-14 23:15:11,785 tracking: rect=(23, 18, 1447, 1132) overlay_visible=True
2026-08-14 23:15:11,895 tracking: rect=(23, 18, 1447, 1132) overlay_visible=True
2026-08-14 23:15:12,003 tracking: rect=(23, 18, 1447, 1132) overlay_visible=True
2026-08-14 23:15:12,113 tracking: rect=(23, 18, 1447, 1132) overlay_visible=True
2026-08-14 23:15:12,221 tracking: rect=(23, 18, 1447, 1132) overlay_visible=True
2026-08-14 23:15:12,329 tracking: rect=(23, 18, 1447, 1132) overlay_visible=True
2026-08-14 23:15:12,439 tracking: rect=(23, 18, 1447, 1132) overlay_visible=True
2026-08-14 23:15:12,547 tracking: rect=(23, 18, 1447, 1132) overlay_visible=True
2026-08-14 23:15:12,655 tracking: rect=(23, 18, 1447, 1132) overlay_visible=True
2026-08-14 23:15:12,763 tracking: rect=(23, 18, 1447, 1132) overlay_visible=True
2026-08-14 23:15:12,873 tracking: rect=(23, 18, 1447, 1132) overlay_visible=True
2026-08-14 23:15:12,982 tracking: rect=(23, 18, 1447, 1132) overlay_visible=True
2026-08-14 23:15:13,091 tracking: rect=(23, 18, 1447, 1132) overlay_visible=True
2026-08-14 23:15:13,200 tracking: rect=(23, 18, 1447, 1132) overlay_visible=True
2026-08-14 23:15:13,310 tracking: rect=(23, 18, 1447, 1132) overlay_visible=True
2026-08-14 23:15:13,420 tracking: rect=(23, 18, 1447, 1132) overlay_visible=True
2026-08-14 23:15:13,528 tracking: rect=(23, 18, 1447, 1132) overlay_visible=True
2026-08-14 23:15:13,637 tracking: rect=(23, 18, 1447, 1132) overlay_visible=True
2026-08-14 23:15:13,746 tracking: rect=(23, 18, 1447, 1132) overlay_visible=True
2026-08-14 23:15:13,855 tracking: rect=(23, 18, 1447, 1132) overlay_visible=True
2026-08-14 23:15:13,964 tracking: rect=(23, 18, 1447, 1132) overlay_visible=True
2026-08-14 23:15:14,074 tracking: rect=(23, 18, 1447, 1132) overlay_visible=True
2026-08-14 23:15:14,181 tracking: rect=(23, 18, 1447, 1132) overlay_visible=True
2026-08-14 23:15:14,290 tracking: rect=(23, 18, 1447, 1132) overlay_visible=True
2026-08-14 23:15:14,399 tracking: rect=(23, 18, 1447, 1132) overlay_visible=True
2026-08-14 23:15:14,508 tracking: rect=(23, 18, 1447, 1132) overlay_visible=True
2026-08-14 23:15:14,618 tracking: rect=(23, 18, 1447, 1132) overlay_visible=True
2026-08-14 23:15:14,728 tracking: rect=(23, 18, 1447, 1132) overlay_visible=True
2026-08-14 23:15:14,837 tracking: rect=(23, 18, 1447, 1132) overlay_visible=True
2026-08-14 23:15:14,946 tracking: rect=(23, 18, 1447, 1132) overlay_visible=True
2026-08-14 23:15:15,055 tracking: rect=(23, 18, 1447, 1132) overlay_visible=True
2026-08-14 23:15:15,163 tracking: rect=(23, 18, 1447, 1132) overlay_visible=True
2026-08-14 23:15:15,271 tracking: rect=(23, 18, 1447, 1132) overlay_visible=True
2026-08-14 23:15:15,379 tracking: rect=(23, 18, 1447, 1132) overlay_visible=True
2026-08-14 23:15:15,487 tracking: rect=(23, 18, 1447, 1132) overlay_visible=True
2026-08-14 23:15:15,595 tracking: rect=(23, 18, 1447, 1132) overlay_visible=True
2026-08-14 23:15:15,705 tracking: rect=(23, 18, 1447, 1132) overlay_visible=True
2026-08-14 23:15:15,815 tracking: rect=(23, 18, 1447, 1132) overlay_visible=True
2026-08-14 23:15:15,924 tracking: rect=(23, 18, 1447, 1132) overlay_visible=True
2026-08-14 23:15:16,032 tracking: rect=(23, 18, 1447, 1132) overlay_visible=True
2026-08-14 23:15:16,141 tracking: rect=(23, 18, 1447, 1132) overlay_visible=True
2026-08-14 23:15:16,250 tracking: rect=(23, 18, 1447, 1132) overlay_visible=True
2026-08-14 23:15:16,359 tracking: rect=(23, 18, 1447, 1132) overlay_visible=True
2026-08-14 23:15:16,467 tracking: rect=(23, 18, 1447, 1132) overlay_visible=True
2026-08-14 23:15:16,576 tracking: rect=(23, 18, 1447, 1132) overlay_visible=True
2026-08-14 23:15:16,684 tracking: rect=(23, 18, 1447, 1132) overlay_visible=True
2026-08-14 23:15:16,793 tracking: rect=(23, 18, 1447, 1132) overlay_visible=True
2026-08-14 23:15:16,902 tracking: rect=(23, 18, 1447, 1132) overlay_visible=True
2026-08-14 23:15:17,011 tracking: rect=(23, 18, 1447, 1132) overlay_visible=True
2026-08-14 23:15:17,121 tracking: rect=(23, 18, 1447, 1132) overlay_visible=True
2026-08-14 23:15:17,231 tracking: rect=(23, 18, 1447, 1132) overlay_visible=True
2026-08-14 23:15:17,341 tracking: rect=(23, 18, 1447, 1132) overlay_visible=True
2026-08-14 23:15:17,450 tracking: rect=(23, 18, 1447, 1132) overlay_visible=True
2026-08-14 23:15:17,558 tracking: rect=(23, 18, 1447, 1132) overlay_visible=True
2026-08-14 23:15:17,666 tracking: rect=(23, 18, 1447, 1132) overlay_visible=True
2026-08-14 23:15:17,774 tracking: rect=(23, 18, 1447, 1132) overlay_visible=True
2026-08-14 23:15:17,882 tracking: rect=(23, 18, 1447, 1132) overlay_visible=True
2026-08-14 23:15:17,991 tracking: rect=(23, 18, 1447, 1132) overlay_visible=True
2026-08-14 23:15:18,101 tracking: rect=(23, 18, 1447, 1132) overlay_visible=True
2026-08-14 23:15:18,210 tracking: rect=(23, 18, 1447, 1132) overlay_visible=True
2026-08-14 23:15:18,319 tracking: rect=(23, 18, 1447, 1132) overlay_visible=True
2026-08-14 23:15:18,427 tracking: rect=(23, 18, 1447, 1132) overlay_visible=True
2026-08-14 23:15:18,537 tracking: rect=(23, 18, 1447, 1132) overlay_visible=True
2026-08-14 23:15:18,646 tracking: rect=(23, 18, 1447, 1132) overlay_visible=True
2026-08-14 23:15:18,754 tracking: rect=(23, 18, 1447, 1132) overlay_visible=True
2026-08-14 23:15:18,864 tracking: rect=(23, 18, 1447, 1132) overlay_visible=True
2026-08-14 23:15:18,973 tracking: rect=(23, 18, 1447, 1132) overlay_visible=True
2026-08-14 23:15:19,082 tracking: rect=(23, 18, 1447, 1132) overlay_visible=True
2026-08-14 23:15:19,191 tracking: rect=(23, 18, 1447, 1132) overlay_visible=True
2026-08-14 23:15:19,301 tracking: rect=(23, 18, 1447, 1132) overlay_visible=True
2026-08-14 23:15:19,410 tracking: rect=(23, 18, 1447, 1132) overlay_visible=True
2026-08-14 23:15:19,520 tracking: rect=(23, 18, 1447, 1132) overlay_visible=True
2026-08-14 23:15:19,627 tracking: rect=(23, 18, 1447, 1132) overlay_visible=True
2026-08-14 23:15:19,737 tracking: rect=(23, 18, 1447, 1132) overlay_visible=True
2026-08-14 23:15:19,847 tracking: rect=(23, 18, 1447, 1132) overlay_visible=True
2026-08-14 23:15:19,955 tracking: rect=(23, 18, 1447, 1132) overlay_visible=True
2026-08-14 23:15:20,062 tracking: rect=(23, 18, 1447, 1132) overlay_visible=True
2026-08-14 23:15:20,171 tracking: rect=(23, 18, 1447, 1132) overlay_visible=True
2026-08-14 23:15:20,280 tracking: rect=(23, 18, 1447, 1132) overlay_visible=True
2026-08-14 23:15:20,389 tracking: rect=(23, 18, 1447, 1132) overlay_visible=True
2026-08-14 23:15:20,499 tracking: rect=(23, 18, 1447, 1132) overlay_visible=True
2026-08-14 23:15:20,609 tracking: rect=(23, 18, 1447, 1132) overlay_visible=True
2026-08-14 23:15:20,718 tracking: rect=(23, 18, 1447, 1132) overlay_visible=True
2026-08-14 23:15:20,826 tracking: rect=(23, 18, 1447, 1132) overlay_visible=True
2026-08-14 23:15:20,934 tracking: rect=(23, 18, 1447, 1132) overlay_visible=True
2026-08-14 23:15:21,043 tracking: rect=(23, 18, 1447, 1132) overlay_visible=True
2026-08-14 23:15:21,152 tracking: rect=(23, 18, 1447, 1132) overlay_visible=True
2026-08-14 23:15:21,262 tracking: rect=(23, 18, 1447, 1132) overlay_visible=True
2026-08-14 23:15:21,371 tracking: rect=(23, 18, 1447, 1132) overlay_visible=True
2026-08-14 23:15:21,479 tracking: rect=(23, 18, 1447, 1132) overlay_visible=True
2026-08-14 23:15:21,589 tracking: rect=(23, 18, 1447, 1132) overlay_visible=True
2026-08-14 23:15:21,698 tracking: rect=(23, 18, 1447, 1132) overlay_visible=True
2026-08-14 23:15:21,807 tracking: rect=(23, 18, 1447, 1132) overlay_visible=True
2026-08-14 23:15:21,917 tracking: rect=(23, 18, 1447, 1132) overlay_visible=True
2026-08-14 23:15:22,026 tracking: rect=(23, 18, 1447, 1132) overlay_visible=True
2026-08-14 23:15:22,134 tracking: rect=(23, 18, 1447, 1132) overlay_visible=True
2026-08-14 23:15:22,244 tracking: rect=(23, 18, 1447, 1132) overlay_visible=True
2026-08-14 23:15:22,353 tracking: rect=(23, 18, 1447, 1132) overlay_visible=True
2026-08-14 23:15:22,462 tracking: rect=(23, 18, 1447, 1132) overlay_visible=True
2026-08-14 23:15:22,572 tracking: rect=(23, 18, 1447, 1132) overlay_visible=True
2026-08-14 23:15:22,679 tracking: rect=(23, 18, 1447, 1132) overlay_visible=True
2026-08-14 23:15:22,790 tracking: rect=(23, 18, 1447, 1132) overlay_visible=True
2026-08-14 23:15:22,898 tracking: rect=(23, 18, 1447, 1132) overlay_visible=True
2026-08-14 23:15:23,006 tracking: rect=(23, 18, 1447, 1132) overlay_visible=True
2026-08-14 23:15:23,114 tracking: rect=(23, 18, 1447, 1132) overlay_visible=True
2026-08-14 23:15:23,224 tracking: rect=(23, 18, 1447, 1132) overlay_visible=True
2026-08-14 23:15:23,333 tracking: rect=(23, 18, 1447, 1132) overlay_visible=True
2026-08-14 23:15:23,440 tracking: rect=(23, 18, 1447, 1132) overlay_visible=True
2026-08-14 23:15:23,548 tracking: rect=(23, 18, 1447, 1132) overlay_visible=True
2026-08-14 23:15:23,658 tracking: rect=(23, 18, 1447, 1132) overlay_visible=True
2026-08-14 23:15:23,769 tracking: rect=(23, 18, 1447, 1132) overlay_visible=True
2026-08-14 23:15:23,877 tracking: rect=(23, 18, 1447, 1132) overlay_visible=True
2026-08-14 23:15:23,986 tracking: rect=(23, 18, 1447, 1132) overlay_visible=True
2026-08-14 23:15:24,096 tracking: rect=(23, 18, 1447, 1132) overlay_visible=True
2026-08-14 23:15:24,204 tracking: rect=(23, 18, 1447, 1132) overlay_visible=True
2026-08-14 23:15:24,313 tracking: rect=(23, 18, 1447, 1132) overlay_visible=True
2026-08-14 23:15:24,422 tracking: rect=(23, 18, 1447, 1132) overlay_visible=True
2026-08-14 23:15:24,530 tracking: rect=(23, 18, 1447, 1132) overlay_visible=True
2026-08-14 23:15:24,638 tracking: rect=(23, 18, 1447, 1132) overlay_visible=True
2026-08-14 23:15:24,748 tracking: rect=(23, 18, 1447, 1132) overlay_visible=True
2026-08-14 23:15:24,857 tracking: rect=(23, 18, 1447, 1132) overlay_visible=True
2026-08-14 23:15:24,964 tracking: rect=(23, 18, 1447, 1132) overlay_visible=True
2026-08-14 23:15:25,072 tracking: rect=(23, 18, 1447, 1132) overlay_visible=True
2026-08-14 23:15:25,178 tracking: rect=(23, 18, 1447, 1132) overlay_visible=True
2026-08-14 23:15:25,287 tracking: rect=(23, 18, 1447, 1132) overlay_visible=True
2026-08-14 23:15:25,394 tracking: rect=(23, 18, 1447, 1132) overlay_visible=True
2026-08-14 23:15:25,503 tracking: rect=(23, 18, 1447, 1132) overlay_visible=True
2026-08-14 23:15:25,611 tracking: rect=(23, 18, 1447, 1132) overlay_visible=True
2026-08-14 23:15:25,720 tracking: rect=(23, 18, 1447, 1132) overlay_visible=True
2026-08-14 23:15:25,829 tracking: rect=(23, 18, 1447, 1132) overlay_visible=True
2026-08-14 23:15:25,940 tracking: rect=(23, 18, 1447, 1132) overlay_visible=True
2026-08-14 23:15:26,047 tracking: rect=(23, 18, 1447, 1132) overlay_visible=True
2026-08-14 23:15:26,156 tracking: rect=(23, 18, 1447, 1132) overlay_visible=True
2026-08-14 23:15:26,265 tracking: rect=(23, 18, 1447, 1132) overlay_visible=True
2026-08-14 23:15:26,375 tracking: rect=(23, 18, 1447, 1132) overlay_visible=True
2026-08-14 23:15:26,485 tracking: rect=(23, 18, 1447, 1132) overlay_visible=True
2026-08-14 23:15:26,595 tracking: rect=(23, 18, 1447, 1132) overlay_visible=True
2026-08-14 23:15:26,704 tracking: rect=(23, 18, 1447, 1132) overlay_visible=True
2026-08-14 23:15:26,813 tracking: rect=(23, 18, 1447, 1132) overlay_visible=True
2026-08-14 23:15:26,921 tracking: rect=(23, 18, 1447, 1132) overlay_visible=True
2026-08-14 23:15:27,030 tracking: rect=(23, 18, 1447, 1132) overlay_visible=True
2026-08-14 23:15:27,142 tracking: rect=(23, 18, 1447, 1132) overlay_visible=True
2026-08-14 23:15:27,249 tracking: rect=(23, 18, 1447, 1132) overlay_visible=True
2026-08-14 23:15:27,358 tracking: rect=(23, 18, 1447, 1132) overlay_visible=True
2026-08-14 23:15:27,468 tracking: rect=(23, 18, 1447, 1132) overlay_visible=True
2026-08-14 23:15:27,577 tracking: rect=(23, 18, 1447, 1132) overlay_visible=True
2026-08-14 23:15:27,688 tracking: rect=(23, 18, 1447, 1132) overlay_visible=True
2026-08-14 23:15:27,797 tracking: rect=(23, 18, 1447, 1132) overlay_visible=True
2026-08-14 23:15:27,907 tracking: rect=(23, 18, 1447, 1132) overlay_visible=True
2026-08-14 23:15:28,014 tracking: rect=(23, 18, 1447, 1132) overlay_visible=True
2026-08-14 23:15:28,121 tracking: rect=(23, 18, 1447, 1132) overlay_visible=True
2026-08-14 23:15:28,229 tracking: rect=(23, 18, 1447, 1132) overlay_visible=True
2026-08-14 23:15:28,337 tracking: rect=(23, 18, 1447, 1132) overlay_visible=True
2026-08-14 23:15:28,446 tracking: rect=(23, 18, 1447, 1132) overlay_visible=True
2026-08-14 23:15:28,555 tracking: rect=(23, 18, 1447, 1132) overlay_visible=True
2026-08-14 23:15:28,663 tracking: rect=(23, 18, 1447, 1132) overlay_visible=True
2026-08-14 23:15:28,772 tracking: rect=(23, 18, 1447, 1132) overlay_visible=True
2026-08-14 23:15:28,881 tracking: rect=(23, 18, 1447, 1132) overlay_visible=True
2026-08-14 23:15:28,990 tracking: rect=(23, 18, 1447, 1132) overlay_visible=True
2026-08-14 23:15:29,099 tracking: rect=(23, 18, 1447, 1132) overlay_visible=True
2026-08-14 23:15:29,208 tracking: rect=(23, 18, 1447, 1132) overlay_visible=True
2026-08-14 23:15:29,317 tracking: rect=(23, 18, 1447, 1132) overlay_visible=True
2026-08-14 23:15:29,426 tracking: rect=(23, 18, 1447, 1132) overlay_visible=True
2026-08-14 23:15:29,536 tracking: rect=(23, 18, 1447, 1132) overlay_visible=True
2026-08-14 23:15:29,643 tracking: rect=(23, 18, 1447, 1132) overlay_visible=True
2026-08-14 23:15:29,752 tracking: rect=(23, 18, 1447, 1132) overlay_visible=True
2026-08-14 23:15:29,861 tracking: rect=(23, 18, 1447, 1132) overlay_visible=True
2026-08-14 23:15:29,970 tracking: rect=(23, 18, 1447, 1132) overlay_visible=True
2026-08-14 23:15:30,078 tracking: rect=(23, 18, 1447, 1132) overlay_visible=True
2026-08-14 23:15:30,186 tracking: rect=(23, 18, 1447, 1132) overlay_visible=True
2026-08-14 23:15:30,295 tracking: rect=(23, 18, 1447, 1132) overlay_visible=True
2026-08-14 23:15:30,404 tracking: rect=(23, 18, 1447, 1132) overlay_visible=True
2026-08-14 23:15:30,514 tracking: rect=(23, 18, 1447, 1132) overlay_visible=True
2026-08-14 23:15:30,622 tracking: rect=(23, 18, 1447, 1132) overlay_visible=True
2026-08-14 23:15:30,730 tracking: rect=(23, 18, 1447, 1132) overlay_visible=True
2026-08-14 23:15:30,840 tracking: rect=(23, 18, 1447, 1132) overlay_visible=True
2026-08-14 23:15:30,947 tracking: rect=(23, 18, 1447, 1132) overlay_visible=True
2026-08-14 23:15:31,056 tracking: rect=(23, 18, 1447, 1132) overlay_visible=True
2026-08-14 23:15:31,165 tracking: rect=(23, 18, 1447, 1132) overlay_visible=True
2026-08-14 23:15:31,274 tracking: rect=(23, 18, 1447, 1132) overlay_visible=True
2026-08-14 23:15:31,385 tracking: rect=(23, 18, 1447, 1132) overlay_visible=True
2026-08-14 23:15:31,494 tracking: rect=(23, 18, 1447, 1132) overlay_visible=True
2026-08-14 23:15:31,602 tracking: rect=(23, 18, 1447, 1132) overlay_visible=True
2026-08-14 23:15:31,710 tracking: rect=(23, 18, 1447, 1132) overlay_visible=True
2026-08-14 23:15:31,820 tracking: rect=(23, 18, 1447, 1132) overlay_visible=True
2026-08-14 23:15:31,930 tracking: rect=(23, 18, 1447, 1132) overlay_visible=True
2026-08-14 23:15:32,038 tracking: rect=(23, 18, 1447, 1132) overlay_visible=True
2026-08-14 23:15:32,149 tracking: rect=(23, 18, 1447, 1132) overlay_visible=True
2026-08-14 23:15:32,259 tracking: rect=(23, 18, 1447, 1132) overlay_visible=True
2026-08-14 23:15:32,367 tracking: rect=(23, 18, 1447, 1132) overlay_visible=True
2026-08-14 23:15:32,476 tracking: rect=(23, 18, 1447, 1132) overlay_visible=True
2026-08-14 23:15:32,586 tracking: rect=(23, 18, 1447, 1132) overlay_visible=True
2026-08-14 23:15:32,693 tracking: rect=(23, 18, 1447, 1132) overlay_visible=True
2026-08-14 23:15:32,802 tracking: rect=(23, 18, 1447, 1132) overlay_visible=True
2026-08-14 23:15:32,910 tracking: rect=(23, 18, 1447, 1132) overlay_visible=True
2026-08-14 23:15:33,019 tracking: rect=(23, 18, 1447, 1132) overlay_visible=True
2026-08-14 23:15:33,128 tracking: rect=(23, 18, 1447, 1132) overlay_visible=True
2026-08-14 23:15:33,237 tracking: rect=(23, 18, 1447, 1132) overlay_visible=True
2026-08-14 23:15:33,346 tracking: rect=(23, 18, 1447, 1132) overlay_visible=True
2026-08-14 23:15:33,455 tracking: rect=(23, 18, 1447, 1132) overlay_visible=True
2026-08-14 23:15:33,564 tracking: rect=(23, 18, 1447, 1132) overlay_visible=True
2026-08-14 23:15:33,673 tracking: rect=(23, 18, 1447, 1132) overlay_visible=True
2026-08-14 23:15:33,781 tracking: rect=(23, 18, 1447, 1132) overlay_visible=True
2026-08-14 23:15:33,890 tracking: rect=(23, 18, 1447, 1132) overlay_visible=True
2026-08-14 23:15:33,998 tracking: rect=(23, 18, 1447, 1132) overlay_visible=True
2026-08-14 23:15:34,107 tracking: rect=(23, 18, 1447, 1132) overlay_visible=True
2026-08-14 23:15:34,216 tracking: rect=(23, 18, 1447, 1132) overlay_visible=True
2026-08-14 23:15:34,325 tracking: rect=(23, 18, 1447, 1132) overlay_visible=True
2026-08-14 23:15:34,436 tracking: rect=(23, 18, 1447, 1132) overlay_visible=True
2026-08-14 23:15:34,545 tracking: rect=(23, 18, 1447, 1132) overlay_visible=True
2026-08-14 23:15:34,654 tracking: rect=(23, 18, 1447, 1132) overlay_visible=True
2026-08-14 23:15:34,765 tracking: rect=(23, 18, 1447, 1132) overlay_visible=True
2026-08-14 23:15:34,872 tracking: rect=(23, 18, 1447, 1132) overlay_visible=True
2026-08-14 23:15:34,982 tracking: rect=(23, 18, 1447, 1132) overlay_visible=True
2026-08-14 23:15:35,091 tracking: rect=(23, 18, 1447, 1132) overlay_visible=True
2026-08-14 23:15:35,214 tracking: rect=(23, 18, 1447, 1132) overlay_visible=True
2026-08-14 23:15:35,323 tracking: rect=(23, 18, 1447, 1132) overlay_visible=True
2026-08-14 23:15:35,432 tracking: rect=(23, 18, 1447, 1132) overlay_visible=True
2026-08-14 23:15:35,541 tracking: rect=(23, 18, 1447, 1132) overlay_visible=True
2026-08-14 23:15:35,649 tracking: rect=(23, 18, 1447, 1132) overlay_visible=True
2026-08-14 23:15:35,756 tracking: rect=(23, 18, 1447, 1132) overlay_visible=True
2026-08-14 23:15:35,864 tracking: rect=(23, 18, 1447, 1132) overlay_visible=True
2026-08-14 23:15:35,973 tracking: rect=(23, 18, 1447, 1132) overlay_visible=True
2026-08-14 23:15:36,082 tracking: rect=(23, 18, 1447, 1132) overlay_visible=True
2026-08-14 23:15:36,190 tracking: rect=(23, 18, 1447, 1132) overlay_visible=True
2026-08-14 23:15:36,299 tracking: rect=(23, 18, 1447, 1132) overlay_visible=True
2026-08-14 23:15:36,407 tracking: rect=(23, 18, 1447, 1132) overlay_visible=True
2026-08-14 23:15:36,515 tracking: rect=(23, 18, 1447, 1132) overlay_visible=True
2026-08-14 23:15:36,623 tracking: rect=(23, 18, 1447, 1132) overlay_visible=True
2026-08-14 23:15:36,731 tracking: rect=(23, 18, 1447, 1132) overlay_visible=True
2026-08-14 23:15:36,840 tracking: rect=(23, 18, 1447, 1132) overlay_visible=True
2026-08-14 23:15:36,948 tracking: rect=(23, 18, 1447, 1132) overlay_visible=True
2026-08-14 23:15:37,057 tracking: rect=(23, 18, 1447, 1132) overlay_visible=True
2026-08-14 23:15:37,163 tracking: rect=(23, 18, 1447, 1132) overlay_visible=True
2026-08-14 23:15:37,274 tracking: rect=(23, 18, 1447, 1132) overlay_visible=True
2026-08-14 23:15:37,384 tracking: rect=(23, 18, 1447, 1132) overlay_visible=True
2026-08-14 23:15:37,492 tracking: rect=(23, 18, 1447, 1132) overlay_visible=True
2026-08-14 23:15:37,601 tracking: rect=(23, 18, 1447, 1132) overlay_visible=True
2026-08-14 23:15:37,710 tracking: rect=(23, 18, 1447, 1132) overlay_visible=True
2026-08-14 23:15:37,820 tracking: rect=(23, 18, 1447, 1132) overlay_visible=True
2026-08-14 23:15:37,929 tracking: rect=(23, 18, 1447, 1132) overlay_visible=True
2026-08-14 23:15:38,038 tracking: rect=(23, 18, 1447, 1132) overlay_visible=True
2026-08-14 23:15:38,147 tracking: rect=(23, 18, 1447, 1132) overlay_visible=True
2026-08-14 23:15:38,258 tracking: rect=(23, 18, 1447, 1132) overlay_visible=True
2026-08-14 23:15:38,368 tracking: rect=(23, 18, 1447, 1132) overlay_visible=True
2026-08-14 23:15:38,476 tracking: rect=(23, 18, 1447, 1132) overlay_visible=True
2026-08-14 23:15:38,584 tracking: rect=(23, 18, 1447, 1132) overlay_visible=True
2026-08-14 23:15:38,693 tracking: rect=(23, 18, 1447, 1132) overlay_visible=True
2026-08-14 23:15:38,802 tracking: rect=(23, 18, 1447, 1132) overlay_visible=True
2026-08-14 23:15:38,912 tracking: rect=(23, 18, 1447, 1132) overlay_visible=True
2026-08-14 23:15:39,022 tracking: rect=(23, 18, 1447, 1132) overlay_visible=True
2026-08-14 23:15:39,130 tracking: rect=(23, 18, 1447, 1132) overlay_visible=True
2026-08-14 23:15:39,241 tracking: rect=(23, 18, 1447, 1132) overlay_visible=True
2026-08-14 23:15:39,348 tracking: rect=(23, 18, 1447, 1132) overlay_visible=True
2026-08-14 23:15:39,458 tracking: rect=(23, 18, 1447, 1132) overlay_visible=True
2026-08-14 23:15:39,566 tracking: rect=(23, 18, 1447, 1132) overlay_visible=True
2026-08-14 23:15:39,674 tracking: rect=(23, 18, 1447, 1132) overlay_visible=True
2026-08-14 23:15:39,783 tracking: rect=(23, 18, 1447, 1132) overlay_visible=True
2026-08-14 23:15:39,893 tracking: rect=(23, 18, 1447, 1132) overlay_visible=True
2026-08-14 23:15:40,001 tracking: rect=(23, 18, 1447, 1132) overlay_visible=True
2026-08-14 23:15:40,110 tracking: rect=(23, 18, 1447, 1132) overlay_visible=True
2026-08-14 23:15:40,218 tracking: rect=(23, 18, 1447, 1132) overlay_visible=True
2026-08-14 23:15:40,325 tracking: rect=(23, 18, 1447, 1132) overlay_visible=True
2026-08-14 23:15:40,436 tracking: rect=(23, 18, 1447, 1132) overlay_visible=True
2026-08-14 23:15:40,545 tracking: rect=(23, 18, 1447, 1132) overlay_visible=True
2026-08-14 23:15:40,653 tracking: rect=(23, 18, 1447, 1132) overlay_visible=True
2026-08-14 23:15:40,761 tracking: rect=(23, 18, 1447, 1132) overlay_visible=True
2026-08-14 23:15:40,871 tracking: rect=(23, 18, 1447, 1132) overlay_visible=True
2026-08-14 23:15:40,979 tracking: rect=(23, 18, 1447, 1132) overlay_visible=True
2026-08-14 23:15:41,079 tracking: rect=(23, 18, 1447, 1132) overlay_visible=True
2026-08-14 23:15:41,183 tracking: rect=(23, 18, 1447, 1132) overlay_visible=True
2026-08-14 23:15:41,292 tracking: rect=(23, 18, 1447, 1132) overlay_visible=True
2026-08-14 23:15:41,400 tracking: rect=(23, 18, 1447, 1132) overlay_visible=True
2026-08-14 23:15:41,508 tracking: rect=(23, 18, 1447, 1132) overlay_visible=True
2026-08-14 23:15:41,617 tracking: rect=(23, 18, 1447, 1132) overlay_visible=True
2026-08-14 23:15:41,725 tracking: rect=(23, 18, 1447, 1132) overlay_visible=True
2026-08-14 23:15:41,835 tracking: rect=(23, 18, 1447, 1132) overlay_visible=True
2026-08-14 23:15:41,944 tracking: rect=(23, 18, 1447, 1132) overlay_visible=True
2026-08-14 23:15:42,053 tracking: rect=(23, 18, 1447, 1132) overlay_visible=True
2026-08-14 23:15:42,163 tracking: rect=(23, 18, 1447, 1132) overlay_visible=True
2026-08-14 23:15:42,274 tracking: rect=(23, 18, 1447, 1132) overlay_visible=True
2026-08-14 23:15:42,383 tracking: rect=(23, 18, 1447, 1132) overlay_visible=True
2026-08-14 23:15:42,493 tracking: rect=(23, 18, 1447, 1132) overlay_visible=True
2026-08-14 23:15:42,602 tracking: rect=(23, 18, 1447, 1132) overlay_visible=True
2026-08-14 23:15:42,709 tracking: rect=(23, 18, 1447, 1132) overlay_visible=True
2026-08-14 23:15:42,819 tracking: rect=(23, 18, 1447, 1132) overlay_visible=True
2026-08-14 23:15:42,927 tracking: rect=(23, 18, 1447, 1132) overlay_visible=True
2026-08-14 23:15:43,035 tracking: rect=(23, 18, 1447, 1132) overlay_visible=True
2026-08-14 23:15:43,143 tracking: rect=(23, 18, 1447, 1132) overlay_visible=True
2026-08-14 23:15:43,251 tracking: rect=(23, 18, 1447, 1132) overlay_visible=True
2026-08-14 23:15:43,359 tracking: rect=(23, 18, 1447, 1132) overlay_visible=True
2026-08-14 23:15:43,469 tracking: rect=(23, 18, 1447, 1132) overlay_visible=True
2026-08-14 23:15:43,578 tracking: rect=(23, 18, 1447, 1132) overlay_visible=True
2026-08-14 23:15:43,688 tracking: rect=(23, 18, 1447, 1132) overlay_visible=True
2026-08-14 23:15:43,797 tracking: rect=(23, 18, 1447, 1132) overlay_visible=True
2026-08-14 23:15:43,907 tracking: rect=(23, 18, 1447, 1132) overlay_visible=True
2026-08-14 23:15:44,015 tracking: rect=(23, 18, 1447, 1132) overlay_visible=True
2026-08-14 23:15:44,124 tracking: rect=(23, 18, 1447, 1132) overlay_visible=True
2026-08-14 23:15:44,233 tracking: rect=(23, 18, 1447, 1132) overlay_visible=True
2026-08-14 23:15:44,341 tracking: rect=(23, 18, 1447, 1132) overlay_visible=True
2026-08-14 23:15:44,451 tracking: rect=(23, 18, 1447, 1132) overlay_visible=True
2026-08-14 23:15:44,558 tracking: rect=(23, 18, 1447, 1132) overlay_visible=True
2026-08-14 23:15:44,666 tracking: rect=(23, 18, 1447, 1132) overlay_visible=True
2026-08-14 23:15:44,773 tracking: rect=(23, 18, 1447, 1132) overlay_visible=True
2026-08-14 23:15:44,883 tracking: rect=(23, 18, 1447, 1132) overlay_visible=True
2026-08-14 23:15:44,991 tracking: rect=(23, 18, 1447, 1132) overlay_visible=True
2026-08-14 23:15:45,100 tracking: rect=(23, 18, 1447, 1132) overlay_visible=True
2026-08-14 23:15:45,208 tracking: rect=(23, 18, 1447, 1132) overlay_visible=True
2026-08-14 23:15:45,316 tracking: rect=(23, 18, 1447, 1132) overlay_visible=True
2026-08-14 23:15:45,425 tracking: rect=(23, 18, 1447, 1132) overlay_visible=True
2026-08-14 23:15:45,533 tracking: rect=(23, 18, 1447, 1132) overlay_visible=True
2026-08-14 23:15:45,641 tracking: rect=(23, 18, 1447, 1132) overlay_visible=True
2026-08-14 23:15:45,751 tracking: rect=(23, 18, 1447, 1132) overlay_visible=True
2026-08-14 23:15:45,862 tracking: rect=(23, 18, 1447, 1132) overlay_visible=True
2026-08-14 23:15:45,970 tracking: rect=(23, 18, 1447, 1132) overlay_visible=True
2026-08-14 23:15:46,078 tracking: rect=(23, 18, 1447, 1132) overlay_visible=True
2026-08-14 23:15:46,186 tracking: rect=(23, 18, 1447, 1132) overlay_visible=True
2026-08-14 23:15:46,295 tracking: rect=(23, 18, 1447, 1132) overlay_visible=True
2026-08-14 23:15:46,404 tracking: rect=(23, 18, 1447, 1132) overlay_visible=True
2026-08-14 23:15:46,515 tracking: rect=(23, 18, 1447, 1132) overlay_visible=True
2026-08-14 23:15:46,624 tracking: rect=(23, 18, 1447, 1132) overlay_visible=True
2026-08-14 23:15:46,732 tracking: rect=(23, 18, 1447, 1132) overlay_visible=True
2026-08-14 23:15:46,840 tracking: rect=(23, 18, 1447, 1132) overlay_visible=True
2026-08-14 23:15:46,948 tracking: rect=(23, 18, 1447, 1132) overlay_visible=True
2026-08-14 23:15:47,057 tracking: rect=(23, 18, 1447, 1132) overlay_visible=True
2026-08-14 23:15:47,165 tracking: rect=(23, 18, 1447, 1132) overlay_visible=True
2026-08-14 23:15:47,272 tracking: rect=(23, 18, 1447, 1132) overlay_visible=True
2026-08-14 23:15:47,380 tracking: rect=(23, 18, 1447, 1132) overlay_visible=True
2026-08-14 23:15:47,488 tracking: rect=(23, 18, 1447, 1132) overlay_visible=True
2026-08-14 23:15:47,598 tracking: rect=(23, 18, 1447, 1132) overlay_visible=True
2026-08-14 23:15:47,706 tracking: rect=(23, 18, 1447, 1132) overlay_visible=True
2026-08-14 23:15:47,815 tracking: rect=(23, 18, 1447, 1132) overlay_visible=True
2026-08-14 23:15:47,925 tracking: rect=(23, 18, 1447, 1132) overlay_visible=True
2026-08-14 23:15:48,032 tracking: rect=(23, 18, 1447, 1132) overlay_visible=True
2026-08-14 23:15:48,142 tracking: rect=(23, 18, 1447, 1132) overlay_visible=True
2026-08-14 23:15:48,252 tracking: rect=(23, 18, 1447, 1132) overlay_visible=True
2026-08-14 23:15:48,362 tracking: rect=(23, 18, 1447, 1132) overlay_visible=True
2026-08-14 23:15:48,471 tracking: rect=(23, 18, 1447, 1132) overlay_visible=True
2026-08-14 23:15:48,579 tracking: rect=(23, 18, 1447, 1132) overlay_visible=True
2026-08-14 23:15:48,689 tracking: rect=(23, 18, 1447, 1132) overlay_visible=True
2026-08-14 23:15:48,799 tracking: rect=(23, 18, 1447, 1132) overlay_visible=True
2026-08-14 23:15:48,908 tracking: rect=(23, 18, 1447, 1132) overlay_visible=True
2026-08-14 23:15:49,017 tracking: rect=(23, 18, 1447, 1132) overlay_visible=True
2026-08-14 23:15:49,125 tracking: rect=(23, 18, 1447, 1132) overlay_visible=True
2026-08-14 23:15:49,235 tracking: rect=(23, 18, 1447, 1132) overlay_visible=True
2026-08-14 23:15:49,342 tracking: rect=(23, 18, 1447, 1132) overlay_visible=True
2026-08-14 23:15:49,451 tracking: rect=(23, 18, 1447, 1132) overlay_visible=True
2026-08-14 23:15:49,557 tracking: rect=(23, 18, 1447, 1132) overlay_visible=True
2026-08-14 23:15:49,665 tracking: rect=(23, 18, 1447, 1132) overlay_visible=True
2026-08-14 23:15:49,774 tracking: rect=(23, 18, 1447, 1132) overlay_visible=True
2026-08-14 23:15:49,882 tracking: rect=(23, 18, 1447, 1132) overlay_visible=True
2026-08-14 23:15:49,990 tracking: rect=(23, 18, 1447, 1132) overlay_visible=True
2026-08-14 23:15:50,097 tracking: rect=(23, 18, 1447, 1132) overlay_visible=True
2026-08-14 23:15:50,205 tracking: rect=(23, 18, 1447, 1132) overlay_visible=True
2026-08-14 23:15:50,315 tracking: rect=(23, 18, 1447, 1132) overlay_visible=True
2026-08-14 23:15:50,422 tracking: rect=(23, 18, 1447, 1132) overlay_visible=True
2026-08-14 23:15:50,531 tracking: rect=(23, 18, 1447, 1132) overlay_visible=True
2026-08-14 23:15:50,639 tracking: rect=(23, 18, 1447, 1132) overlay_visible=True
2026-08-14 23:15:50,749 tracking: rect=(23, 18, 1447, 1132) overlay_visible=True
2026-08-14 23:15:50,856 tracking: rect=(23, 18, 1447, 1132) overlay_visible=True
2026-08-14 23:15:50,965 tracking: rect=(23, 18, 1447, 1132) overlay_visible=True
2026-08-14 23:15:51,074 tracking: rect=(23, 18, 1447, 1132) overlay_visible=True
2026-08-14 23:15:51,182 tracking: rect=(23, 18, 1447, 1132) overlay_visible=True
2026-08-14 23:15:51,292 tracking: rect=(23, 18, 1447, 1132) overlay_visible=True
2026-08-14 23:15:51,401 tracking: rect=(23, 18, 1447, 1132) overlay_visible=True
2026-08-14 23:15:51,511 tracking: rect=(23, 18, 1447, 1132) overlay_visible=True
2026-08-14 23:15:51,620 tracking: rect=(23, 18, 1447, 1132) overlay_visible=True
2026-08-14 23:15:51,729 tracking: rect=(23, 18, 1447, 1132) overlay_visible=True
2026-08-14 23:15:51,837 tracking: rect=(23, 18, 1447, 1132) overlay_visible=True
2026-08-14 23:15:51,946 tracking: rect=(23, 18, 1447, 1132) overlay_visible=True
2026-08-14 23:15:52,056 tracking: rect=(23, 18, 1447, 1132) overlay_visible=True
2026-08-14 23:15:52,163 tracking: rect=(23, 18, 1447, 1132) overlay_visible=True
2026-08-14 23:15:52,273 tracking: rect=(23, 18, 1447, 1132) overlay_visible=True
2026-08-14 23:15:52,382 tracking: rect=(23, 18, 1447, 1132) overlay_visible=True
2026-08-14 23:15:52,492 tracking: rect=(23, 18, 1447, 1132) overlay_visible=True
2026-08-14 23:15:52,601 tracking: rect=(23, 18, 1447, 1132) overlay_visible=True
2026-08-14 23:15:52,709 tracking: rect=(23, 18, 1447, 1132) overlay_visible=True
2026-08-14 23:15:52,818 tracking: rect=(23, 18, 1447, 1132) overlay_visible=True
2026-08-14 23:15:52,927 tracking: rect=(23, 18, 1447, 1132) overlay_visible=True
2026-08-14 23:15:53,036 tracking: rect=(23, 18, 1447, 1132) overlay_visible=True
2026-08-14 23:15:53,144 tracking: rect=(23, 18, 1447, 1132) overlay_visible=True
2026-08-14 23:15:53,251 tracking: rect=(23, 18, 1447, 1132) overlay_visible=True
2026-08-14 23:15:53,359 tracking: rect=(23, 18, 1447, 1132) overlay_visible=True
2026-08-14 23:15:53,467 tracking: rect=(23, 18, 1447, 1132) overlay_visible=True
2026-08-14 23:15:53,575 tracking: rect=(23, 18, 1447, 1132) overlay_visible=True
2026-08-14 23:15:53,684 tracking: rect=(23, 18, 1447, 1132) overlay_visible=True
2026-08-14 23:15:53,792 tracking: rect=(23, 18, 1447, 1132) overlay_visible=True
2026-08-14 23:15:53,902 tracking: rect=(23, 18, 1447, 1132) overlay_visible=True
2026-08-14 23:15:54,011 tracking: rect=(23, 18, 1447, 1132) overlay_visible=True
2026-08-14 23:15:54,118 tracking: rect=(23, 18, 1447, 1132) overlay_visible=True
2026-08-14 23:15:54,225 tracking: rect=(23, 18, 1447, 1132) overlay_visible=True
2026-08-14 23:15:54,335 tracking: rect=(23, 18, 1447, 1132) overlay_visible=True
2026-08-14 23:15:54,444 tracking: rect=(23, 18, 1447, 1132) overlay_visible=True
2026-08-14 23:15:54,553 tracking: rect=(23, 18, 1447, 1132) overlay_visible=True
2026-08-14 23:15:54,664 tracking: rect=(23, 18, 1447, 1132) overlay_visible=True
2026-08-14 23:15:54,773 tracking: rect=(23, 18, 1447, 1132) overlay_visible=True
2026-08-14 23:15:54,884 tracking: rect=(23, 18, 1447, 1132) overlay_visible=True
2026-08-14 23:15:54,993 tracking: rect=(23, 18, 1447, 1132) overlay_visible=True
2026-08-14 23:15:55,100 tracking: rect=(23, 18, 1447, 1132) overlay_visible=True
2026-08-14 23:15:55,210 tracking: rect=(23, 18, 1447, 1132) overlay_visible=True
2026-08-14 23:15:55,320 tracking: rect=(23, 18, 1447, 1132) overlay_visible=True
2026-08-14 23:15:55,428 tracking: rect=(23, 18, 1447, 1132) overlay_visible=True
2026-08-14 23:15:55,539 tracking: rect=(23, 18, 1447, 1132) overlay_visible=True
2026-08-14 23:15:55,649 tracking: rect=(23, 18, 1447, 1132) overlay_visible=True
2026-08-14 23:15:58,977 left click mode=idle at (2452,30)
2026-08-14 23:15:59,607 left click mode=idle at (2430,56)
2026-08-14 23:16:00,371 left click mode=idle at (1726,204)
2026-08-14 23:16:00,901 left click mode=idle at (1977,205)
2026-08-14 23:16:01,243 left click mode=idle at (2090,200)
2026-08-14 23:16:01,956 left click mode=select_window at (986,60)
2026-08-14 23:16:01,956 select hit: hwnd=1114858 own=False
2026-08-14 23:16:01,956 select_game_window hwnd=1114858 own_root=5505716 own_overlay=3933776
2026-08-14 23:16:01,956 tracking: rect=(23, 18, 1447, 1132) overlay_visible=False
2026-08-14 23:16:01,960 after select: mode=idle game_hwnd=1114858
2026-08-14 23:16:02,033 tracking: rect=(23, 18, 1447, 1132) overlay_visible=True
2026-08-14 23:16:02,141 tracking: rect=(23, 18, 1447, 1132) overlay_visible=True
2026-08-14 23:16:02,249 tracking: rect=(23, 18, 1447, 1132) overlay_visible=True
2026-08-14 23:16:02,350 tracking: rect=(23, 18, 1447, 1132) overlay_visible=True
2026-08-14 23:16:02,452 tracking: rect=(23, 18, 1447, 1132) overlay_visible=True
2026-08-14 23:16:02,553 tracking: rect=(23, 18, 1447, 1132) overlay_visible=True
2026-08-14 23:16:02,655 tracking: rect=(23, 18, 1447, 1132) overlay_visible=True
2026-08-14 23:16:02,755 tracking: rect=(23, 18, 1447, 1132) overlay_visible=True
2026-08-14 23:16:02,859 tracking: rect=(23, 18, 1447, 1132) overlay_visible=True
2026-08-14 23:16:02,963 tracking: rect=(23, 18, 1447, 1132) overlay_visible=True
2026-08-14 23:16:03,039 left click mode=idle at (2108,270)
2026-08-14 23:16:03,072 tracking: rect=(23, 18, 1447, 1132) overlay_visible=True
2026-08-14 23:16:03,175 tracking: rect=(23, 18, 1447, 1132) overlay_visible=True
2026-08-14 23:16:03,283 tracking: rect=(23, 18, 1447, 1132) overlay_visible=True
2026-08-14 23:16:03,395 tracking: rect=(23, 18, 1447, 1132) overlay_visible=True
2026-08-14 23:16:03,497 tracking: rect=(23, 18, 1447, 1132) overlay_visible=True
2026-08-14 23:16:03,612 tracking: rect=(23, 18, 1447, 1132) overlay_visible=True
2026-08-14 23:16:03,720 tracking: rect=(23, 18, 1447, 1132) overlay_visible=True
2026-08-14 23:16:03,830 tracking: rect=(23, 18, 1447, 1132) overlay_visible=True
2026-08-14 23:16:03,940 tracking: rect=(23, 18, 1447, 1132) overlay_visible=True
2026-08-14 23:16:04,048 tracking: rect=(23, 18, 1447, 1132) overlay_visible=True
2026-08-14 23:16:04,157 tracking: rect=(23, 18, 1447, 1132) overlay_visible=True
2026-08-14 23:16:04,266 tracking: rect=(23, 18, 1447, 1132) overlay_visible=True
2026-08-14 23:16:04,375 tracking: rect=(23, 18, 1447, 1132) overlay_visible=True
2026-08-14 23:16:04,484 tracking: rect=(23, 18, 1447, 1132) overlay_visible=True
2026-08-14 23:16:04,593 tracking: rect=(23, 18, 1447, 1132) overlay_visible=True
2026-08-14 23:16:04,701 tracking: rect=(23, 18, 1447, 1132) overlay_visible=True
2026-08-14 23:16:04,810 tracking: rect=(23, 18, 1447, 1132) overlay_visible=True
2026-08-14 23:16:04,919 tracking: rect=(23, 18, 1447, 1132) overlay_visible=True
2026-08-14 23:16:05,028 tracking: rect=(23, 18, 1447, 1132) overlay_visible=True
2026-08-14 23:16:05,137 tracking: rect=(23, 18, 1447, 1132) overlay_visible=True
2026-08-14 23:16:05,246 tracking: rect=(23, 18, 1447, 1132) overlay_visible=True
2026-08-14 23:16:05,346 tracking: rect=(23, 18, 1447, 1132) overlay_visible=True
2026-08-14 23:16:05,448 tracking: rect=(23, 18, 1447, 1132) overlay_visible=True
2026-08-14 23:16:05,557 tracking: rect=(23, 18, 1447, 1132) overlay_visible=True
2026-08-14 23:16:05,666 tracking: rect=(23, 18, 1447, 1132) overlay_visible=True
2026-08-14 23:16:05,773 tracking: rect=(23, 18, 1447, 1132) overlay_visible=True
2026-08-14 23:16:05,883 tracking: rect=(23, 18, 1447, 1132) overlay_visible=True
2026-08-14 23:16:05,991 tracking: rect=(23, 18, 1447, 1132) overlay_visible=True
2026-08-14 23:16:06,101 tracking: rect=(23, 18, 1447, 1132) overlay_visible=True
2026-08-14 23:16:06,212 tracking: rect=(23, 18, 1447, 1132) overlay_visible=True
2026-08-14 23:16:06,322 tracking: rect=(23, 18, 1447, 1132) overlay_visible=True
2026-08-14 23:16:06,432 tracking: rect=(23, 18, 1447, 1132) overlay_visible=True
2026-08-14 23:16:06,541 tracking: rect=(23, 18, 1447, 1132) overlay_visible=True
2026-08-14 23:16:06,651 tracking: rect=(23, 18, 1447, 1132) overlay_visible=True
2026-08-14 23:16:06,761 tracking: rect=(23, 18, 1447, 1132) overlay_visible=True
2026-08-14 23:16:06,870 tracking: rect=(23, 18, 1447, 1132) overlay_visible=True
2026-08-14 23:16:06,979 tracking: rect=(23, 18, 1447, 1132) overlay_visible=True
2026-08-14 23:16:07,087 tracking: rect=(23, 18, 1447, 1132) overlay_visible=True
2026-08-14 23:16:07,196 tracking: rect=(23, 18, 1447, 1132) overlay_visible=True
2026-08-14 23:16:07,307 tracking: rect=(23, 18, 1447, 1132) overlay_visible=True
2026-08-14 23:16:07,415 tracking: rect=(23, 18, 1447, 1132) overlay_visible=True
2026-08-14 23:16:07,524 tracking: rect=(23, 18, 1447, 1132) overlay_visible=True
2026-08-14 23:16:07,633 tracking: rect=(23, 18, 1447, 1132) overlay_visible=True
2026-08-14 23:16:07,742 tracking: rect=(23, 18, 1447, 1132) overlay_visible=True
2026-08-14 23:16:07,851 tracking: rect=(23, 18, 1447, 1132) overlay_visible=True
2026-08-14 23:16:07,961 tracking: rect=(23, 18, 1447, 1132) overlay_visible=True
2026-08-14 23:16:08,070 tracking: rect=(23, 18, 1447, 1132) overlay_visible=True
2026-08-14 23:16:08,180 tracking: rect=(23, 18, 1447, 1132) overlay_visible=True
2026-08-14 23:16:08,289 tracking: rect=(23, 18, 1447, 1132) overlay_visible=True
2026-08-14 23:16:08,399 tracking: rect=(23, 18, 1447, 1132) overlay_visible=True
2026-08-14 23:16:08,508 tracking: rect=(23, 18, 1447, 1132) overlay_visible=True
2026-08-14 23:16:08,608 tracking: rect=(23, 18, 1447, 1132) overlay_visible=True
2026-08-14 23:16:08,709 tracking: rect=(23, 18, 1447, 1132) overlay_visible=True
2026-08-14 23:16:08,810 tracking: rect=(23, 18, 1447, 1132) overlay_visible=True
2026-08-14 23:16:08,911 tracking: rect=(23, 18, 1447, 1132) overlay_visible=True
2026-08-14 23:16:09,023 tracking: rect=(23, 18, 1447, 1132) overlay_visible=True
2026-08-14 23:16:09,123 tracking: rect=(23, 18, 1447, 1132) overlay_visible=True
2026-08-14 23:16:09,227 tracking: rect=(23, 18, 1447, 1132) overlay_visible=True
2026-08-14 23:16:09,336 tracking: rect=(23, 18, 1447, 1132) overlay_visible=True
2026-08-14 23:16:09,437 tracking: rect=(23, 18, 1447, 1132) overlay_visible=True
2026-08-14 23:16:09,537 tracking: rect=(23, 18, 1447, 1132) overlay_visible=True
2026-08-14 23:16:09,637 tracking: rect=(23, 18, 1447, 1132) overlay_visible=True
2026-08-14 23:16:09,742 tracking: rect=(23, 18, 1447, 1132) overlay_visible=True
2026-08-14 23:16:09,844 tracking: rect=(23, 18, 1447, 1132) overlay_visible=True
2026-08-14 23:16:09,946 tracking: rect=(23, 18, 1447, 1132) overlay_visible=True
2026-08-14 23:16:10,054 tracking: rect=(23, 18, 1447, 1132) overlay_visible=True
2026-08-14 23:16:10,164 tracking: rect=(23, 18, 1447, 1132) overlay_visible=True
2026-08-14 23:16:10,195 left click mode=idle at (2475,272)
2026-08-14 23:16:10,267 tracking: rect=(23, 18, 1447, 1132) overlay_visible=True
2026-08-14 23:16:10,368 tracking: rect=(23, 18, 1447, 1132) overlay_visible=True
2026-08-14 23:16:10,469 tracking: rect=(23, 18, 1447, 1132) overlay_visible=True
2026-08-14 23:16:10,570 tracking: rect=(23, 18, 1447, 1132) overlay_visible=True
2026-08-14 23:16:10,670 tracking: rect=(23, 18, 1447, 1132) overlay_visible=True
2026-08-14 23:16:10,770 tracking: rect=(23, 18, 1447, 1132) overlay_visible=True
2026-08-14 23:16:10,872 tracking: rect=(23, 18, 1447, 1132) overlay_visible=True
2026-08-14 23:16:10,975 tracking: rect=(23, 18, 1447, 1132) overlay_visible=True
2026-08-14 23:16:11,086 tracking: rect=(23, 18, 1447, 1132) overlay_visible=True
2026-08-14 23:16:11,133 left click mode=idle at (2114,433)
2026-08-14 23:16:11,187 tracking: rect=(23, 18, 1447, 1132) overlay_visible=True
2026-08-14 23:16:11,288 tracking: rect=(23, 18, 1447, 1132) overlay_visible=True
2026-08-14 23:16:11,388 tracking: rect=(23, 18, 1447, 1132) overlay_visible=True
2026-08-14 23:16:11,489 tracking: rect=(23, 18, 1447, 1132) overlay_visible=True
2026-08-14 23:16:11,588 tracking: rect=(23, 18, 1447, 1132) overlay_visible=True
2026-08-14 23:16:11,689 tracking: rect=(23, 18, 1447, 1132) overlay_visible=True
2026-08-14 23:16:11,790 tracking: rect=(23, 18, 1447, 1132) overlay_visible=True
2026-08-14 23:16:11,893 tracking: rect=(23, 18, 1447, 1132) overlay_visible=True
2026-08-14 23:16:11,995 tracking: rect=(23, 18, 1447, 1132) overlay_visible=True
2026-08-14 23:16:12,099 tracking: rect=(23, 18, 1447, 1132) overlay_visible=True
2026-08-14 23:16:12,199 tracking: rect=(23, 18, 1447, 1132) overlay_visible=True
2026-08-14 23:16:12,303 tracking: rect=(23, 18, 1447, 1132) overlay_visible=True
2026-08-14 23:16:12,403 tracking: rect=(23, 18, 1447, 1132) overlay_visible=True
2026-08-14 23:16:12,503 tracking: rect=(23, 18, 1447, 1132) overlay_visible=True
2026-08-14 23:16:12,604 tracking: rect=(23, 18, 1447, 1132) overlay_visible=True
2026-08-14 23:16:12,710 tracking: rect=(23, 18, 1447, 1132) overlay_visible=True
2026-08-14 23:16:12,821 tracking: rect=(23, 18, 1447, 1132) overlay_visible=True
2026-08-14 23:16:12,898 left click mode=idle at (2462,522)
2026-08-14 23:16:12,931 tracking: rect=(23, 18, 1447, 1132) overlay_visible=True
2026-08-14 23:16:13,032 tracking: rect=(23, 18, 1447, 1132) overlay_visible=True
2026-08-14 23:16:13,132 tracking: rect=(23, 18, 1447, 1132) overlay_visible=True
2026-08-14 23:16:13,244 tracking: rect=(23, 18, 1447, 1132) overlay_visible=True
2026-08-14 23:16:13,354 tracking: rect=(23, 18, 1447, 1132) overlay_visible=True
2026-08-14 23:16:13,463 tracking: rect=(23, 18, 1447, 1132) overlay_visible=True
2026-08-14 23:16:13,494 left click mode=idle at (2273,553)
2026-08-14 23:16:13,571 tracking: rect=(23, 18, 1447, 1132) overlay_visible=True
2026-08-14 23:16:13,673 tracking: rect=(23, 18, 1447, 1132) overlay_visible=True
2026-08-14 23:16:13,773 tracking: rect=(23, 18, 1447, 1132) overlay_visible=True
2026-08-14 23:16:13,874 tracking: rect=(23, 18, 1447, 1132) overlay_visible=True
2026-08-14 23:16:13,978 tracking: rect=(23, 18, 1447, 1132) overlay_visible=True
2026-08-14 23:16:14,088 tracking: rect=(23, 18, 1447, 1132) overlay_visible=True
2026-08-14 23:16:14,188 tracking: rect=(23, 18, 1447, 1132) overlay_visible=True
2026-08-14 23:16:14,289 tracking: rect=(23, 18, 1447, 1132) overlay_visible=True
2026-08-14 23:16:14,393 tracking: rect=(23, 18, 1447, 1132) overlay_visible=True
2026-08-14 23:16:14,494 tracking: rect=(23, 18, 1447, 1132) overlay_visible=True
2026-08-14 23:16:14,602 tracking: rect=(23, 18, 1447, 1132) overlay_visible=True
2026-08-14 23:16:14,650 left click mode=idle at (2300,161)
2026-08-14 23:16:14,703 tracking: rect=(23, 18, 1447, 1132) overlay_visible=True
2026-08-14 23:16:14,804 tracking: rect=(23, 18, 1447, 1132) overlay_visible=True
2026-08-14 23:16:14,905 tracking: rect=(23, 18, 1447, 1132) overlay_visible=True
2026-08-14 23:16:15,006 tracking: rect=(23, 18, 1447, 1132) overlay_visible=True
2026-08-14 23:16:15,116 tracking: rect=(23, 18, 1447, 1132) overlay_visible=True
2026-08-14 23:16:15,226 tracking: rect=(23, 18, 1447, 1132) overlay_visible=True
2026-08-14 23:16:15,334 tracking: rect=(23, 18, 1447, 1132) overlay_visible=True
2026-08-14 23:18:54,485 left click mode=idle at (1905,166)
2026-08-14 23:18:55,089 left click mode=idle at (2447,56)
2026-08-14 23:18:59,199 left click mode=idle at (2262,547)
2026-08-14 23:19:14,500 left click mode=idle at (1575,1124)
2026-08-14 23:20:00,899 left click mode=idle at (2076,1131)
2026-08-14 23:20:38,398 left click mode=idle at (1642,1178)
2026-08-14 23:21:18,320 left click mode=idle at (1790,109)
2026-08-14 23:21:19,182 left click mode=idle at (2463,55)
2026-08-14 23:21:20,926 left click mode=idle at (2088,189)
2026-08-14 23:21:21,676 left click mode=select_window at (1090,30)
2026-08-14 23:21:21,677 select hit: hwnd=1114858 own=False
2026-08-14 23:21:21,677 select_game_window hwnd=1114858 own_root=3212432 own_overlay=2623368
2026-08-14 23:21:21,677 tracking: rect=(23, 18, 1447, 1132) overlay_visible=False
2026-08-14 23:21:21,680 after select: mode=idle game_hwnd=1114858
2026-08-14 23:21:21,784 tracking: rect=(23, 18, 1447, 1132) overlay_visible=True
2026-08-14 23:21:21,894 tracking: rect=(23, 18, 1447, 1132) overlay_visible=True
2026-08-14 23:21:22,003 tracking: rect=(23, 18, 1447, 1132) overlay_visible=True
2026-08-14 23:21:22,112 tracking: rect=(23, 18, 1447, 1132) overlay_visible=True
2026-08-14 23:21:22,189 left click mode=idle at (1089,42)
2026-08-14 23:21:22,220 tracking: rect=(23, 18, 1447, 1132) overlay_visible=True
2026-08-14 23:21:22,328 tracking: rect=(23, 18, 1447, 1132) overlay_visible=True
2026-08-14 23:21:22,437 tracking: rect=(26, 10, 1450, 1124) overlay_visible=True
2026-08-14 23:21:22,546 tracking: rect=(27, 8, 1451, 1122) overlay_visible=True
2026-08-14 23:21:22,654 tracking: rect=(18, 6, 1442, 1120) overlay_visible=True
2026-08-14 23:21:22,762 tracking: rect=(11, 5, 1435, 1119) overlay_visible=True
2026-08-14 23:21:22,871 tracking: rect=(11, 5, 1435, 1119) overlay_visible=True
2026-08-14 23:21:22,979 tracking: rect=(8, 5, 1432, 1119) overlay_visible=True
2026-08-14 23:21:23,087 tracking: rect=(4, 5, 1428, 1119) overlay_visible=True
2026-08-14 23:21:23,197 tracking: rect=(3, 7, 1427, 1121) overlay_visible=True
2026-08-14 23:21:23,305 tracking: rect=(3, 7, 1427, 1121) overlay_visible=True
2026-08-14 23:21:23,414 tracking: rect=(2, 7, 1426, 1121) overlay_visible=True
2026-08-14 23:21:23,524 tracking: rect=(2, 7, 1426, 1121) overlay_visible=True
2026-08-14 23:21:23,633 tracking: rect=(3, 7, 1427, 1121) overlay_visible=True
2026-08-14 23:21:23,743 tracking: rect=(5, 7, 1429, 1121) overlay_visible=True
2026-08-14 23:21:23,853 tracking: rect=(7, 7, 1431, 1121) overlay_visible=True
2026-08-14 23:21:23,962 tracking: rect=(8, 7, 1432, 1121) overlay_visible=True
2026-08-14 23:21:24,070 tracking: rect=(8, 7, 1432, 1121) overlay_visible=True
2026-08-14 23:21:24,178 tracking: rect=(8, 7, 1432, 1121) overlay_visible=True
2026-08-14 23:21:24,286 tracking: rect=(8, 7, 1432, 1121) overlay_visible=True
2026-08-14 23:21:24,398 tracking: rect=(8, 7, 1432, 1121) overlay_visible=True
2026-08-14 23:21:24,499 tracking: rect=(8, 7, 1432, 1121) overlay_visible=True
2026-08-14 23:21:24,599 tracking: rect=(8, 7, 1432, 1121) overlay_visible=True
2026-08-14 23:21:24,701 tracking: rect=(8, 7, 1432, 1121) overlay_visible=True
2026-08-14 23:21:24,802 tracking: rect=(8, 7, 1432, 1121) overlay_visible=True
2026-08-14 23:21:24,905 tracking: rect=(8, 7, 1432, 1121) overlay_visible=True
2026-08-14 23:21:25,006 tracking: rect=(8, 7, 1432, 1121) overlay_visible=True
2026-08-14 23:21:25,107 tracking: rect=(8, 7, 1432, 1121) overlay_visible=True
2026-08-14 23:21:25,208 tracking: rect=(8, 7, 1432, 1121) overlay_visible=True
2026-08-14 23:21:25,381 tracking: rect=(8, 7, 1432, 1121) overlay_visible=True
2026-08-14 23:21:25,382 left click mode=idle at (2205,126)
2026-08-14 23:21:25,482 tracking: rect=(8, 7, 1432, 1121) overlay_visible=True
2026-08-14 23:21:25,583 tracking: rect=(8, 7, 1432, 1121) overlay_visible=True
2026-08-14 23:21:25,689 tracking: rect=(8, 7, 1432, 1121) overlay_visible=True
2026-08-14 23:21:25,790 tracking: rect=(8, 7, 1432, 1121) overlay_visible=True
2026-08-14 23:21:25,893 tracking: rect=(8, 7, 1432, 1121) overlay_visible=True
2026-08-14 23:21:26,002 tracking: rect=(8, 7, 1432, 1121) overlay_visible=True
2026-08-14 23:21:26,111 tracking: rect=(8, 7, 1432, 1121) overlay_visible=True
2026-08-14 23:21:26,221 tracking: rect=(8, 7, 1432, 1121) overlay_visible=True
2026-08-14 23:21:26,330 tracking: rect=(8, 7, 1432, 1121) overlay_visible=True
2026-08-14 23:21:26,431 tracking: rect=(8, 7, 1432, 1121) overlay_visible=True
2026-08-14 23:21:26,531 tracking: rect=(8, 7, 1432, 1121) overlay_visible=True
2026-08-14 23:21:26,632 tracking: rect=(8, 7, 1432, 1121) overlay_visible=True
2026-08-14 23:21:26,732 tracking: rect=(8, 7, 1432, 1121) overlay_visible=True
2026-08-14 23:21:26,835 tracking: rect=(8, 7, 1432, 1121) overlay_visible=True
2026-08-14 23:21:26,936 tracking: rect=(8, 7, 1432, 1121) overlay_visible=True
2026-08-14 23:21:27,036 tracking: rect=(8, 7, 1432, 1121) overlay_visible=True
2026-08-14 23:21:27,138 tracking: rect=(8, 7, 1432, 1121) overlay_visible=True
2026-08-14 23:21:27,243 tracking: rect=(8, 7, 1432, 1121) overlay_visible=True
2026-08-14 23:21:27,343 tracking: rect=(8, 7, 1432, 1121) overlay_visible=True
2026-08-14 23:21:27,453 tracking: rect=(8, 7, 1432, 1121) overlay_visible=True
2026-08-14 23:21:27,469 left click mode=idle at (2213,433)
2026-08-14 23:21:27,564 tracking: rect=(8, 7, 1432, 1121) overlay_visible=True
2026-08-14 23:21:27,673 tracking: rect=(8, 7, 1432, 1121) overlay_visible=True
2026-08-14 23:21:27,783 tracking: rect=(8, 7, 1432, 1121) overlay_visible=True
2026-08-14 23:21:27,892 tracking: rect=(8, 7, 1432, 1121) overlay_visible=True
2026-08-14 23:21:28,002 tracking: rect=(8, 7, 1432, 1121) overlay_visible=True
2026-08-14 23:21:28,103 tracking: rect=(8, 7, 1432, 1121) overlay_visible=True
2026-08-14 23:21:28,203 tracking: rect=(8, 7, 1432, 1121) overlay_visible=True
2026-08-14 23:21:28,305 tracking: rect=(8, 7, 1432, 1121) overlay_visible=True
2026-08-14 23:21:28,405 tracking: rect=(8, 7, 1432, 1121) overlay_visible=True
2026-08-14 23:21:28,508 tracking: rect=(8, 7, 1432, 1121) overlay_visible=True
2026-08-14 23:21:28,609 tracking: rect=(8, 7, 1432, 1121) overlay_visible=True
2026-08-14 23:21:28,754 tracking: rect=(8, 7, 1432, 1121) overlay_visible=True
2026-08-14 23:21:28,755 left click mode=idle at (2268,54)
2026-08-14 23:21:28,855 tracking: rect=(8, 7, 1432, 1121) overlay_visible=True
2026-08-14 23:21:28,961 tracking: rect=(8, 7, 1432, 1121) overlay_visible=True
2026-08-14 23:21:29,062 tracking: rect=(8, 7, 1432, 1121) overlay_visible=True
2026-08-14 23:21:29,162 tracking: rect=(8, 7, 1432, 1121) overlay_visible=True
2026-08-14 23:21:29,266 tracking: rect=(8, 7, 1432, 1121) overlay_visible=True
2026-08-14 23:21:29,367 tracking: rect=(8, 7, 1432, 1121) overlay_visible=True
2026-08-14 23:21:29,478 tracking: rect=(8, 7, 1432, 1121) overlay_visible=True
2026-08-14 23:21:29,492 left click mode=idle at (2342,572)
2026-08-14 23:21:29,585 tracking: rect=(8, 7, 1432, 1121) overlay_visible=True
2026-08-14 23:21:29,587 tracking: rect=(8, 7, 1432, 1121) overlay_visible=True
2026-08-14 23:21:29,695 tracking: rect=(8, 7, 1432, 1121) overlay_visible=True
2026-08-14 23:21:29,795 tracking: rect=(8, 7, 1432, 1121) overlay_visible=True
2026-08-14 23:21:29,896 tracking: rect=(8, 7, 1432, 1121) overlay_visible=True
2026-08-14 23:21:29,996 tracking: rect=(8, 7, 1432, 1121) overlay_visible=True
2026-08-14 23:21:30,097 tracking: rect=(8, 7, 1432, 1121) overlay_visible=True
2026-08-14 23:21:30,198 tracking: rect=(8, 7, 1432, 1121) overlay_visible=True
2026-08-14 23:21:30,299 tracking: rect=(8, 7, 1432, 1121) overlay_visible=True
2026-08-14 23:21:30,399 tracking: rect=(8, 7, 1432, 1121) overlay_visible=True
2026-08-14 23:21:30,509 tracking: rect=(8, 7, 1432, 1121) overlay_visible=True
2026-08-14 23:21:30,619 tracking: rect=(8, 7, 1432, 1121) overlay_visible=True
2026-08-14 23:21:30,720 tracking: rect=(8, 7, 1432, 1121) overlay_visible=True
2026-08-14 23:21:30,821 tracking: rect=(8, 7, 1432, 1121) overlay_visible=True
2026-08-14 23:21:30,922 tracking: rect=(8, 7, 1432, 1121) overlay_visible=True
2026-08-14 23:21:31,022 tracking: rect=(8, 7, 1432, 1121) overlay_visible=True
2026-08-14 23:21:31,134 tracking: rect=(8, 7, 1432, 1121) overlay_visible=True
2026-08-14 23:21:31,244 tracking: rect=(8, 7, 1432, 1121) overlay_visible=True
2026-08-14 23:21:31,353 tracking: rect=(8, 7, 1432, 1121) overlay_visible=True
2026-08-14 23:21:31,462 tracking: rect=(8, 7, 1432, 1121) overlay_visible=True
2026-08-14 23:21:31,571 tracking: rect=(8, 7, 1432, 1121) overlay_visible=True
2026-08-14 23:21:31,681 tracking: rect=(8, 7, 1432, 1121) overlay_visible=True
2026-08-14 23:21:31,759 left click mode=idle at (2210,446)
2026-08-14 23:21:31,789 tracking: rect=(8, 7, 1432, 1121) overlay_visible=True
2026-08-14 23:21:31,899 tracking: rect=(8, 7, 1432, 1121) overlay_visible=True
2026-08-14 23:21:31,999 tracking: rect=(8, 7, 1432, 1121) overlay_visible=True
2026-08-14 23:21:32,099 tracking: rect=(8, 7, 1432, 1121) overlay_visible=True
2026-08-14 23:21:32,200 tracking: rect=(8, 7, 1432, 1121) overlay_visible=True
2026-08-14 23:21:32,301 tracking: rect=(8, 7, 1432, 1121) overlay_visible=True
2026-08-14 23:21:32,414 tracking: rect=(8, 7, 1432, 1121) overlay_visible=True
2026-08-14 23:21:32,515 tracking: rect=(8, 7, 1432, 1121) overlay_visible=True
2026-08-14 23:21:32,616 tracking: rect=(8, 7, 1432, 1121) overlay_visible=True
2026-08-14 23:21:32,727 tracking: rect=(8, 7, 1432, 1121) overlay_visible=True
2026-08-14 23:21:32,836 tracking: rect=(8, 7, 1432, 1121) overlay_visible=True
2026-08-14 23:21:32,946 tracking: rect=(8, 7, 1432, 1121) overlay_visible=True
2026-08-14 23:21:33,046 tracking: rect=(8, 7, 1432, 1121) overlay_visible=True
2026-08-14 23:21:33,146 tracking: rect=(8, 7, 1432, 1121) overlay_visible=True
2026-08-14 23:21:33,247 tracking: rect=(8, 7, 1432, 1121) overlay_visible=True
2026-08-14 23:21:33,348 tracking: rect=(8, 7, 1432, 1121) overlay_visible=True
2026-08-14 23:21:33,452 tracking: rect=(8, 7, 1432, 1121) overlay_visible=True
2026-08-14 23:21:33,552 tracking: rect=(8, 7, 1432, 1121) overlay_visible=True
2026-08-14 23:21:33,663 tracking: rect=(8, 7, 1432, 1121) overlay_visible=True
2026-08-14 23:21:33,765 tracking: rect=(8, 7, 1432, 1121) overlay_visible=True
2026-08-14 23:21:33,865 tracking: rect=(8, 7, 1432, 1121) overlay_visible=True
2026-08-14 23:21:33,973 tracking: rect=(8, 7, 1432, 1121) overlay_visible=True
2026-08-14 23:21:34,083 tracking: rect=(8, 7, 1432, 1121) overlay_visible=True
2026-08-14 23:21:34,193 tracking: rect=(8, 7, 1432, 1121) overlay_visible=True
2026-08-14 23:21:34,303 tracking: rect=(8, 7, 1432, 1121) overlay_visible=True
2026-08-14 23:21:34,404 tracking: rect=(8, 7, 1432, 1121) overlay_visible=True
2026-08-14 23:21:34,506 tracking: rect=(8, 7, 1432, 1121) overlay_visible=True
2026-08-14 23:21:34,614 tracking: rect=(8, 7, 1432, 1121) overlay_visible=True
2026-08-14 23:21:34,723 tracking: rect=(8, 7, 1432, 1121) overlay_visible=True
2026-08-14 23:21:34,832 tracking: rect=(8, 7, 1432, 1121) overlay_visible=True
2026-08-14 23:21:34,942 tracking: rect=(8, 7, 1432, 1121) overlay_visible=True
2026-08-14 23:21:35,051 tracking: rect=(8, 7, 1432, 1121) overlay_visible=True
2026-08-14 23:21:35,161 tracking: rect=(8, 7, 1432, 1121) overlay_visible=True
2026-08-14 23:21:35,271 tracking: rect=(8, 7, 1432, 1121) overlay_visible=True
2026-08-14 23:21:35,380 tracking: rect=(8, 7, 1432, 1121) overlay_visible=True
2026-08-14 23:21:35,490 tracking: rect=(8, 7, 1432, 1121) overlay_visible=True
2026-08-14 23:21:35,599 tracking: rect=(8, 7, 1432, 1121) overlay_visible=True
2026-08-14 23:21:35,707 tracking: rect=(8, 7, 1432, 1121) overlay_visible=True
2026-08-14 23:21:35,816 tracking: rect=(8, 7, 1432, 1121) overlay_visible=True
2026-08-14 23:21:35,924 tracking: rect=(8, 7, 1432, 1121) overlay_visible=True
2026-08-14 23:21:36,034 tracking: rect=(8, 7, 1432, 1121) overlay_visible=True
2026-08-14 23:21:36,145 tracking: rect=(8, 7, 1432, 1121) overlay_visible=True
2026-08-14 23:21:36,254 tracking: rect=(8, 7, 1432, 1121) overlay_visible=True
2026-08-14 23:21:36,364 tracking: rect=(8, 7, 1432, 1121) overlay_visible=True
2026-08-14 23:21:36,473 tracking: rect=(8, 7, 1432, 1121) overlay_visible=True
2026-08-14 23:21:36,582 tracking: rect=(8, 7, 1432, 1121) overlay_visible=True
2026-08-14 23:21:36,690 tracking: rect=(8, 7, 1432, 1121) overlay_visible=True
2026-08-14 23:21:36,799 tracking: rect=(8, 7, 1432, 1121) overlay_visible=True
2026-08-14 23:21:36,862 left click mode=idle at (2090,287)
2026-08-14 23:21:36,909 tracking: rect=(8, 7, 1432, 1121) overlay_visible=True
2026-08-14 23:21:37,017 tracking: rect=(8, 7, 1432, 1121) overlay_visible=True
2026-08-14 23:21:37,128 tracking: rect=(8, 7, 1432, 1121) overlay_visible=True
2026-08-14 23:21:37,229 tracking: rect=(8, 7, 1432, 1121) overlay_visible=True
2026-08-14 23:21:37,330 tracking: rect=(8, 7, 1432, 1121) overlay_visible=True
2026-08-14 23:21:37,439 tracking: rect=(8, 7, 1432, 1121) overlay_visible=True
2026-08-14 23:21:37,547 tracking: rect=(8, 7, 1432, 1121) overlay_visible=True
2026-08-14 23:21:37,657 tracking: rect=(8, 7, 1432, 1121) overlay_visible=True
2026-08-14 23:21:37,767 tracking: rect=(8, 7, 1432, 1121) overlay_visible=True
2026-08-14 23:21:37,876 tracking: rect=(8, 7, 1432, 1121) overlay_visible=True
2026-08-14 23:21:37,986 tracking: rect=(8, 7, 1432, 1121) overlay_visible=True
2026-08-14 23:21:38,081 left click mode=eyedrop_bg at (1263,504)
2026-08-14 23:21:38,088 tracking: rect=(8, 7, 1432, 1121) overlay_visible=True
2026-08-14 23:21:38,192 tracking: rect=(8, 7, 1432, 1121) overlay_visible=True
2026-08-14 23:21:38,302 tracking: rect=(8, 7, 1432, 1121) overlay_visible=True
2026-08-14 23:21:38,411 tracking: rect=(8, 7, 1432, 1121) overlay_visible=True
2026-08-14 23:21:38,522 tracking: rect=(8, 7, 1432, 1121) overlay_visible=True
2026-08-14 23:21:38,632 tracking: rect=(8, 7, 1432, 1121) overlay_visible=True
2026-08-14 23:21:38,741 tracking: rect=(8, 7, 1432, 1121) overlay_visible=True
2026-08-14 23:21:38,850 tracking: rect=(8, 7, 1432, 1121) overlay_visible=True
2026-08-14 23:21:38,866 left click mode=eyedrop_bg at (1262,504)
2026-08-14 23:21:38,960 tracking: rect=(8, 7, 1432, 1121) overlay_visible=True
2026-08-14 23:21:39,070 tracking: rect=(8, 7, 1432, 1121) overlay_visible=True
2026-08-14 23:21:39,180 tracking: rect=(8, 7, 1432, 1121) overlay_visible=True
2026-08-14 23:21:39,274 left click mode=eyedrop_bg at (1262,504)
2026-08-14 23:21:39,290 tracking: rect=(8, 7, 1432, 1121) overlay_visible=True
2026-08-14 23:21:39,401 tracking: rect=(8, 7, 1432, 1121) overlay_visible=True
2026-08-14 23:21:39,510 tracking: rect=(8, 7, 1432, 1121) overlay_visible=True
2026-08-14 23:21:39,619 tracking: rect=(8, 7, 1432, 1121) overlay_visible=True
2026-08-14 23:21:39,650 left click mode=eyedrop_bg at (1262,504)
2026-08-14 23:21:39,728 tracking: rect=(8, 7, 1432, 1121) overlay_visible=True
2026-08-14 23:21:39,835 tracking: rect=(8, 7, 1432, 1121) overlay_visible=True
2026-08-14 23:21:39,866 left click mode=eyedrop_bg at (1262,504)
2026-08-14 23:21:39,943 tracking: rect=(8, 7, 1432, 1121) overlay_visible=True
2026-08-14 23:21:40,054 tracking: rect=(8, 7, 1432, 1121) overlay_visible=True
2026-08-14 23:21:40,162 tracking: rect=(8, 7, 1432, 1121) overlay_visible=True
2026-08-14 23:21:40,262 tracking: rect=(8, 7, 1432, 1121) overlay_visible=True
2026-08-14 23:21:40,365 tracking: rect=(8, 7, 1432, 1121) overlay_visible=True
2026-08-14 23:21:40,473 tracking: rect=(8, 7, 1432, 1121) overlay_visible=True
2026-08-14 23:21:40,577 tracking: rect=(8, 7, 1432, 1121) overlay_visible=True
2026-08-14 23:21:40,678 tracking: rect=(8, 7, 1432, 1121) overlay_visible=True
2026-08-14 23:21:40,787 tracking: rect=(8, 7, 1432, 1121) overlay_visible=True
2026-08-14 23:21:40,834 left click mode=eyedrop_bg at (2055,276)
2026-08-14 23:21:40,897 tracking: rect=(8, 7, 1432, 1121) overlay_visible=True
2026-08-14 23:21:41,007 tracking: rect=(8, 7, 1432, 1121) overlay_visible=True
2026-08-14 23:21:41,115 tracking: rect=(8, 7, 1432, 1121) overlay_visible=True
2026-08-14 23:21:41,215 tracking: rect=(8, 7, 1432, 1121) overlay_visible=True
2026-08-14 23:21:41,319 tracking: rect=(8, 7, 1432, 1121) overlay_visible=True
2026-08-14 23:21:41,423 tracking: rect=(8, 7, 1432, 1121) overlay_visible=True
2026-08-14 23:21:41,524 tracking: rect=(8, 7, 1432, 1121) overlay_visible=True
2026-08-14 23:21:41,632 tracking: rect=(8, 7, 1432, 1121) overlay_visible=True
2026-08-14 23:21:41,741 tracking: rect=(8, 7, 1432, 1121) overlay_visible=True
2026-08-14 23:21:41,849 tracking: rect=(8, 7, 1432, 1121) overlay_visible=True
2026-08-14 23:21:41,959 tracking: rect=(8, 7, 1432, 1121) overlay_visible=True
2026-08-14 23:21:42,069 tracking: rect=(8, 7, 1432, 1121) overlay_visible=True
2026-08-14 23:21:42,178 tracking: rect=(8, 7, 1432, 1121) overlay_visible=True
2026-08-14 23:21:42,287 tracking: rect=(8, 7, 1432, 1121) overlay_visible=True
2026-08-14 23:21:42,365 left click mode=eyedrop_bg at (1309,592)
2026-08-14 23:21:42,396 tracking: rect=(8, 7, 1432, 1121) overlay_visible=True
2026-08-14 23:21:42,506 tracking: rect=(8, 7, 1432, 1121) overlay_visible=True
2026-08-14 23:21:42,615 tracking: rect=(8, 7, 1432, 1121) overlay_visible=True
2026-08-14 23:21:42,723 tracking: rect=(8, 7, 1432, 1121) overlay_visible=True
2026-08-14 23:21:42,769 left click mode=eyedrop_bg at (1309,592)
2026-08-14 23:21:42,831 tracking: rect=(8, 7, 1432, 1121) overlay_visible=True
2026-08-14 23:21:42,941 tracking: rect=(8, 7, 1432, 1121) overlay_visible=True
2026-08-14 23:21:43,017 left click mode=eyedrop_bg at (1309,592)
2026-08-14 23:21:43,049 tracking: rect=(8, 7, 1432, 1121) overlay_visible=True
2026-08-14 23:21:43,157 tracking: rect=(8, 7, 1432, 1121) overlay_visible=True
2026-08-14 23:21:43,267 tracking: rect=(8, 7, 1432, 1121) overlay_visible=True
2026-08-14 23:21:43,375 tracking: rect=(8, 7, 1432, 1121) overlay_visible=True
2026-08-14 23:21:43,484 tracking: rect=(8, 7, 1432, 1121) overlay_visible=True
2026-08-14 23:21:43,592 tracking: rect=(8, 7, 1432, 1121) overlay_visible=True
2026-08-14 23:21:43,701 tracking: rect=(8, 7, 1432, 1121) overlay_visible=True
2026-08-14 23:21:43,811 tracking: rect=(8, 7, 1432, 1121) overlay_visible=True
2026-08-14 23:21:43,922 tracking: rect=(8, 7, 1432, 1121) overlay_visible=True
2026-08-14 23:21:44,031 tracking: rect=(8, 7, 1432, 1121) overlay_visible=True
2026-08-14 23:21:44,144 tracking: rect=(8, 7, 1432, 1121) overlay_visible=True
2026-08-14 23:21:44,254 tracking: rect=(8, 7, 1432, 1121) overlay_visible=True
2026-08-14 23:21:44,362 tracking: rect=(8, 7, 1432, 1121) overlay_visible=True
2026-08-14 23:21:44,471 tracking: rect=(8, 7, 1432, 1121) overlay_visible=True
2026-08-14 23:21:44,580 tracking: rect=(8, 7, 1432, 1121) overlay_visible=True
2026-08-14 23:21:44,690 tracking: rect=(8, 7, 1432, 1121) overlay_visible=True
2026-08-14 23:21:44,801 tracking: rect=(8, 7, 1432, 1121) overlay_visible=True
2026-08-14 23:21:44,911 tracking: rect=(8, 7, 1432, 1121) overlay_visible=True
2026-08-14 23:21:45,021 tracking: rect=(8, 7, 1432, 1121) overlay_visible=True
2026-08-14 23:21:45,132 tracking: rect=(8, 7, 1432, 1121) overlay_visible=True
2026-08-14 23:21:45,242 tracking: rect=(8, 7, 1432, 1121) overlay_visible=True
2026-08-14 23:21:45,352 tracking: rect=(8, 7, 1432, 1121) overlay_visible=True
2026-08-14 23:21:45,461 tracking: rect=(8, 7, 1432, 1121) overlay_visible=True
2026-08-14 23:21:45,570 tracking: rect=(8, 7, 1432, 1121) overlay_visible=True
2026-08-14 23:21:45,679 tracking: rect=(8, 7, 1432, 1121) overlay_visible=True
2026-08-14 23:21:45,789 tracking: rect=(8, 7, 1432, 1121) overlay_visible=True
2026-08-14 23:21:45,898 tracking: rect=(8, 7, 1432, 1121) overlay_visible=True
2026-08-14 23:21:45,991 left click mode=eyedrop_bg at (1287,567)
2026-08-14 23:21:46,000 tracking: rect=(8, 7, 1432, 1121) overlay_visible=True
2026-08-14 23:21:46,100 tracking: rect=(8, 7, 1432, 1121) overlay_visible=True
2026-08-14 23:21:46,208 tracking: rect=(8, 7, 1432, 1121) overlay_visible=True
2026-08-14 23:21:46,319 tracking: rect=(8, 7, 1432, 1121) overlay_visible=True
2026-08-14 23:21:46,429 tracking: rect=(8, 7, 1432, 1121) overlay_visible=True
2026-08-14 23:21:46,539 tracking: rect=(8, 7, 1432, 1121) overlay_visible=True
2026-08-14 23:21:46,646 tracking: rect=(8, 7, 1432, 1121) overlay_visible=True
2026-08-14 23:21:46,746 tracking: rect=(8, 7, 1432, 1121) overlay_visible=True
2026-08-14 23:21:46,848 tracking: rect=(8, 7, 1432, 1121) overlay_visible=True
2026-08-14 23:21:46,949 tracking: rect=(8, 7, 1432, 1121) overlay_visible=True
2026-08-14 23:21:47,058 tracking: rect=(8, 7, 1432, 1121) overlay_visible=True
2026-08-14 23:21:47,158 tracking: rect=(8, 7, 1432, 1121) overlay_visible=True
2026-08-14 23:21:47,265 tracking: rect=(8, 7, 1432, 1121) overlay_visible=True
2026-08-14 23:21:47,375 tracking: rect=(8, 7, 1432, 1121) overlay_visible=True
2026-08-14 23:21:47,478 tracking: rect=(8, 7, 1432, 1121) overlay_visible=True
2026-08-14 23:21:47,579 tracking: rect=(8, 7, 1432, 1121) overlay_visible=True
2026-08-14 23:21:47,689 tracking: rect=(8, 7, 1432, 1121) overlay_visible=True
2026-08-14 23:21:47,797 tracking: rect=(8, 7, 1432, 1121) overlay_visible=True
2026-08-14 23:21:47,908 tracking: rect=(8, 7, 1432, 1121) overlay_visible=True
2026-08-14 23:21:48,018 tracking: rect=(8, 7, 1432, 1121) overlay_visible=True
2026-08-14 23:21:48,127 tracking: rect=(8, 7, 1432, 1121) overlay_visible=True
2026-08-14 23:21:48,129 left click mode=eyedrop_bg at (2163,341)
2026-08-14 23:21:48,230 tracking: rect=(8, 7, 1432, 1121) overlay_visible=True
2026-08-14 23:21:48,343 tracking: rect=(8, 7, 1432, 1121) overlay_visible=True
2026-08-14 23:21:48,444 tracking: rect=(8, 7, 1432, 1121) overlay_visible=True
2026-08-14 23:21:48,545 tracking: rect=(8, 7, 1432, 1121) overlay_visible=True
2026-08-14 23:21:48,655 tracking: rect=(8, 7, 1432, 1121) overlay_visible=True
2026-08-14 23:21:48,763 tracking: rect=(8, 7, 1432, 1121) overlay_visible=True
2026-08-14 23:21:48,873 tracking: rect=(8, 7, 1432, 1121) overlay_visible=True
2026-08-14 23:21:48,983 tracking: rect=(8, 7, 1432, 1121) overlay_visible=True
2026-08-14 23:21:49,093 tracking: rect=(8, 7, 1432, 1121) overlay_visible=True
2026-08-14 23:21:49,202 tracking: rect=(8, 7, 1432, 1121) overlay_visible=True
2026-08-14 23:21:49,311 tracking: rect=(8, 7, 1432, 1121) overlay_visible=True
2026-08-14 23:21:49,419 tracking: rect=(8, 7, 1432, 1121) overlay_visible=True
2026-08-14 23:21:49,528 tracking: rect=(8, 7, 1432, 1121) overlay_visible=True
2026-08-14 23:21:49,637 tracking: rect=(8, 7, 1432, 1121) overlay_visible=True
2026-08-14 23:21:49,747 tracking: rect=(8, 7, 1432, 1121) overlay_visible=True
2026-08-14 23:21:49,855 tracking: rect=(8, 7, 1432, 1121) overlay_visible=True
2026-08-14 23:21:49,956 tracking: rect=(8, 7, 1432, 1121) overlay_visible=True
2026-08-14 23:21:50,060 tracking: rect=(8, 7, 1432, 1121) overlay_visible=True
2026-08-14 23:21:50,161 tracking: rect=(8, 7, 1432, 1121) overlay_visible=True
2026-08-14 23:21:50,261 tracking: rect=(8, 7, 1432, 1121) overlay_visible=True
2026-08-14 23:21:50,362 tracking: rect=(8, 7, 1432, 1121) overlay_visible=True
2026-08-14 23:21:50,462 tracking: rect=(8, 7, 1432, 1121) overlay_visible=True
2026-08-14 23:21:50,563 tracking: rect=(8, 7, 1432, 1121) overlay_visible=True
2026-08-14 23:21:50,671 tracking: rect=(8, 7, 1432, 1121) overlay_visible=True
2026-08-14 23:21:50,779 tracking: rect=(8, 7, 1432, 1121) overlay_visible=True
2026-08-14 23:21:50,880 tracking: rect=(8, 7, 1432, 1121) overlay_visible=True
2026-08-14 23:21:50,985 tracking: rect=(8, 7, 1432, 1121) overlay_visible=True
2026-08-14 23:21:51,094 tracking: rect=(8, 7, 1432, 1121) overlay_visible=True
2026-08-14 23:21:51,203 tracking: rect=(8, 7, 1432, 1121) overlay_visible=True
2026-08-14 23:21:51,304 tracking: rect=(8, 7, 1432, 1121) overlay_visible=True
2026-08-14 23:21:51,405 tracking: rect=(8, 7, 1432, 1121) overlay_visible=True
2026-08-14 23:21:51,506 tracking: rect=(8, 7, 1432, 1121) overlay_visible=True
2026-08-14 23:21:51,606 tracking: rect=(8, 7, 1432, 1121) overlay_visible=True
2026-08-14 23:21:51,719 tracking: rect=(8, 7, 1432, 1121) overlay_visible=True
2026-08-14 23:21:51,829 tracking: rect=(8, 7, 1432, 1121) overlay_visible=True
2026-08-14 23:21:51,937 tracking: rect=(8, 7, 1432, 1121) overlay_visible=True
2026-08-14 23:21:52,046 tracking: rect=(8, 7, 1432, 1121) overlay_visible=True
2026-08-14 23:21:52,155 tracking: rect=(8, 7, 1432, 1121) overlay_visible=True
2026-08-14 23:21:52,264 tracking: rect=(8, 7, 1432, 1121) overlay_visible=True
2026-08-14 23:21:52,373 tracking: rect=(8, 7, 1432, 1121) overlay_visible=True
2026-08-14 23:21:52,483 tracking: rect=(8, 7, 1432, 1121) overlay_visible=True
2026-08-14 23:21:52,592 tracking: rect=(8, 7, 1432, 1121) overlay_visible=True
2026-08-14 23:21:52,702 tracking: rect=(8, 7, 1432, 1121) overlay_visible=True
2026-08-14 23:21:52,811 tracking: rect=(8, 7, 1432, 1121) overlay_visible=True
2026-08-14 23:21:52,920 tracking: rect=(8, 7, 1432, 1121) overlay_visible=True
2026-08-14 23:21:53,030 tracking: rect=(8, 7, 1432, 1121) overlay_visible=True
2026-08-14 23:21:53,138 tracking: rect=(8, 7, 1432, 1121) overlay_visible=True
2026-08-14 23:21:53,248 tracking: rect=(8, 7, 1432, 1121) overlay_visible=True
2026-08-14 23:21:53,357 tracking: rect=(8, 7, 1432, 1121) overlay_visible=True
2026-08-14 23:21:53,467 tracking: rect=(8, 7, 1432, 1121) overlay_visible=True
2026-08-14 23:21:53,576 tracking: rect=(8, 7, 1432, 1121) overlay_visible=True
2026-08-14 23:21:53,684 tracking: rect=(8, 7, 1432, 1121) overlay_visible=True
2026-08-14 23:21:53,795 tracking: rect=(8, 7, 1432, 1121) overlay_visible=True
2026-08-14 23:21:53,904 tracking: rect=(8, 7, 1432, 1121) overlay_visible=True
2026-08-14 23:21:54,014 tracking: rect=(8, 7, 1432, 1121) overlay_visible=True
2026-08-14 23:21:54,046 left click mode=eyedrop_key at (745,847)
2026-08-14 23:21:54,122 tracking: rect=(8, 7, 1432, 1121) overlay_visible=True
2026-08-14 23:21:54,231 tracking: rect=(8, 7, 1432, 1121) overlay_visible=True
2026-08-14 23:21:54,339 tracking: rect=(8, 7, 1432, 1121) overlay_visible=True
2026-08-14 23:21:54,449 tracking: rect=(8, 7, 1432, 1121) overlay_visible=True
2026-08-14 23:21:54,558 tracking: rect=(8, 7, 1432, 1121) overlay_visible=True
2026-08-14 23:21:54,636 left click mode=eyedrop_key at (1068,956)
2026-08-14 23:21:54,667 tracking: rect=(8, 7, 1432, 1121) overlay_visible=True
2026-08-14 23:21:54,777 tracking: rect=(8, 7, 1432, 1121) overlay_visible=True
2026-08-14 23:21:54,885 tracking: rect=(8, 7, 1432, 1121) overlay_visible=True
2026-08-14 23:21:54,995 tracking: rect=(8, 7, 1432, 1121) overlay_visible=True
2026-08-14 23:21:55,103 tracking: rect=(8, 7, 1432, 1121) overlay_visible=True
2026-08-14 23:21:55,213 tracking: rect=(8, 7, 1432, 1121) overlay_visible=True
2026-08-14 23:21:55,323 tracking: rect=(8, 7, 1432, 1121) overlay_visible=True
2026-08-14 23:21:55,432 tracking: rect=(8, 7, 1432, 1121) overlay_visible=True
2026-08-14 23:21:55,540 tracking: rect=(8, 7, 1432, 1121) overlay_visible=True
2026-08-14 23:21:55,649 tracking: rect=(8, 7, 1432, 1121) overlay_visible=True
2026-08-14 23:21:55,759 tracking: rect=(8, 7, 1432, 1121) overlay_visible=True
2026-08-14 23:21:55,868 tracking: rect=(8, 7, 1432, 1121) overlay_visible=True
2026-08-14 23:21:55,975 tracking: rect=(8, 7, 1432, 1121) overlay_visible=True
2026-08-14 23:21:56,085 tracking: rect=(8, 7, 1432, 1121) overlay_visible=True
2026-08-14 23:21:56,194 tracking: rect=(8, 7, 1432, 1121) overlay_visible=True
2026-08-14 23:21:56,302 tracking: rect=(8, 7, 1432, 1121) overlay_visible=True
2026-08-14 23:21:56,411 tracking: rect=(8, 7, 1432, 1121) overlay_visible=True
2026-08-14 23:21:56,520 tracking: rect=(8, 7, 1432, 1121) overlay_visible=True
2026-08-14 23:21:56,629 tracking: rect=(8, 7, 1432, 1121) overlay_visible=True
2026-08-14 23:21:56,736 tracking: rect=(8, 7, 1432, 1121) overlay_visible=True
2026-08-14 23:21:56,844 tracking: rect=(8, 7, 1432, 1121) overlay_visible=True
2026-08-14 23:21:56,952 tracking: rect=(8, 7, 1432, 1121) overlay_visible=True
2026-08-14 23:21:57,061 tracking: rect=(8, 7, 1432, 1121) overlay_visible=True
2026-08-14 23:21:57,171 tracking: rect=(8, 7, 1432, 1121) overlay_visible=True
2026-08-14 23:21:57,279 tracking: rect=(8, 7, 1432, 1121) overlay_visible=True
2026-08-14 23:21:57,389 tracking: rect=(8, 7, 1432, 1121) overlay_visible=True
2026-08-14 23:21:57,498 tracking: rect=(8, 7, 1432, 1121) overlay_visible=True
2026-08-14 23:21:57,607 tracking: rect=(8, 7, 1432, 1121) overlay_visible=True
2026-08-14 23:21:57,716 tracking: rect=(8, 7, 1432, 1121) overlay_visible=True
2026-08-14 23:21:57,824 tracking: rect=(8, 7, 1432, 1121) overlay_visible=True
2026-08-14 23:21:57,934 tracking: rect=(8, 7, 1432, 1121) overlay_visible=True
2026-08-14 23:21:58,044 tracking: rect=(8, 7, 1432, 1121) overlay_visible=True
2026-08-14 23:21:58,153 tracking: rect=(8, 7, 1432, 1121) overlay_visible=True
2026-08-14 23:21:58,263 tracking: rect=(8, 7, 1432, 1121) overlay_visible=True
2026-08-14 23:21:58,374 tracking: rect=(8, 7, 1432, 1121) overlay_visible=True
2026-08-14 23:21:58,483 tracking: rect=(8, 7, 1432, 1121) overlay_visible=True
2026-08-14 23:21:58,593 tracking: rect=(8, 7, 1432, 1121) overlay_visible=True
2026-08-14 23:21:58,703 tracking: rect=(8, 7, 1432, 1121) overlay_visible=True
2026-08-14 23:21:58,813 tracking: rect=(8, 7, 1432, 1121) overlay_visible=True
2026-08-14 23:21:58,922 tracking: rect=(8, 7, 1432, 1121) overlay_visible=True
2026-08-14 23:21:59,031 tracking: rect=(8, 7, 1432, 1121) overlay_visible=True
2026-08-14 23:21:59,141 tracking: rect=(8, 7, 1432, 1121) overlay_visible=True
2026-08-14 23:21:59,249 tracking: rect=(8, 7, 1432, 1121) overlay_visible=True
2026-08-14 23:21:59,358 tracking: rect=(8, 7, 1432, 1121) overlay_visible=True
2026-08-14 23:21:59,466 tracking: rect=(8, 7, 1432, 1121) overlay_visible=True
2026-08-14 23:21:59,575 tracking: rect=(8, 7, 1432, 1121) overlay_visible=True
2026-08-14 23:21:59,683 tracking: rect=(8, 7, 1432, 1121) overlay_visible=True
2026-08-14 23:21:59,794 tracking: rect=(8, 7, 1432, 1121) overlay_visible=True
2026-08-14 23:21:59,901 tracking: rect=(8, 7, 1432, 1121) overlay_visible=True
2026-08-14 23:22:00,011 tracking: rect=(8, 7, 1432, 1121) overlay_visible=True
2026-08-14 23:22:00,121 tracking: rect=(8, 7, 1432, 1121) overlay_visible=True
2026-08-14 23:22:00,229 tracking: rect=(8, 7, 1432, 1121) overlay_visible=True
2026-08-14 23:22:00,339 tracking: rect=(8, 7, 1432, 1121) overlay_visible=True
2026-08-14 23:22:00,446 tracking: rect=(8, 7, 1432, 1121) overlay_visible=True
2026-08-14 23:22:00,556 tracking: rect=(8, 7, 1432, 1121) overlay_visible=True
2026-08-14 23:22:00,664 tracking: rect=(8, 7, 1432, 1121) overlay_visible=True
2026-08-14 23:22:00,773 tracking: rect=(8, 7, 1432, 1121) overlay_visible=True
2026-08-14 23:22:00,882 tracking: rect=(8, 7, 1432, 1121) overlay_visible=True
2026-08-14 23:22:00,991 tracking: rect=(8, 7, 1432, 1121) overlay_visible=True
2026-08-14 23:22:01,099 tracking: rect=(8, 7, 1432, 1121) overlay_visible=True
2026-08-14 23:22:01,208 tracking: rect=(8, 7, 1432, 1121) overlay_visible=True
2026-08-14 23:22:01,318 tracking: rect=(8, 7, 1432, 1121) overlay_visible=True
2026-08-14 23:22:01,365 left click mode=eyedrop_key at (777,803)
2026-08-14 23:22:01,427 tracking: rect=(8, 7, 1432, 1121) overlay_visible=True
2026-08-14 23:22:01,535 tracking: rect=(8, 7, 1432, 1121) overlay_visible=True
2026-08-14 23:22:01,644 tracking: rect=(8, 7, 1432, 1121) overlay_visible=True
2026-08-14 23:22:01,753 tracking: rect=(8, 7, 1432, 1121) overlay_visible=True
2026-08-14 23:22:01,862 tracking: rect=(8, 7, 1432, 1121) overlay_visible=True
2026-08-14 23:22:01,971 tracking: rect=(8, 7, 1432, 1121) overlay_visible=True
2026-08-14 23:22:02,080 tracking: rect=(8, 7, 1432, 1121) overlay_visible=True
2026-08-14 23:22:02,182 tracking: rect=(8, 7, 1432, 1121) overlay_visible=True
2026-08-14 23:22:02,285 tracking: rect=(8, 7, 1432, 1121) overlay_visible=True
2026-08-14 23:22:02,395 tracking: rect=(8, 7, 1432, 1121) overlay_visible=True
2026-08-14 23:22:02,505 tracking: rect=(8, 7, 1432, 1121) overlay_visible=True
2026-08-14 23:22:02,615 tracking: rect=(8, 7, 1432, 1121) overlay_visible=True
2026-08-14 23:22:02,722 tracking: rect=(8, 7, 1432, 1121) overlay_visible=True
2026-08-14 23:22:02,800 left click mode=eyedrop_key at (858,471)
2026-08-14 23:22:02,831 tracking: rect=(8, 7, 1432, 1121) overlay_visible=True
2026-08-14 23:22:02,941 tracking: rect=(8, 7, 1432, 1121) overlay_visible=True
2026-08-14 23:22:03,051 tracking: rect=(8, 7, 1432, 1121) overlay_visible=True
2026-08-14 23:22:03,160 tracking: rect=(8, 7, 1432, 1121) overlay_visible=True
2026-08-14 23:22:03,269 tracking: rect=(8, 7, 1432, 1121) overlay_visible=True
2026-08-14 23:22:03,377 tracking: rect=(8, 7, 1432, 1121) overlay_visible=True
2026-08-14 23:22:03,485 tracking: rect=(8, 7, 1432, 1121) overlay_visible=True
2026-08-14 23:22:03,594 tracking: rect=(8, 7, 1432, 1121) overlay_visible=True
2026-08-14 23:22:03,703 tracking: rect=(8, 7, 1432, 1121) overlay_visible=True
2026-08-14 23:22:03,811 tracking: rect=(8, 7, 1432, 1121) overlay_visible=True
2026-08-14 23:22:03,920 tracking: rect=(8, 7, 1432, 1121) overlay_visible=True
2026-08-14 23:22:04,028 tracking: rect=(8, 7, 1432, 1121) overlay_visible=True
2026-08-14 23:22:04,139 tracking: rect=(8, 7, 1432, 1121) overlay_visible=True
2026-08-14 23:22:04,246 tracking: rect=(8, 7, 1432, 1121) overlay_visible=True
2026-08-14 23:22:04,355 tracking: rect=(8, 7, 1432, 1121) overlay_visible=True
2026-08-14 23:22:04,464 tracking: rect=(8, 7, 1432, 1121) overlay_visible=True
2026-08-14 23:22:04,574 tracking: rect=(8, 7, 1432, 1121) overlay_visible=True
2026-08-14 23:22:04,683 tracking: rect=(8, 7, 1432, 1121) overlay_visible=True
2026-08-14 23:22:04,792 tracking: rect=(8, 7, 1432, 1121) overlay_visible=True
2026-08-14 23:22:04,901 tracking: rect=(8, 7, 1432, 1121) overlay_visible=True
2026-08-14 23:22:05,010 tracking: rect=(8, 7, 1432, 1121) overlay_visible=True
2026-08-14 23:22:05,119 tracking: rect=(8, 7, 1432, 1121) overlay_visible=True
2026-08-14 23:22:05,229 tracking: rect=(8, 7, 1432, 1121) overlay_visible=True
2026-08-14 23:22:05,340 tracking: rect=(8, 7, 1432, 1121) overlay_visible=True
2026-08-14 23:22:05,449 tracking: rect=(8, 7, 1432, 1121) overlay_visible=True
2026-08-14 23:22:05,558 tracking: rect=(8, 7, 1432, 1121) overlay_visible=True
2026-08-14 23:22:05,667 tracking: rect=(8, 7, 1432, 1121) overlay_visible=True
2026-08-14 23:22:05,777 tracking: rect=(8, 7, 1432, 1121) overlay_visible=True
2026-08-14 23:22:05,887 tracking: rect=(8, 7, 1432, 1121) overlay_visible=True
2026-08-14 23:22:05,996 tracking: rect=(8, 7, 1432, 1121) overlay_visible=True
2026-08-14 23:22:06,105 tracking: rect=(8, 7, 1432, 1121) overlay_visible=True
2026-08-14 23:22:06,215 tracking: rect=(8, 7, 1432, 1121) overlay_visible=True
2026-08-14 23:22:06,231 left click mode=eyedrop_key at (817,786)
2026-08-14 23:22:06,324 tracking: rect=(8, 7, 1432, 1121) overlay_visible=True
2026-08-14 23:22:06,432 tracking: rect=(8, 7, 1432, 1121) overlay_visible=True
2026-08-14 23:22:06,541 tracking: rect=(8, 7, 1432, 1121) overlay_visible=True
2026-08-14 23:22:06,652 tracking: rect=(8, 7, 1432, 1121) overlay_visible=True
2026-08-14 23:22:06,759 tracking: rect=(8, 7, 1432, 1121) overlay_visible=True
2026-08-14 23:22:06,871 tracking: rect=(8, 7, 1432, 1121) overlay_visible=True
2026-08-14 23:22:06,978 tracking: rect=(8, 7, 1432, 1121) overlay_visible=True
2026-08-14 23:22:07,087 tracking: rect=(8, 7, 1432, 1121) overlay_visible=True
2026-08-14 23:22:07,196 tracking: rect=(8, 7, 1432, 1121) overlay_visible=True
2026-08-14 23:22:07,305 tracking: rect=(8, 7, 1432, 1121) overlay_visible=True
2026-08-14 23:22:07,415 tracking: rect=(8, 7, 1432, 1121) overlay_visible=True
2026-08-14 23:22:07,526 tracking: rect=(8, 7, 1432, 1121) overlay_visible=True
2026-08-14 23:22:07,634 tracking: rect=(8, 7, 1432, 1121) overlay_visible=True
2026-08-14 23:22:07,742 tracking: rect=(8, 7, 1432, 1121) overlay_visible=True
2026-08-14 23:22:07,851 tracking: rect=(8, 7, 1432, 1121) overlay_visible=True
2026-08-14 23:22:07,961 tracking: rect=(8, 7, 1432, 1121) overlay_visible=True
2026-08-14 23:22:08,071 tracking: rect=(8, 7, 1432, 1121) overlay_visible=True
2026-08-14 23:22:08,180 tracking: rect=(8, 7, 1432, 1121) overlay_visible=True
2026-08-14 23:22:08,289 tracking: rect=(8, 7, 1432, 1121) overlay_visible=True
2026-08-14 23:22:08,399 tracking: rect=(8, 7, 1432, 1121) overlay_visible=True
2026-08-14 23:22:08,507 tracking: rect=(8, 7, 1432, 1121) overlay_visible=True
2026-08-14 23:22:08,616 tracking: rect=(8, 7, 1432, 1121) overlay_visible=True
2026-08-14 23:22:08,725 tracking: rect=(8, 7, 1432, 1121) overlay_visible=True
2026-08-14 23:22:08,832 tracking: rect=(8, 7, 1432, 1121) overlay_visible=True
2026-08-14 23:22:08,941 tracking: rect=(8, 7, 1432, 1121) overlay_visible=True
2026-08-14 23:22:09,051 tracking: rect=(8, 7, 1432, 1121) overlay_visible=True
2026-08-14 23:22:09,160 tracking: rect=(8, 7, 1432, 1121) overlay_visible=True
2026-08-14 23:22:09,270 tracking: rect=(8, 7, 1432, 1121) overlay_visible=True
2026-08-14 23:22:09,377 tracking: rect=(8, 7, 1432, 1121) overlay_visible=True
2026-08-14 23:22:09,489 tracking: rect=(8, 7, 1432, 1121) overlay_visible=True
2026-08-14 23:22:09,597 tracking: rect=(8, 7, 1432, 1121) overlay_visible=True
2026-08-14 23:22:09,706 tracking: rect=(8, 7, 1432, 1121) overlay_visible=True
2026-08-14 23:22:09,817 tracking: rect=(8, 7, 1432, 1121) overlay_visible=True
2026-08-14 23:22:09,926 tracking: rect=(8, 7, 1432, 1121) overlay_visible=True
2026-08-14 23:22:10,035 tracking: rect=(8, 7, 1432, 1121) overlay_visible=True
2026-08-14 23:22:10,143 tracking: rect=(8, 7, 1432, 1121) overlay_visible=True
2026-08-14 23:22:10,253 tracking: rect=(8, 7, 1432, 1121) overlay_visible=True
2026-08-14 23:22:10,361 tracking: rect=(8, 7, 1432, 1121) overlay_visible=True
2026-08-14 23:22:10,470 tracking: rect=(8, 7, 1432, 1121) overlay_visible=True
2026-08-14 23:22:10,579 tracking: rect=(8, 7, 1432, 1121) overlay_visible=True
2026-08-14 23:22:10,689 tracking: rect=(8, 7, 1432, 1121) overlay_visible=True
2026-08-14 23:22:10,799 tracking: rect=(8, 7, 1432, 1121) overlay_visible=True
2026-08-14 23:22:10,909 tracking: rect=(8, 7, 1432, 1121) overlay_visible=True
2026-08-14 23:22:11,019 tracking: rect=(8, 7, 1432, 1121) overlay_visible=True
2026-08-14 23:22:11,128 tracking: rect=(8, 7, 1432, 1121) overlay_visible=True
2026-08-14 23:22:11,238 tracking: rect=(8, 7, 1432, 1121) overlay_visible=True
2026-08-14 23:22:11,348 tracking: rect=(8, 7, 1432, 1121) overlay_visible=True
2026-08-14 23:22:11,458 tracking: rect=(8, 7, 1432, 1121) overlay_visible=True
2026-08-14 23:22:11,567 tracking: rect=(8, 7, 1432, 1121) overlay_visible=True
2026-08-14 23:22:11,677 tracking: rect=(8, 7, 1432, 1121) overlay_visible=True
2026-08-14 23:22:11,786 tracking: rect=(8, 7, 1432, 1121) overlay_visible=True
2026-08-14 23:22:11,896 tracking: rect=(8, 7, 1432, 1121) overlay_visible=True
2026-08-14 23:22:12,006 tracking: rect=(8, 7, 1432, 1121) overlay_visible=True
2026-08-14 23:22:12,115 tracking: rect=(8, 7, 1432, 1121) overlay_visible=True
2026-08-14 23:22:12,224 tracking: rect=(8, 7, 1432, 1121) overlay_visible=True
2026-08-14 23:22:12,335 tracking: rect=(8, 7, 1432, 1121) overlay_visible=True
2026-08-14 23:22:12,443 tracking: rect=(8, 7, 1432, 1121) overlay_visible=True
2026-08-14 23:22:12,554 tracking: rect=(8, 7, 1432, 1121) overlay_visible=True
2026-08-14 23:22:12,662 tracking: rect=(8, 7, 1432, 1121) overlay_visible=True
2026-08-14 23:22:12,773 tracking: rect=(8, 7, 1432, 1121) overlay_visible=True
2026-08-14 23:22:12,881 tracking: rect=(8, 7, 1432, 1121) overlay_visible=True
2026-08-14 23:22:12,990 tracking: rect=(8, 7, 1432, 1121) overlay_visible=True
2026-08-14 23:22:13,099 tracking: rect=(8, 7, 1432, 1121) overlay_visible=True
2026-08-14 23:22:13,207 tracking: rect=(8, 7, 1432, 1121) overlay_visible=True
2026-08-14 23:22:13,317 tracking: rect=(8, 7, 1432, 1121) overlay_visible=True
2026-08-14 23:22:13,426 tracking: rect=(8, 7, 1432, 1121) overlay_visible=True
2026-08-14 23:22:13,534 tracking: rect=(8, 7, 1432, 1121) overlay_visible=True
2026-08-14 23:22:13,644 tracking: rect=(8, 7, 1432, 1121) overlay_visible=True
2026-08-14 23:22:13,754 tracking: rect=(8, 7, 1432, 1121) overlay_visible=True
2026-08-14 23:22:13,862 tracking: rect=(8, 7, 1432, 1121) overlay_visible=True
2026-08-14 23:22:13,972 tracking: rect=(8, 7, 1432, 1121) overlay_visible=True
2026-08-14 23:22:14,081 tracking: rect=(8, 7, 1432, 1121) overlay_visible=True
2026-08-14 23:22:14,190 tracking: rect=(8, 7, 1432, 1121) overlay_visible=True
2026-08-14 23:22:14,298 tracking: rect=(8, 7, 1432, 1121) overlay_visible=True
2026-08-14 23:22:14,408 tracking: rect=(8, 7, 1432, 1121) overlay_visible=True
2026-08-14 23:22:14,518 tracking: rect=(8, 7, 1432, 1121) overlay_visible=True
2026-08-14 23:22:14,627 tracking: rect=(8, 7, 1432, 1121) overlay_visible=True
2026-08-14 23:22:14,737 tracking: rect=(8, 7, 1432, 1121) overlay_visible=True
2026-08-14 23:22:14,737 left click mode=eyedrop_key at (758,779)
2026-08-14 23:22:14,846 tracking: rect=(8, 7, 1432, 1121) overlay_visible=True
2026-08-14 23:22:14,955 tracking: rect=(8, 7, 1432, 1121) overlay_visible=True
2026-08-14 23:22:15,065 tracking: rect=(8, 7, 1432, 1121) overlay_visible=True
2026-08-14 23:22:15,096 left click mode=eyedrop_key at (1086,750)
2026-08-14 23:22:15,174 tracking: rect=(8, 7, 1432, 1121) overlay_visible=True
2026-08-14 23:22:15,281 tracking: rect=(8, 7, 1432, 1121) overlay_visible=True
2026-08-14 23:22:15,389 tracking: rect=(8, 7, 1432, 1121) overlay_visible=True
2026-08-14 23:22:15,436 left click mode=eyedrop_key at (1128,707)
2026-08-14 23:22:15,498 tracking: rect=(8, 7, 1432, 1121) overlay_visible=True
2026-08-14 23:22:15,608 tracking: rect=(8, 7, 1432, 1121) overlay_visible=True
2026-08-14 23:22:15,719 tracking: rect=(8, 7, 1432, 1121) overlay_visible=True
2026-08-14 23:22:15,781 left click mode=eyedrop_key at (1119,755)
2026-08-14 23:22:15,829 tracking: rect=(8, 7, 1432, 1121) overlay_visible=True
2026-08-14 23:22:15,938 tracking: rect=(8, 7, 1432, 1121) overlay_visible=True
2026-08-14 23:22:16,048 tracking: rect=(8, 7, 1432, 1121) overlay_visible=True
2026-08-14 23:22:16,157 tracking: rect=(8, 7, 1432, 1121) overlay_visible=True
2026-08-14 23:22:16,267 tracking: rect=(8, 7, 1432, 1121) overlay_visible=True
2026-08-14 23:22:16,377 tracking: rect=(8, 7, 1432, 1121) overlay_visible=True
2026-08-14 23:22:16,488 tracking: rect=(8, 7, 1432, 1121) overlay_visible=True
2026-08-14 23:22:16,596 tracking: rect=(8, 7, 1432, 1121) overlay_visible=True
2026-08-14 23:22:16,707 tracking: rect=(8, 7, 1432, 1121) overlay_visible=True
2026-08-14 23:22:16,815 tracking: rect=(8, 7, 1432, 1121) overlay_visible=True
2026-08-14 23:22:16,925 tracking: rect=(8, 7, 1432, 1121) overlay_visible=True
2026-08-14 23:22:17,034 tracking: rect=(8, 7, 1432, 1121) overlay_visible=True
2026-08-14 23:22:17,143 tracking: rect=(8, 7, 1432, 1121) overlay_visible=True
2026-08-14 23:22:17,251 tracking: rect=(8, 7, 1432, 1121) overlay_visible=True
2026-08-14 23:22:17,361 tracking: rect=(8, 7, 1432, 1121) overlay_visible=True
2026-08-14 23:22:17,470 tracking: rect=(8, 7, 1432, 1121) overlay_visible=True
2026-08-14 23:22:17,580 tracking: rect=(8, 7, 1432, 1121) overlay_visible=True
2026-08-14 23:22:17,687 tracking: rect=(8, 7, 1432, 1121) overlay_visible=True
2026-08-14 23:22:17,798 tracking: rect=(8, 7, 1432, 1121) overlay_visible=True
2026-08-14 23:22:17,908 tracking: rect=(8, 7, 1432, 1121) overlay_visible=True
2026-08-14 23:22:18,017 tracking: rect=(8, 7, 1432, 1121) overlay_visible=True
2026-08-14 23:22:18,126 tracking: rect=(8, 7, 1432, 1121) overlay_visible=True
2026-08-14 23:22:18,234 tracking: rect=(8, 7, 1432, 1121) overlay_visible=True
2026-08-14 23:22:18,343 tracking: rect=(8, 7, 1432, 1121) overlay_visible=True
2026-08-14 23:22:18,454 tracking: rect=(8, 7, 1432, 1121) overlay_visible=True
2026-08-14 23:22:18,563 tracking: rect=(8, 7, 1432, 1121) overlay_visible=True
2026-08-14 23:22:18,672 tracking: rect=(8, 7, 1432, 1121) overlay_visible=True
2026-08-14 23:22:18,782 tracking: rect=(8, 7, 1432, 1121) overlay_visible=True
2026-08-14 23:22:18,891 tracking: rect=(8, 7, 1432, 1121) overlay_visible=True
2026-08-14 23:22:19,001 tracking: rect=(8, 7, 1432, 1121) overlay_visible=True
2026-08-14 23:22:19,109 tracking: rect=(8, 7, 1432, 1121) overlay_visible=True
2026-08-14 23:22:19,218 tracking: rect=(8, 7, 1432, 1121) overlay_visible=True
2026-08-14 23:22:19,327 tracking: rect=(8, 7, 1432, 1121) overlay_visible=True
2026-08-14 23:22:19,436 tracking: rect=(8, 7, 1432, 1121) overlay_visible=True
2026-08-14 23:22:19,546 tracking: rect=(8, 7, 1432, 1121) overlay_visible=True
2026-08-14 23:22:19,655 tracking: rect=(8, 7, 1432, 1121) overlay_visible=True
2026-08-14 23:22:19,765 tracking: rect=(8, 7, 1432, 1121) overlay_visible=True
2026-08-14 23:22:19,876 tracking: rect=(8, 7, 1432, 1121) overlay_visible=True
2026-08-14 23:22:19,980 tracking: rect=(8, 7, 1432, 1121) overlay_visible=True
2026-08-14 23:22:19,983 left click mode=eyedrop_key at (776,769)
2026-08-14 23:22:20,092 tracking: rect=(8, 7, 1432, 1121) overlay_visible=True
2026-08-14 23:22:20,201 tracking: rect=(8, 7, 1432, 1121) overlay_visible=True
2026-08-14 23:22:20,312 tracking: rect=(8, 7, 1432, 1121) overlay_visible=True
2026-08-14 23:22:20,420 tracking: rect=(8, 7, 1432, 1121) overlay_visible=True
2026-08-14 23:22:20,530 tracking: rect=(8, 7, 1432, 1121) overlay_visible=True
2026-08-14 23:22:20,640 tracking: rect=(8, 7, 1432, 1121) overlay_visible=True
2026-08-14 23:22:20,751 tracking: rect=(8, 7, 1432, 1121) overlay_visible=True
2026-08-14 23:22:20,859 tracking: rect=(8, 7, 1432, 1121) overlay_visible=True
2026-08-14 23:22:20,968 tracking: rect=(8, 7, 1432, 1121) overlay_visible=True
2026-08-14 23:22:21,079 tracking: rect=(8, 7, 1432, 1121) overlay_visible=True
2026-08-14 23:22:21,187 tracking: rect=(8, 7, 1432, 1121) overlay_visible=True
2026-08-14 23:22:21,290 tracking: rect=(8, 7, 1432, 1121) overlay_visible=True
2026-08-14 23:22:21,403 tracking: rect=(8, 7, 1432, 1121) overlay_visible=True
2026-08-14 23:22:21,513 tracking: rect=(8, 7, 1432, 1121) overlay_visible=True
2026-08-14 23:22:21,623 tracking: rect=(8, 7, 1432, 1121) overlay_visible=True
2026-08-14 23:22:21,669 left click mode=eyedrop_key at (1244,916)
2026-08-14 23:22:21,732 tracking: rect=(8, 7, 1432, 1121) overlay_visible=True
2026-08-14 23:22:21,841 tracking: rect=(8, 7, 1432, 1121) overlay_visible=True
2026-08-14 23:22:21,948 tracking: rect=(8, 7, 1432, 1121) overlay_visible=True
2026-08-14 23:22:22,058 tracking: rect=(8, 7, 1432, 1121) overlay_visible=True
2026-08-14 23:22:22,168 tracking: rect=(8, 7, 1432, 1121) overlay_visible=True
2026-08-14 23:22:22,277 tracking: rect=(8, 7, 1432, 1121) overlay_visible=True
2026-08-14 23:22:22,387 tracking: rect=(8, 7, 1432, 1121) overlay_visible=True
2026-08-14 23:22:22,495 tracking: rect=(8, 7, 1432, 1121) overlay_visible=True
2026-08-14 23:22:22,603 tracking: rect=(8, 7, 1432, 1121) overlay_visible=True
2026-08-14 23:22:22,715 tracking: rect=(8, 7, 1432, 1121) overlay_visible=True
2026-08-14 23:22:22,825 tracking: rect=(8, 7, 1432, 1121) overlay_visible=True
2026-08-14 23:22:22,934 tracking: rect=(8, 7, 1432, 1121) overlay_visible=True
2026-08-14 23:22:23,042 tracking: rect=(8, 7, 1432, 1121) overlay_visible=True
2026-08-14 23:22:23,152 tracking: rect=(8, 7, 1432, 1121) overlay_visible=True
2026-08-14 23:22:23,261 tracking: rect=(8, 7, 1432, 1121) overlay_visible=True
2026-08-14 23:22:23,371 tracking: rect=(8, 7, 1432, 1121) overlay_visible=True
2026-08-14 23:22:23,471 tracking: rect=(8, 7, 1432, 1121) overlay_visible=True
2026-08-14 23:22:23,572 tracking: rect=(8, 7, 1432, 1121) overlay_visible=True
2026-08-14 23:22:23,672 tracking: rect=(8, 7, 1432, 1121) overlay_visible=True
2026-08-14 23:22:23,774 tracking: rect=(8, 7, 1432, 1121) overlay_visible=True
2026-08-14 23:22:23,874 tracking: rect=(8, 7, 1432, 1121) overlay_visible=True
2026-08-14 23:22:23,978 tracking: rect=(8, 7, 1432, 1121) overlay_visible=True
2026-08-14 23:22:24,087 tracking: rect=(8, 7, 1432, 1121) overlay_visible=True
2026-08-14 23:22:24,198 tracking: rect=(8, 7, 1432, 1121) overlay_visible=True
2026-08-14 23:22:24,306 tracking: rect=(8, 7, 1432, 1121) overlay_visible=True
2026-08-14 23:22:24,409 tracking: rect=(8, 7, 1432, 1121) overlay_visible=True
2026-08-14 23:22:24,510 tracking: rect=(8, 7, 1432, 1121) overlay_visible=True
2026-08-14 23:22:24,620 tracking: rect=(8, 7, 1432, 1121) overlay_visible=True
2026-08-14 23:22:24,731 tracking: rect=(8, 7, 1432, 1121) overlay_visible=True
2026-08-14 23:22:24,840 tracking: rect=(8, 7, 1432, 1121) overlay_visible=True
2026-08-14 23:22:24,952 tracking: rect=(8, 7, 1432, 1121) overlay_visible=True
2026-08-14 23:22:24,965 left click mode=eyedrop_key at (2415,323)
2026-08-14 23:22:25,053 tracking: rect=(8, 7, 1432, 1121) overlay_visible=True
2026-08-14 23:22:25,168 tracking: rect=(8, 7, 1432, 1121) overlay_visible=True
2026-08-14 23:22:25,279 tracking: rect=(8, 7, 1432, 1121) overlay_visible=True
2026-08-14 23:22:25,380 tracking: rect=(8, 7, 1432, 1121) overlay_visible=True
2026-08-14 23:22:25,480 tracking: rect=(8, 7, 1432, 1121) overlay_visible=True
2026-08-14 23:22:25,591 tracking: rect=(8, 7, 1432, 1121) overlay_visible=True
2026-08-14 23:22:25,700 tracking: rect=(8, 7, 1432, 1121) overlay_visible=True
2026-08-14 23:22:25,810 tracking: rect=(8, 7, 1432, 1121) overlay_visible=True
2026-08-14 23:22:25,918 tracking: rect=(8, 7, 1432, 1121) overlay_visible=True
2026-08-14 23:22:26,029 tracking: rect=(8, 7, 1432, 1121) overlay_visible=True
2026-08-14 23:22:26,139 tracking: rect=(8, 7, 1432, 1121) overlay_visible=True
2026-08-14 23:22:26,248 tracking: rect=(8, 7, 1432, 1121) overlay_visible=True
2026-08-14 23:22:26,358 tracking: rect=(8, 7, 1432, 1121) overlay_visible=True
2026-08-14 23:22:26,466 tracking: rect=(8, 7, 1432, 1121) overlay_visible=True
2026-08-14 23:22:26,558 left click mode=eyedrop_key at (1103,801)
2026-08-14 23:22:26,574 tracking: rect=(8, 7, 1432, 1121) overlay_visible=True
2026-08-14 23:22:26,683 tracking: rect=(8, 7, 1432, 1121) overlay_visible=True
2026-08-14 23:22:26,792 tracking: rect=(8, 7, 1432, 1121) overlay_visible=True
2026-08-14 23:22:26,902 tracking: rect=(8, 7, 1432, 1121) overlay_visible=True
2026-08-14 23:22:27,011 tracking: rect=(8, 7, 1432, 1121) overlay_visible=True
2026-08-14 23:22:27,118 tracking: rect=(8, 7, 1432, 1121) overlay_visible=True
2026-08-14 23:22:27,228 tracking: rect=(8, 7, 1432, 1121) overlay_visible=True
2026-08-14 23:22:27,338 tracking: rect=(8, 7, 1432, 1121) overlay_visible=True
2026-08-14 23:22:27,447 tracking: rect=(8, 7, 1432, 1121) overlay_visible=True
2026-08-14 23:22:27,557 tracking: rect=(8, 7, 1432, 1121) overlay_visible=True
2026-08-14 23:22:27,664 tracking: rect=(8, 7, 1432, 1121) overlay_visible=True
2026-08-14 23:22:27,774 tracking: rect=(8, 7, 1432, 1121) overlay_visible=True
2026-08-14 23:22:27,883 tracking: rect=(8, 7, 1432, 1121) overlay_visible=True
2026-08-14 23:22:27,994 tracking: rect=(8, 7, 1432, 1121) overlay_visible=True
2026-08-14 23:22:28,102 tracking: rect=(8, 7, 1432, 1121) overlay_visible=True
2026-08-14 23:22:28,210 tracking: rect=(8, 7, 1432, 1121) overlay_visible=True
2026-08-14 23:22:28,320 tracking: rect=(8, 7, 1432, 1121) overlay_visible=True
2026-08-14 23:22:28,429 tracking: rect=(8, 7, 1432, 1121) overlay_visible=True
2026-08-14 23:22:28,539 tracking: rect=(8, 7, 1432, 1121) overlay_visible=True
2026-08-14 23:22:28,648 tracking: rect=(8, 7, 1432, 1121) overlay_visible=True
2026-08-14 23:22:28,758 tracking: rect=(8, 7, 1432, 1121) overlay_visible=True
2026-08-14 23:22:28,867 tracking: rect=(8, 7, 1432, 1121) overlay_visible=True
2026-08-14 23:22:28,976 tracking: rect=(8, 7, 1432, 1121) overlay_visible=True
2026-08-14 23:22:29,085 tracking: rect=(8, 7, 1432, 1121) overlay_visible=True
2026-08-14 23:22:29,195 tracking: rect=(8, 7, 1432, 1121) overlay_visible=True
2026-08-14 23:22:29,303 tracking: rect=(8, 7, 1432, 1121) overlay_visible=True
2026-08-14 23:22:29,413 tracking: rect=(8, 7, 1432, 1121) overlay_visible=True
2026-08-14 23:22:29,524 tracking: rect=(8, 7, 1432, 1121) overlay_visible=True
2026-08-14 23:22:29,634 tracking: rect=(8, 7, 1432, 1121) overlay_visible=True
2026-08-14 23:22:29,741 tracking: rect=(8, 7, 1432, 1121) overlay_visible=True
2026-08-14 23:22:29,852 tracking: rect=(8, 7, 1432, 1121) overlay_visible=True
2026-08-14 23:22:29,960 tracking: rect=(8, 7, 1432, 1121) overlay_visible=True
2026-08-14 23:22:30,071 tracking: rect=(8, 7, 1432, 1121) overlay_visible=True
2026-08-14 23:22:30,180 tracking: rect=(8, 7, 1432, 1121) overlay_visible=True
2026-08-14 23:22:30,290 tracking: rect=(8, 7, 1432, 1121) overlay_visible=True
2026-08-14 23:22:30,399 tracking: rect=(8, 7, 1432, 1121) overlay_visible=True
2026-08-14 23:22:30,508 tracking: rect=(8, 7, 1432, 1121) overlay_visible=True
2026-08-14 23:22:30,618 tracking: rect=(8, 7, 1432, 1121) overlay_visible=True
2026-08-14 23:22:30,725 tracking: rect=(8, 7, 1432, 1121) overlay_visible=True
2026-08-14 23:22:30,835 tracking: rect=(8, 7, 1432, 1121) overlay_visible=True
2026-08-14 23:22:30,944 tracking: rect=(8, 7, 1432, 1121) overlay_visible=True
2026-08-14 23:22:31,054 tracking: rect=(8, 7, 1432, 1121) overlay_visible=True
2026-08-14 23:22:31,164 tracking: rect=(8, 7, 1432, 1121) overlay_visible=True
2026-08-14 23:22:31,274 tracking: rect=(8, 7, 1432, 1121) overlay_visible=True
2026-08-14 23:22:31,384 tracking: rect=(8, 7, 1432, 1121) overlay_visible=True
2026-08-14 23:22:31,494 tracking: rect=(8, 7, 1432, 1121) overlay_visible=True
2026-08-14 23:22:31,604 tracking: rect=(8, 7, 1432, 1121) overlay_visible=True
2026-08-14 23:22:31,712 tracking: rect=(8, 7, 1432, 1121) overlay_visible=True
2026-08-14 23:22:31,822 tracking: rect=(8, 7, 1432, 1121) overlay_visible=True
2026-08-14 23:22:31,933 tracking: rect=(8, 7, 1432, 1121) overlay_visible=True
2026-08-14 23:22:32,044 tracking: rect=(8, 7, 1432, 1121) overlay_visible=True
2026-08-14 23:22:32,152 tracking: rect=(8, 7, 1432, 1121) overlay_visible=True
2026-08-14 23:22:32,261 tracking: rect=(8, 7, 1432, 1121) overlay_visible=True
2026-08-14 23:22:32,292 left click mode=eyedrop_key at (1011,791)
2026-08-14 23:22:32,370 tracking: rect=(8, 7, 1432, 1121) overlay_visible=True
2026-08-14 23:22:32,480 tracking: rect=(8, 7, 1432, 1121) overlay_visible=True
2026-08-14 23:22:32,586 tracking: rect=(8, 7, 1432, 1121) overlay_visible=True
2026-08-14 23:22:32,696 tracking: rect=(8, 7, 1432, 1121) overlay_visible=True
2026-08-14 23:22:32,805 tracking: rect=(8, 7, 1432, 1121) overlay_visible=True
2026-08-14 23:22:32,915 tracking: rect=(8, 7, 1432, 1121) overlay_visible=True
2026-08-14 23:22:33,024 tracking: rect=(8, 7, 1432, 1121) overlay_visible=True
2026-08-14 23:22:33,133 tracking: rect=(8, 7, 1432, 1121) overlay_visible=True
2026-08-14 23:22:33,243 tracking: rect=(8, 7, 1432, 1121) overlay_visible=True
2026-08-14 23:22:33,354 tracking: rect=(8, 7, 1432, 1121) overlay_visible=True
2026-08-14 23:22:33,464 tracking: rect=(8, 7, 1432, 1121) overlay_visible=True
2026-08-14 23:22:33,574 tracking: rect=(8, 7, 1432, 1121) overlay_visible=True
2026-08-14 23:22:33,683 tracking: rect=(8, 7, 1432, 1121) overlay_visible=True
2026-08-14 23:22:33,792 tracking: rect=(8, 7, 1432, 1121) overlay_visible=True
2026-08-14 23:22:33,901 tracking: rect=(8, 7, 1432, 1121) overlay_visible=True
2026-08-14 23:22:34,012 tracking: rect=(8, 7, 1432, 1121) overlay_visible=True
2026-08-14 23:22:34,121 tracking: rect=(8, 7, 1432, 1121) overlay_visible=True
2026-08-14 23:22:34,231 tracking: rect=(8, 7, 1432, 1121) overlay_visible=True
2026-08-14 23:22:34,340 tracking: rect=(8, 7, 1432, 1121) overlay_visible=True
2026-08-14 23:22:34,448 tracking: rect=(8, 7, 1432, 1121) overlay_visible=True
2026-08-14 23:22:34,559 tracking: rect=(8, 7, 1432, 1121) overlay_visible=True
2026-08-14 23:22:34,669 tracking: rect=(8, 7, 1432, 1121) overlay_visible=True
2026-08-14 23:22:34,778 tracking: rect=(8, 7, 1432, 1121) overlay_visible=True
2026-08-14 23:22:34,888 tracking: rect=(8, 7, 1432, 1121) overlay_visible=True
2026-08-14 23:22:34,996 tracking: rect=(8, 7, 1432, 1121) overlay_visible=True
2026-08-14 23:22:35,107 tracking: rect=(8, 7, 1432, 1121) overlay_visible=True
2026-08-14 23:22:35,216 tracking: rect=(8, 7, 1432, 1121) overlay_visible=True
2026-08-14 23:22:35,325 tracking: rect=(8, 7, 1432, 1121) overlay_visible=True
2026-08-14 23:22:35,436 tracking: rect=(8, 7, 1432, 1121) overlay_visible=True
2026-08-14 23:22:35,546 tracking: rect=(8, 7, 1432, 1121) overlay_visible=True
2026-08-14 23:22:35,656 tracking: rect=(8, 7, 1432, 1121) overlay_visible=True
2026-08-14 23:22:35,765 tracking: rect=(8, 7, 1432, 1121) overlay_visible=True
2026-08-14 23:22:35,875 tracking: rect=(8, 7, 1432, 1121) overlay_visible=True
2026-08-14 23:22:35,985 tracking: rect=(8, 7, 1432, 1121) overlay_visible=True
2026-08-14 23:22:36,094 tracking: rect=(8, 7, 1432, 1121) overlay_visible=True
2026-08-14 23:22:36,202 tracking: rect=(8, 7, 1432, 1121) overlay_visible=True
2026-08-14 23:22:36,311 tracking: rect=(8, 7, 1432, 1121) overlay_visible=True
2026-08-14 23:22:36,422 tracking: rect=(8, 7, 1432, 1121) overlay_visible=True
2026-08-14 23:22:36,531 tracking: rect=(8, 7, 1432, 1121) overlay_visible=True
2026-08-14 23:22:36,640 tracking: rect=(8, 7, 1432, 1121) overlay_visible=True
2026-08-14 23:22:36,749 tracking: rect=(8, 7, 1432, 1121) overlay_visible=True
2026-08-14 23:22:36,859 tracking: rect=(8, 7, 1432, 1121) overlay_visible=True
2026-08-14 23:22:36,968 tracking: rect=(8, 7, 1432, 1121) overlay_visible=True
2026-08-14 23:22:37,077 tracking: rect=(8, 7, 1432, 1121) overlay_visible=True
2026-08-14 23:22:37,077 left click mode=eyedrop_key at (805,757)
2026-08-14 23:22:37,187 tracking: rect=(8, 7, 1432, 1121) overlay_visible=True
2026-08-14 23:22:37,296 tracking: rect=(8, 7, 1432, 1121) overlay_visible=True
2026-08-14 23:22:37,404 tracking: rect=(8, 7, 1432, 1121) overlay_visible=True
2026-08-14 23:22:37,515 tracking: rect=(8, 7, 1432, 1121) overlay_visible=True
2026-08-14 23:22:37,624 tracking: rect=(8, 7, 1432, 1121) overlay_visible=True
2026-08-14 23:22:37,733 tracking: rect=(8, 7, 1432, 1121) overlay_visible=True
2026-08-14 23:22:37,843 tracking: rect=(8, 7, 1432, 1121) overlay_visible=True
2026-08-14 23:22:37,952 tracking: rect=(8, 7, 1432, 1121) overlay_visible=True
2026-08-14 23:22:38,062 tracking: rect=(8, 7, 1432, 1121) overlay_visible=True
2026-08-14 23:22:38,172 tracking: rect=(8, 7, 1432, 1121) overlay_visible=True
2026-08-14 23:22:38,281 tracking: rect=(8, 7, 1432, 1121) overlay_visible=True
2026-08-14 23:22:38,326 left click mode=eyedrop_key at (1155,736)
2026-08-14 23:22:38,389 tracking: rect=(8, 7, 1432, 1121) overlay_visible=True
2026-08-14 23:22:38,493 tracking: rect=(8, 7, 1432, 1121) overlay_visible=True
2026-08-14 23:22:38,593 tracking: rect=(8, 7, 1432, 1121) overlay_visible=True
2026-08-14 23:22:38,703 tracking: rect=(8, 7, 1432, 1121) overlay_visible=True
2026-08-14 23:22:38,813 tracking: rect=(8, 7, 1432, 1121) overlay_visible=True
2026-08-14 23:22:38,923 tracking: rect=(8, 7, 1432, 1121) overlay_visible=True
2026-08-14 23:22:39,032 tracking: rect=(8, 7, 1432, 1121) overlay_visible=True
2026-08-14 23:22:39,149 tracking: rect=(8, 7, 1432, 1121) overlay_visible=True
2026-08-14 23:22:39,263 tracking: rect=(8, 7, 1432, 1121) overlay_visible=True
2026-08-14 23:22:39,374 tracking: rect=(8, 7, 1432, 1121) overlay_visible=True
2026-08-14 23:22:39,476 tracking: rect=(8, 7, 1432, 1121) overlay_visible=True
2026-08-14 23:22:39,579 tracking: rect=(8, 7, 1432, 1121) overlay_visible=True
2026-08-14 23:22:39,679 tracking: rect=(8, 7, 1432, 1121) overlay_visible=True
2026-08-14 23:22:39,779 tracking: rect=(8, 7, 1432, 1121) overlay_visible=True
2026-08-14 23:22:39,886 tracking: rect=(8, 7, 1432, 1121) overlay_visible=True
2026-08-14 23:22:39,983 left click mode=eyedrop_key at (2409,313)
2026-08-14 23:22:39,986 tracking: rect=(8, 7, 1432, 1121) overlay_visible=True
2026-08-14 23:22:40,089 tracking: rect=(8, 7, 1432, 1121) overlay_visible=True
2026-08-14 23:22:40,190 tracking: rect=(8, 7, 1432, 1121) overlay_visible=True
2026-08-14 23:22:40,291 tracking: rect=(8, 7, 1432, 1121) overlay_visible=True
2026-08-14 23:22:40,402 tracking: rect=(8, 7, 1432, 1121) overlay_visible=True
2026-08-14 23:22:40,512 tracking: rect=(8, 7, 1432, 1121) overlay_visible=True
2026-08-14 23:22:40,621 tracking: rect=(8, 7, 1432, 1121) overlay_visible=True
2026-08-14 23:22:40,731 tracking: rect=(8, 7, 1432, 1121) overlay_visible=True
2026-08-14 23:22:40,832 tracking: rect=(8, 7, 1432, 1121) overlay_visible=True
2026-08-14 23:22:40,839 left click mode=eyedrop_key at (780,806)
2026-08-14 23:22:40,934 tracking: rect=(8, 7, 1432, 1121) overlay_visible=True
2026-08-14 23:22:41,045 tracking: rect=(8, 7, 1432, 1121) overlay_visible=True
2026-08-14 23:22:41,152 tracking: rect=(8, 7, 1432, 1121) overlay_visible=True
2026-08-14 23:22:41,261 tracking: rect=(8, 7, 1432, 1121) overlay_visible=True
2026-08-14 23:22:41,372 tracking: rect=(8, 7, 1432, 1121) overlay_visible=True
2026-08-14 23:22:41,482 tracking: rect=(8, 7, 1432, 1121) overlay_visible=True
2026-08-14 23:22:41,592 tracking: rect=(8, 7, 1432, 1121) overlay_visible=True
2026-08-14 23:22:41,701 tracking: rect=(8, 7, 1432, 1121) overlay_visible=True
2026-08-14 23:22:41,780 left click mode=eyedrop_key at (997,774)
2026-08-14 23:22:41,811 tracking: rect=(8, 7, 1432, 1121) overlay_visible=True
2026-08-14 23:22:41,920 tracking: rect=(8, 7, 1432, 1121) overlay_visible=True
2026-08-14 23:22:42,028 tracking: rect=(8, 7, 1432, 1121) overlay_visible=True
2026-08-14 23:22:42,137 tracking: rect=(8, 7, 1432, 1121) overlay_visible=True
2026-08-14 23:22:42,246 tracking: rect=(8, 7, 1432, 1121) overlay_visible=True
2026-08-14 23:22:42,354 tracking: rect=(8, 7, 1432, 1121) overlay_visible=True
2026-08-14 23:22:42,464 tracking: rect=(8, 7, 1432, 1121) overlay_visible=True
2026-08-14 23:22:42,572 tracking: rect=(8, 7, 1432, 1121) overlay_visible=True
2026-08-14 23:22:42,672 tracking: rect=(8, 7, 1432, 1121) overlay_visible=True
2026-08-14 23:22:42,775 tracking: rect=(8, 7, 1432, 1121) overlay_visible=True
2026-08-14 23:22:42,883 tracking: rect=(8, 7, 1432, 1121) overlay_visible=True
2026-08-14 23:22:42,984 tracking: rect=(8, 7, 1432, 1121) overlay_visible=True
2026-08-14 23:22:43,084 tracking: rect=(8, 7, 1432, 1121) overlay_visible=True
2026-08-14 23:22:43,195 tracking: rect=(8, 7, 1432, 1121) overlay_visible=True
2026-08-14 23:22:43,274 left click mode=eyedrop_key at (2412,322)
2026-08-14 23:22:43,303 tracking: rect=(8, 7, 1432, 1121) overlay_visible=True
2026-08-14 23:22:43,404 tracking: rect=(8, 7, 1432, 1121) overlay_visible=True
2026-08-14 23:22:43,504 tracking: rect=(8, 7, 1432, 1121) overlay_visible=True
2026-08-14 23:22:43,615 tracking: rect=(8, 7, 1432, 1121) overlay_visible=True
2026-08-14 23:22:43,723 tracking: rect=(8, 7, 1432, 1121) overlay_visible=True
2026-08-14 23:22:43,833 tracking: rect=(8, 7, 1432, 1121) overlay_visible=True
2026-08-14 23:22:43,943 tracking: rect=(8, 7, 1432, 1121) overlay_visible=True
2026-08-14 23:22:44,021 left click mode=eyedrop_key at (778,783)
2026-08-14 23:22:44,051 tracking: rect=(8, 7, 1432, 1121) overlay_visible=True
2026-08-14 23:22:44,162 tracking: rect=(8, 7, 1432, 1121) overlay_visible=True
2026-08-14 23:22:44,271 tracking: rect=(8, 7, 1432, 1121) overlay_visible=True
2026-08-14 23:22:44,381 tracking: rect=(8, 7, 1432, 1121) overlay_visible=True
2026-08-14 23:22:44,489 tracking: rect=(8, 7, 1432, 1121) overlay_visible=True
2026-08-14 23:22:44,599 tracking: rect=(8, 7, 1432, 1121) overlay_visible=True
2026-08-14 23:22:44,708 tracking: rect=(8, 7, 1432, 1121) overlay_visible=True
2026-08-14 23:22:44,818 tracking: rect=(8, 7, 1432, 1121) overlay_visible=True
2026-08-14 23:22:44,928 tracking: rect=(8, 7, 1432, 1121) overlay_visible=True
2026-08-14 23:22:45,038 tracking: rect=(8, 7, 1432, 1121) overlay_visible=True
2026-08-14 23:22:45,148 tracking: rect=(8, 7, 1432, 1121) overlay_visible=True
2026-08-14 23:22:45,260 tracking: rect=(8, 7, 1432, 1121) overlay_visible=True
2026-08-14 23:22:45,368 tracking: rect=(8, 7, 1432, 1121) overlay_visible=True
2026-08-14 23:22:45,477 tracking: rect=(8, 7, 1432, 1121) overlay_visible=True
2026-08-14 23:22:45,587 tracking: rect=(8, 7, 1432, 1121) overlay_visible=True
2026-08-14 23:22:45,697 tracking: rect=(8, 7, 1432, 1121) overlay_visible=True
2026-08-14 23:22:45,807 tracking: rect=(8, 7, 1432, 1121) overlay_visible=True
2026-08-14 23:22:45,916 tracking: rect=(8, 7, 1432, 1121) overlay_visible=True
2026-08-14 23:22:46,025 tracking: rect=(8, 7, 1432, 1121) overlay_visible=True
2026-08-14 23:22:46,135 tracking: rect=(8, 7, 1432, 1121) overlay_visible=True
2026-08-14 23:22:46,245 tracking: rect=(8, 7, 1432, 1121) overlay_visible=True
2026-08-14 23:22:46,354 tracking: rect=(8, 7, 1432, 1121) overlay_visible=True
2026-08-14 23:22:46,463 tracking: rect=(8, 7, 1432, 1121) overlay_visible=True
2026-08-14 23:22:46,572 tracking: rect=(8, 7, 1432, 1121) overlay_visible=True
2026-08-14 23:22:46,683 tracking: rect=(8, 7, 1432, 1121) overlay_visible=True
2026-08-14 23:22:46,789 tracking: rect=(8, 7, 1432, 1121) overlay_visible=True
2026-08-14 23:22:46,900 tracking: rect=(8, 7, 1432, 1121) overlay_visible=True
2026-08-14 23:22:47,011 tracking: rect=(8, 7, 1432, 1121) overlay_visible=True
2026-08-14 23:22:47,120 tracking: rect=(8, 7, 1432, 1121) overlay_visible=True
2026-08-14 23:22:47,230 tracking: rect=(8, 7, 1432, 1121) overlay_visible=True
2026-08-14 23:22:47,340 tracking: rect=(8, 7, 1432, 1121) overlay_visible=True
2026-08-14 23:22:47,448 tracking: rect=(8, 7, 1432, 1121) overlay_visible=True
2026-08-14 23:22:47,555 tracking: rect=(8, 7, 1432, 1121) overlay_visible=True
2026-08-14 23:22:47,665 tracking: rect=(8, 7, 1432, 1121) overlay_visible=True
2026-08-14 23:22:47,774 tracking: rect=(8, 7, 1432, 1121) overlay_visible=True
2026-08-14 23:22:47,883 tracking: rect=(8, 7, 1432, 1121) overlay_visible=True
2026-08-14 23:22:47,994 tracking: rect=(8, 7, 1432, 1121) overlay_visible=True
2026-08-14 23:22:48,103 tracking: rect=(8, 7, 1432, 1121) overlay_visible=True
2026-08-14 23:22:48,213 tracking: rect=(8, 7, 1432, 1121) overlay_visible=True
2026-08-14 23:22:48,322 tracking: rect=(8, 7, 1432, 1121) overlay_visible=True
2026-08-14 23:22:48,431 tracking: rect=(8, 7, 1432, 1121) overlay_visible=True
2026-08-14 23:22:48,540 tracking: rect=(8, 7, 1432, 1121) overlay_visible=True
2026-08-14 23:22:48,650 tracking: rect=(8, 7, 1432, 1121) overlay_visible=True
2026-08-14 23:22:48,757 tracking: rect=(8, 7, 1432, 1121) overlay_visible=True
2026-08-14 23:22:48,867 tracking: rect=(8, 7, 1432, 1121) overlay_visible=True
2026-08-14 23:22:48,975 tracking: rect=(8, 7, 1432, 1121) overlay_visible=True
2026-08-14 23:22:49,084 tracking: rect=(8, 7, 1432, 1121) overlay_visible=True
2026-08-14 23:22:49,192 tracking: rect=(8, 7, 1432, 1121) overlay_visible=True
2026-08-14 23:22:49,301 tracking: rect=(8, 7, 1432, 1121) overlay_visible=True
2026-08-14 23:22:49,348 left click mode=eyedrop_key at (799,760)
2026-08-14 23:22:49,411 tracking: rect=(8, 7, 1432, 1121) overlay_visible=True
2026-08-14 23:22:49,520 tracking: rect=(8, 7, 1432, 1121) overlay_visible=True
2026-08-14 23:22:49,630 tracking: rect=(8, 7, 1432, 1121) overlay_visible=True
2026-08-14 23:22:49,739 tracking: rect=(8, 7, 1432, 1121) overlay_visible=True
2026-08-14 23:22:49,849 tracking: rect=(8, 7, 1432, 1121) overlay_visible=True
2026-08-14 23:22:49,959 tracking: rect=(8, 7, 1432, 1121) overlay_visible=True
2026-08-14 23:22:50,068 tracking: rect=(8, 7, 1432, 1121) overlay_visible=True
2026-08-14 23:22:50,177 tracking: rect=(8, 7, 1432, 1121) overlay_visible=True
2026-08-14 23:22:50,287 tracking: rect=(8, 7, 1432, 1121) overlay_visible=True
2026-08-14 23:22:50,395 tracking: rect=(8, 7, 1432, 1121) overlay_visible=True
2026-08-14 23:22:50,504 tracking: rect=(8, 7, 1432, 1121) overlay_visible=True
2026-08-14 23:22:50,614 tracking: rect=(8, 7, 1432, 1121) overlay_visible=True
2026-08-14 23:22:50,724 tracking: rect=(8, 7, 1432, 1121) overlay_visible=True
2026-08-14 23:22:50,817 left click mode=eyedrop_key at (1232,671)
2026-08-14 23:22:50,826 tracking: rect=(8, 7, 1432, 1121) overlay_visible=True
2026-08-14 23:22:50,926 tracking: rect=(8, 7, 1432, 1121) overlay_visible=True
2026-08-14 23:22:51,035 tracking: rect=(8, 7, 1432, 1121) overlay_visible=True
2026-08-14 23:22:51,145 tracking: rect=(8, 7, 1432, 1121) overlay_visible=True
2026-08-14 23:22:51,254 tracking: rect=(8, 7, 1432, 1121) overlay_visible=True
2026-08-14 23:22:51,362 tracking: rect=(8, 7, 1432, 1121) overlay_visible=True
2026-08-14 23:22:51,471 tracking: rect=(8, 7, 1432, 1121) overlay_visible=True
2026-08-14 23:22:51,580 tracking: rect=(8, 7, 1432, 1121) overlay_visible=True
2026-08-14 23:22:51,681 tracking: rect=(8, 7, 1432, 1121) overlay_visible=True
2026-08-14 23:22:51,782 tracking: rect=(8, 7, 1432, 1121) overlay_visible=True
2026-08-14 23:22:51,892 tracking: rect=(8, 7, 1432, 1121) overlay_visible=True
2026-08-14 23:22:51,995 tracking: rect=(8, 7, 1432, 1121) overlay_visible=True
2026-08-14 23:22:52,095 tracking: rect=(8, 7, 1432, 1121) overlay_visible=True
2026-08-14 23:22:52,196 tracking: rect=(8, 7, 1432, 1121) overlay_visible=True
2026-08-14 23:22:52,297 tracking: rect=(8, 7, 1432, 1121) overlay_visible=True
2026-08-14 23:22:52,397 tracking: rect=(8, 7, 1432, 1121) overlay_visible=True
2026-08-14 23:22:52,498 tracking: rect=(8, 7, 1432, 1121) overlay_visible=True
2026-08-14 23:22:52,598 tracking: rect=(8, 7, 1432, 1121) overlay_visible=True
2026-08-14 23:22:52,699 tracking: rect=(8, 7, 1432, 1121) overlay_visible=True
2026-08-14 23:22:52,813 tracking: rect=(8, 7, 1432, 1121) overlay_visible=True
2026-08-14 23:22:52,921 tracking: rect=(8, 7, 1432, 1121) overlay_visible=True
2026-08-14 23:22:53,029 tracking: rect=(8, 7, 1432, 1121) overlay_visible=True
2026-08-14 23:22:53,135 tracking: rect=(8, 7, 1432, 1121) overlay_visible=True
2026-08-14 23:22:53,236 tracking: rect=(8, 7, 1432, 1121) overlay_visible=True
2026-08-14 23:22:53,337 tracking: rect=(8, 7, 1432, 1121) overlay_visible=True
2026-08-14 23:22:53,449 tracking: rect=(8, 7, 1432, 1121) overlay_visible=True
2026-08-14 23:22:53,558 tracking: rect=(8, 7, 1432, 1121) overlay_visible=True
2026-08-14 23:22:53,665 tracking: rect=(8, 7, 1432, 1121) overlay_visible=True
2026-08-14 23:22:53,766 tracking: rect=(8, 7, 1432, 1121) overlay_visible=True
2026-08-14 23:22:53,866 tracking: rect=(8, 7, 1432, 1121) overlay_visible=True
2026-08-14 23:22:53,967 tracking: rect=(8, 7, 1432, 1121) overlay_visible=True
2026-08-14 23:22:54,067 tracking: rect=(8, 7, 1432, 1121) overlay_visible=True
2026-08-14 23:22:54,170 tracking: rect=(8, 7, 1432, 1121) overlay_visible=True
2026-08-14 23:22:54,272 tracking: rect=(8, 7, 1432, 1121) overlay_visible=True
2026-08-14 23:22:54,371 tracking: rect=(8, 7, 1432, 1121) overlay_visible=True
2026-08-14 23:22:54,474 tracking: rect=(8, 7, 1432, 1121) overlay_visible=True
2026-08-14 23:22:54,574 tracking: rect=(8, 7, 1432, 1121) overlay_visible=True
2026-08-14 23:22:54,677 tracking: rect=(8, 7, 1432, 1121) overlay_visible=True
2026-08-14 23:22:54,787 tracking: rect=(8, 7, 1432, 1121) overlay_visible=True
2026-08-14 23:22:54,887 tracking: rect=(8, 7, 1432, 1121) overlay_visible=True
2026-08-14 23:22:54,987 tracking: rect=(8, 7, 1432, 1121) overlay_visible=True
2026-08-14 23:22:55,088 tracking: rect=(8, 7, 1432, 1121) overlay_visible=True
2026-08-14 23:22:55,189 tracking: rect=(8, 7, 1432, 1121) overlay_visible=True
2026-08-14 23:22:55,300 tracking: rect=(8, 7, 1432, 1121) overlay_visible=True
2026-08-14 23:22:55,410 tracking: rect=(8, 7, 1432, 1121) overlay_visible=True
2026-08-14 23:22:55,519 tracking: rect=(8, 7, 1432, 1121) overlay_visible=True
2026-08-14 23:22:55,629 tracking: rect=(8, 7, 1432, 1121) overlay_visible=True
2026-08-14 23:22:55,739 tracking: rect=(8, 7, 1432, 1121) overlay_visible=True
2026-08-14 23:22:55,849 tracking: rect=(8, 7, 1432, 1121) overlay_visible=True
2026-08-14 23:22:55,950 tracking: rect=(8, 7, 1432, 1121) overlay_visible=True
2026-08-14 23:22:56,049 tracking: rect=(8, 7, 1432, 1121) overlay_visible=True
2026-08-14 23:22:56,151 tracking: rect=(8, 7, 1432, 1121) overlay_visible=True
2026-08-14 23:22:56,256 tracking: rect=(8, 7, 1432, 1121) overlay_visible=True
2026-08-14 23:22:56,356 tracking: rect=(8, 7, 1432, 1121) overlay_visible=True
2026-08-14 23:22:56,456 tracking: rect=(8, 7, 1432, 1121) overlay_visible=True
2026-08-14 23:22:56,558 tracking: rect=(8, 7, 1432, 1121) overlay_visible=True
2026-08-14 23:22:56,658 tracking: rect=(8, 7, 1432, 1121) overlay_visible=True
2026-08-14 23:22:56,768 tracking: rect=(8, 7, 1432, 1121) overlay_visible=True
2026-08-14 23:22:56,878 tracking: rect=(8, 7, 1432, 1121) overlay_visible=True
2026-08-14 23:22:56,986 tracking: rect=(8, 7, 1432, 1121) overlay_visible=True
2026-08-14 23:22:57,054 left click mode=eyedrop_key at (2189,414)
2026-08-14 23:22:57,096 tracking: rect=(8, 7, 1432, 1121) overlay_visible=True
2026-08-14 23:22:57,205 tracking: rect=(8, 7, 1432, 1121) overlay_visible=True
2026-08-14 23:22:57,315 tracking: rect=(8, 7, 1432, 1121) overlay_visible=True
2026-08-14 23:22:57,420 tracking: rect=(8, 7, 1432, 1121) overlay_visible=True
2026-08-14 23:22:57,520 tracking: rect=(8, 7, 1432, 1121) overlay_visible=True
2026-08-14 23:22:57,625 tracking: rect=(8, 7, 1432, 1121) overlay_visible=True
2026-08-14 23:22:57,734 tracking: rect=(8, 7, 1432, 1121) overlay_visible=True
2026-08-14 23:22:57,843 tracking: rect=(8, 7, 1432, 1121) overlay_visible=True
2026-08-14 23:22:57,952 tracking: rect=(8, 7, 1432, 1121) overlay_visible=True
2026-08-14 23:22:58,053 tracking: rect=(8, 7, 1432, 1121) overlay_visible=True
2026-08-14 23:22:58,154 tracking: rect=(8, 7, 1432, 1121) overlay_visible=True
2026-08-14 23:22:58,256 tracking: rect=(8, 7, 1432, 1121) overlay_visible=True
2026-08-14 23:22:58,357 tracking: rect=(8, 7, 1432, 1121) overlay_visible=True
2026-08-14 23:22:58,458 tracking: rect=(8, 7, 1432, 1121) overlay_visible=True
2026-08-14 23:22:58,559 tracking: rect=(8, 7, 1432, 1121) overlay_visible=True
2026-08-14 23:22:58,670 tracking: rect=(8, 7, 1432, 1121) overlay_visible=True
2026-08-14 23:22:58,779 tracking: rect=(8, 7, 1432, 1121) overlay_visible=True
2026-08-14 23:22:58,880 tracking: rect=(8, 7, 1432, 1121) overlay_visible=True
2026-08-14 23:22:58,980 tracking: rect=(8, 7, 1432, 1121) overlay_visible=True
2026-08-14 23:22:59,081 tracking: rect=(8, 7, 1432, 1121) overlay_visible=True
2026-08-14 23:22:59,182 tracking: rect=(8, 7, 1432, 1121) overlay_visible=True
2026-08-14 23:22:59,282 tracking: rect=(8, 7, 1432, 1121) overlay_visible=True
2026-08-14 23:22:59,382 tracking: rect=(8, 7, 1432, 1121) overlay_visible=True
2026-08-14 23:22:59,484 tracking: rect=(8, 7, 1432, 1121) overlay_visible=True
2026-08-14 23:22:59,592 tracking: rect=(8, 7, 1432, 1121) overlay_visible=True
2026-08-14 23:22:59,693 tracking: rect=(8, 7, 1432, 1121) overlay_visible=True
2026-08-14 23:22:59,795 tracking: rect=(8, 7, 1432, 1121) overlay_visible=True
2026-08-14 23:22:59,858 left click mode=eyedrop_key at (2163,193)
2026-08-14 23:22:59,905 tracking: rect=(8, 7, 1432, 1121) overlay_visible=True
2026-08-14 23:23:00,015 tracking: rect=(8, 7, 1432, 1121) overlay_visible=True
2026-08-14 23:23:00,125 tracking: rect=(8, 7, 1432, 1121) overlay_visible=True
2026-08-14 23:23:00,226 tracking: rect=(8, 7, 1432, 1121) overlay_visible=True
2026-08-14 23:23:00,328 tracking: rect=(8, 7, 1432, 1121) overlay_visible=True
2026-08-14 23:23:00,439 tracking: rect=(8, 7, 1432, 1121) overlay_visible=True
2026-08-14 23:23:00,549 tracking: rect=(8, 7, 1432, 1121) overlay_visible=True
2026-08-14 23:23:00,659 tracking: rect=(8, 7, 1432, 1121) overlay_visible=True
2026-08-14 23:23:00,767 tracking: rect=(8, 7, 1432, 1121) overlay_visible=True
2026-08-14 23:23:00,877 tracking: rect=(8, 7, 1432, 1121) overlay_visible=True
2026-08-14 23:23:00,980 tracking: rect=(8, 7, 1432, 1121) overlay_visible=True
2026-08-14 23:23:01,080 tracking: rect=(8, 7, 1432, 1121) overlay_visible=True
2026-08-14 23:23:01,191 tracking: rect=(8, 7, 1432, 1121) overlay_visible=True
2026-08-14 23:23:01,301 tracking: rect=(8, 7, 1432, 1121) overlay_visible=True
2026-08-14 23:23:01,332 left click mode=eyedrop_key at (2139,212)
2026-08-14 23:23:01,410 tracking: rect=(8, 7, 1432, 1121) overlay_visible=True
2026-08-14 23:23:01,519 tracking: rect=(8, 7, 1432, 1121) overlay_visible=True
2026-08-14 23:23:01,619 tracking: rect=(8, 7, 1432, 1121) overlay_visible=True
2026-08-14 23:23:01,720 tracking: rect=(8, 7, 1432, 1121) overlay_visible=True
2026-08-14 23:23:01,820 tracking: rect=(8, 7, 1432, 1121) overlay_visible=True
2026-08-14 23:23:01,922 tracking: rect=(8, 7, 1432, 1121) overlay_visible=True
2026-08-14 23:23:02,027 tracking: rect=(8, 7, 1432, 1121) overlay_visible=True
2026-08-14 23:23:02,141 tracking: rect=(8, 7, 1432, 1121) overlay_visible=True
2026-08-14 23:23:02,251 tracking: rect=(8, 7, 1432, 1121) overlay_visible=True
2026-08-14 23:23:02,360 tracking: rect=(8, 7, 1432, 1121) overlay_visible=True
2026-08-14 23:23:02,469 tracking: rect=(8, 7, 1432, 1121) overlay_visible=True
2026-08-14 23:23:02,570 tracking: rect=(8, 7, 1432, 1121) overlay_visible=True
2026-08-14 23:23:02,669 tracking: rect=(8, 7, 1432, 1121) overlay_visible=True
2026-08-14 23:23:02,770 tracking: rect=(8, 7, 1432, 1121) overlay_visible=True
2026-08-14 23:23:02,871 tracking: rect=(8, 7, 1432, 1121) overlay_visible=True
2026-08-14 23:23:02,974 tracking: rect=(8, 7, 1432, 1121) overlay_visible=True
2026-08-14 23:23:03,076 tracking: rect=(8, 7, 1432, 1121) overlay_visible=True
2026-08-14 23:23:03,187 tracking: rect=(8, 7, 1432, 1121) overlay_visible=True
2026-08-14 23:23:03,297 tracking: rect=(8, 7, 1432, 1121) overlay_visible=True
2026-08-14 23:23:03,407 tracking: rect=(8, 7, 1432, 1121) overlay_visible=True
2026-08-14 23:23:03,517 tracking: rect=(8, 7, 1432, 1121) overlay_visible=True
2026-08-14 23:23:03,622 tracking: rect=(8, 7, 1432, 1121) overlay_visible=True
2026-08-14 23:23:03,723 tracking: rect=(8, 7, 1432, 1121) overlay_visible=True
2026-08-14 23:23:03,825 tracking: rect=(8, 7, 1432, 1121) overlay_visible=True
2026-08-14 23:23:03,938 tracking: rect=(8, 7, 1432, 1121) overlay_visible=True
2026-08-14 23:23:04,040 tracking: rect=(8, 7, 1432, 1121) overlay_visible=True
2026-08-14 23:23:04,140 tracking: rect=(8, 7, 1432, 1121) overlay_visible=True
2026-08-14 23:23:04,241 tracking: rect=(8, 7, 1432, 1121) overlay_visible=True
2026-08-14 23:23:04,340 tracking: rect=(8, 7, 1432, 1121) overlay_visible=True
2026-08-14 23:23:04,442 tracking: rect=(8, 7, 1432, 1121) overlay_visible=True
2026-08-14 23:23:04,542 tracking: rect=(8, 7, 1432, 1121) overlay_visible=True
2026-08-14 23:23:04,655 tracking: rect=(8, 7, 1432, 1121) overlay_visible=True
2026-08-14 23:23:04,757 tracking: rect=(8, 7, 1432, 1121) overlay_visible=True
2026-08-14 23:23:04,859 tracking: rect=(8, 7, 1432, 1121) overlay_visible=True
2026-08-14 23:23:04,959 tracking: rect=(8, 7, 1432, 1121) overlay_visible=True
2026-08-14 23:23:05,061 tracking: rect=(8, 7, 1432, 1121) overlay_visible=True
2026-08-14 23:23:05,162 tracking: rect=(8, 7, 1432, 1121) overlay_visible=True
2026-08-14 23:23:05,262 tracking: rect=(8, 7, 1432, 1121) overlay_visible=True
2026-08-14 23:23:05,363 tracking: rect=(8, 7, 1432, 1121) overlay_visible=True
2026-08-14 23:23:05,464 tracking: rect=(8, 7, 1432, 1121) overlay_visible=True
2026-08-14 23:23:05,564 tracking: rect=(8, 7, 1432, 1121) overlay_visible=True
2026-08-14 23:23:05,665 tracking: rect=(8, 7, 1432, 1121) overlay_visible=True
2026-08-14 23:23:05,767 tracking: rect=(8, 7, 1432, 1121) overlay_visible=True
2026-08-14 23:23:05,868 tracking: rect=(8, 7, 1432, 1121) overlay_visible=True
2026-08-14 23:23:05,968 tracking: rect=(8, 7, 1432, 1121) overlay_visible=True
2026-08-14 23:23:06,069 tracking: rect=(8, 7, 1432, 1121) overlay_visible=True
2026-08-14 23:23:06,170 tracking: rect=(8, 7, 1432, 1121) overlay_visible=True
2026-08-14 23:23:06,270 tracking: rect=(8, 7, 1432, 1121) overlay_visible=True
2026-08-14 23:23:06,375 tracking: rect=(8, 7, 1432, 1121) overlay_visible=True
2026-08-14 23:23:06,485 tracking: rect=(8, 7, 1432, 1121) overlay_visible=True
2026-08-14 23:23:06,593 tracking: rect=(8, 7, 1432, 1121) overlay_visible=True
2026-08-14 23:23:06,692 tracking: rect=(8, 7, 1432, 1121) overlay_visible=True
2026-08-14 23:23:06,794 tracking: rect=(8, 7, 1432, 1121) overlay_visible=True
2026-08-14 23:23:06,900 tracking: rect=(8, 7, 1432, 1121) overlay_visible=True
2026-08-14 23:23:07,001 tracking: rect=(8, 7, 1432, 1121) overlay_visible=True
2026-08-14 23:23:07,103 tracking: rect=(8, 7, 1432, 1121) overlay_visible=True
2026-08-14 23:23:07,204 tracking: rect=(8, 7, 1432, 1121) overlay_visible=True
2026-08-14 23:23:07,311 tracking: rect=(8, 7, 1432, 1121) overlay_visible=True
2026-08-14 23:23:07,419 tracking: rect=(8, 7, 1432, 1121) overlay_visible=True
2026-08-14 23:23:07,530 tracking: rect=(8, 7, 1432, 1121) overlay_visible=True
2026-08-14 23:23:07,635 tracking: rect=(8, 7, 1432, 1121) overlay_visible=True
2026-08-14 23:23:07,736 tracking: rect=(8, 7, 1432, 1121) overlay_visible=True
2026-08-14 23:23:07,843 tracking: rect=(8, 7, 1432, 1121) overlay_visible=True
2026-08-14 23:23:07,953 tracking: rect=(8, 7, 1432, 1121) overlay_visible=True
2026-08-14 23:23:08,062 tracking: rect=(8, 7, 1432, 1121) overlay_visible=True
2026-08-14 23:23:08,172 tracking: rect=(8, 7, 1432, 1121) overlay_visible=True
2026-08-14 23:23:08,280 tracking: rect=(8, 7, 1432, 1121) overlay_visible=True
2026-08-14 23:23:08,389 tracking: rect=(8, 7, 1432, 1121) overlay_visible=True
2026-08-14 23:23:08,490 tracking: rect=(8, 7, 1432, 1121) overlay_visible=True
2026-08-14 23:23:08,589 tracking: rect=(8, 7, 1432, 1121) overlay_visible=True
2026-08-14 23:23:08,702 tracking: rect=(8, 7, 1432, 1121) overlay_visible=True
2026-08-14 23:23:08,812 tracking: rect=(8, 7, 1432, 1121) overlay_visible=True
2026-08-14 23:23:08,915 tracking: rect=(8, 7, 1432, 1121) overlay_visible=True
2026-08-14 23:23:09,016 tracking: rect=(8, 7, 1432, 1121) overlay_visible=True
2026-08-14 23:23:09,124 tracking: rect=(8, 7, 1432, 1121) overlay_visible=True
2026-08-14 23:23:09,232 tracking: rect=(8, 7, 1432, 1121) overlay_visible=True
2026-08-14 23:23:09,342 tracking: rect=(8, 7, 1432, 1121) overlay_visible=True
2026-08-14 23:23:09,443 tracking: rect=(8, 7, 1432, 1121) overlay_visible=True
2026-08-14 23:23:09,545 tracking: rect=(8, 7, 1432, 1121) overlay_visible=True
2026-08-14 23:23:09,646 tracking: rect=(8, 7, 1432, 1121) overlay_visible=True
2026-08-14 23:23:09,746 tracking: rect=(8, 7, 1432, 1121) overlay_visible=True
2026-08-14 23:23:09,846 tracking: rect=(8, 7, 1432, 1121) overlay_visible=True
2026-08-14 23:23:09,947 tracking: rect=(8, 7, 1432, 1121) overlay_visible=True
2026-08-14 23:23:10,047 tracking: rect=(8, 7, 1432, 1121) overlay_visible=True
2026-08-14 23:23:10,158 tracking: rect=(8, 7, 1432, 1121) overlay_visible=True
2026-08-14 23:23:10,268 tracking: rect=(8, 7, 1432, 1121) overlay_visible=True
2026-08-14 23:23:10,378 tracking: rect=(8, 7, 1432, 1121) overlay_visible=True
2026-08-14 23:23:10,480 tracking: rect=(8, 7, 1432, 1121) overlay_visible=True
2026-08-14 23:23:10,583 tracking: rect=(8, 7, 1432, 1121) overlay_visible=True
2026-08-14 23:23:10,685 tracking: rect=(8, 7, 1432, 1121) overlay_visible=True
2026-08-14 23:23:10,786 tracking: rect=(8, 7, 1432, 1121) overlay_visible=True
2026-08-14 23:23:10,887 tracking: rect=(8, 7, 1432, 1121) overlay_visible=True
2026-08-14 23:23:10,987 tracking: rect=(8, 7, 1432, 1121) overlay_visible=True
2026-08-14 23:23:11,088 tracking: rect=(8, 7, 1432, 1121) overlay_visible=True
2026-08-14 23:23:11,203 tracking: rect=(8, 7, 1432, 1121) overlay_visible=True
2026-08-14 23:23:11,304 tracking: rect=(8, 7, 1432, 1121) overlay_visible=True
2026-08-14 23:23:11,404 tracking: rect=(8, 7, 1432, 1121) overlay_visible=True
2026-08-14 23:23:11,514 tracking: rect=(8, 7, 1432, 1121) overlay_visible=True
2026-08-14 23:23:11,615 tracking: rect=(8, 7, 1432, 1121) overlay_visible=True
2026-08-14 23:23:11,715 tracking: rect=(8, 7, 1432, 1121) overlay_visible=True
2026-08-14 23:23:11,826 tracking: rect=(8, 7, 1432, 1121) overlay_visible=True
2026-08-14 23:23:11,935 tracking: rect=(8, 7, 1432, 1121) overlay_visible=True
2026-08-14 23:23:12,045 tracking: rect=(8, 7, 1432, 1121) overlay_visible=True
2026-08-14 23:23:12,155 tracking: rect=(8, 7, 1432, 1121) overlay_visible=True
2026-08-14 23:23:12,267 tracking: rect=(8, 7, 1432, 1121) overlay_visible=True
2026-08-14 23:23:12,367 tracking: rect=(8, 7, 1432, 1121) overlay_visible=True
2026-08-14 23:23:12,470 tracking: rect=(8, 7, 1432, 1121) overlay_visible=True
2026-08-14 23:23:12,572 tracking: rect=(8, 7, 1432, 1121) overlay_visible=True
2026-08-14 23:23:12,672 tracking: rect=(8, 7, 1432, 1121) overlay_visible=True
2026-08-14 23:23:12,781 tracking: rect=(8, 7, 1432, 1121) overlay_visible=True
2026-08-14 23:23:12,881 tracking: rect=(8, 7, 1432, 1121) overlay_visible=True
2026-08-14 23:23:12,982 tracking: rect=(8, 7, 1432, 1121) overlay_visible=True
2026-08-14 23:23:13,091 tracking: rect=(8, 7, 1432, 1121) overlay_visible=True
2026-08-14 23:23:13,202 tracking: rect=(8, 7, 1432, 1121) overlay_visible=True
2026-08-14 23:23:13,310 tracking: rect=(8, 7, 1432, 1121) overlay_visible=True
2026-08-14 23:23:13,419 tracking: rect=(8, 7, 1432, 1121) overlay_visible=True
2026-08-14 23:23:13,528 tracking: rect=(8, 7, 1432, 1121) overlay_visible=True
2026-08-14 23:23:13,636 tracking: rect=(8, 7, 1432, 1121) overlay_visible=True
2026-08-14 23:23:13,746 tracking: rect=(8, 7, 1432, 1121) overlay_visible=True
2026-08-14 23:23:13,856 tracking: rect=(8, 7, 1432, 1121) overlay_visible=True
2026-08-14 23:23:13,966 tracking: rect=(8, 7, 1432, 1121) overlay_visible=True
2026-08-14 23:23:14,074 tracking: rect=(8, 7, 1432, 1121) overlay_visible=True
2026-08-14 23:23:14,185 tracking: rect=(8, 7, 1432, 1121) overlay_visible=True
2026-08-14 23:23:14,295 tracking: rect=(8, 7, 1432, 1121) overlay_visible=True
2026-08-14 23:23:14,405 tracking: rect=(8, 7, 1432, 1121) overlay_visible=True
2026-08-14 23:23:14,515 tracking: rect=(8, 7, 1432, 1121) overlay_visible=True
2026-08-14 23:23:14,624 tracking: rect=(8, 7, 1432, 1121) overlay_visible=True
2026-08-14 23:23:14,734 tracking: rect=(8, 7, 1432, 1121) overlay_visible=True
2026-08-14 23:23:14,844 tracking: rect=(8, 7, 1432, 1121) overlay_visible=True
2026-08-14 23:23:14,952 tracking: rect=(8, 7, 1432, 1121) overlay_visible=True
2026-08-14 23:23:15,054 tracking: rect=(8, 7, 1432, 1121) overlay_visible=True
2026-08-14 23:23:15,154 tracking: rect=(8, 7, 1432, 1121) overlay_visible=True
2026-08-14 23:23:15,254 tracking: rect=(8, 7, 1432, 1121) overlay_visible=True
2026-08-14 23:23:15,354 tracking: rect=(8, 7, 1432, 1121) overlay_visible=True
2026-08-14 23:23:15,456 tracking: rect=(8, 7, 1432, 1121) overlay_visible=True
2026-08-14 23:23:15,557 tracking: rect=(8, 7, 1432, 1121) overlay_visible=True
2026-08-14 23:23:15,658 tracking: rect=(8, 7, 1432, 1121) overlay_visible=True
2026-08-14 23:23:15,764 tracking: rect=(8, 7, 1432, 1121) overlay_visible=True
2026-08-14 23:23:15,873 tracking: rect=(8, 7, 1432, 1121) overlay_visible=True
2026-08-14 23:23:15,983 tracking: rect=(8, 7, 1432, 1121) overlay_visible=True
2026-08-14 23:23:16,090 tracking: rect=(8, 7, 1432, 1121) overlay_visible=True
2026-08-14 23:23:16,204 tracking: rect=(8, 7, 1432, 1121) overlay_visible=True
2026-08-14 23:23:16,313 tracking: rect=(8, 7, 1432, 1121) overlay_visible=True
2026-08-14 23:23:16,422 tracking: rect=(8, 7, 1432, 1121) overlay_visible=True
2026-08-14 23:23:16,532 tracking: rect=(8, 7, 1432, 1121) overlay_visible=True
2026-08-14 23:23:16,642 tracking: rect=(8, 7, 1432, 1121) overlay_visible=True
2026-08-14 23:23:16,749 tracking: rect=(8, 7, 1432, 1121) overlay_visible=True
2026-08-14 23:23:16,858 tracking: rect=(8, 7, 1432, 1121) overlay_visible=True
2026-08-14 23:23:16,967 tracking: rect=(8, 7, 1432, 1121) overlay_visible=True
2026-08-14 23:23:17,077 tracking: rect=(8, 7, 1432, 1121) overlay_visible=True
2026-08-14 23:23:17,218 tracking: rect=(8, 7, 1432, 1121) overlay_visible=True
2026-08-14 23:23:17,328 tracking: rect=(8, 7, 1432, 1121) overlay_visible=True
2026-08-14 23:23:17,437 tracking: rect=(8, 7, 1432, 1121) overlay_visible=True
2026-08-14 23:23:17,546 tracking: rect=(8, 7, 1432, 1121) overlay_visible=True
2026-08-14 23:23:17,655 tracking: rect=(8, 7, 1432, 1121) overlay_visible=True
2026-08-14 23:23:17,764 tracking: rect=(8, 7, 1432, 1121) overlay_visible=True
2026-08-14 23:23:17,872 tracking: rect=(8, 7, 1432, 1121) overlay_visible=True
2026-08-14 23:23:17,982 tracking: rect=(8, 7, 1432, 1121) overlay_visible=True
2026-08-14 23:23:18,092 tracking: rect=(8, 7, 1432, 1121) overlay_visible=True
2026-08-14 23:23:18,202 tracking: rect=(8, 7, 1432, 1121) overlay_visible=True
2026-08-14 23:23:18,312 tracking: rect=(8, 7, 1432, 1121) overlay_visible=True
2026-08-14 23:23:18,422 tracking: rect=(8, 7, 1432, 1121) overlay_visible=True
2026-08-14 23:23:18,530 tracking: rect=(8, 7, 1432, 1121) overlay_visible=True
2026-08-14 23:23:18,639 tracking: rect=(8, 7, 1432, 1121) overlay_visible=True
2026-08-14 23:24:55,503 left click mode=idle at (1795,147)
2026-08-14 23:24:56,184 left click mode=idle at (1881,110)
2026-08-14 23:24:57,208 left click mode=idle at (2167,403)
2026-08-14 23:24:57,802 left click mode=idle at (2169,419)
2026-08-14 23:24:59,064 left click mode=idle at (2131,203)
2026-08-14 23:25:00,455 left click mode=idle at (2093,607)
2026-08-14 23:25:03,381 left click mode=idle at (2482,1141)
2026-08-14 23:25:05,814 left click mode=idle at (2128,266)
2026-08-14 23:25:09,745 left click mode=eyedrop_bg at (2058,259)
2026-08-14 23:25:10,681 left click mode=eyedrop_bg at (1016,752)
2026-08-14 23:25:11,675 left click mode=eyedrop_bg at (1087,752)
2026-08-14 23:25:13,686 left click mode=eyedrop_bg at (2261,255)
2026-08-14 23:25:16,364 left click mode=eyedrop_bg at (2207,417)
2026-08-14 23:25:17,824 left click mode=eyedrop_bg at (2213,496)
2026-08-14 23:25:18,542 left click mode=eyedrop_bg at (1872,1322)
2026-08-14 23:26:06,813 left click mode=idle at (1760,284)
2026-08-14 23:26:07,562 left click mode=idle at (2035,274)
2026-08-14 23:26:08,589 left click mode=idle at (1781,1306)
2026-08-14 23:26:32,541 left click mode=idle at (2233,1252)
2026-08-14 23:26:41,302 left click mode=idle at (1804,1189)
2026-08-14 23:29:56,523 left click mode=idle at (1501,765)
2026-08-14 23:29:57,640 left click mode=idle at (1821,90)
2026-08-14 23:29:59,085 left click mode=idle at (1716,423)
2026-08-14 23:29:59,842 left click mode=idle at (2312,405)
2026-08-14 23:30:01,491 left click mode=idle at (2139,276)
2026-08-14 23:30:05,396 left click mode=eyedrop_bg at (1357,295)
2026-08-14 23:30:06,655 left click mode=eyedrop_bg at (2318,261)
2026-08-14 23:30:08,035 left click mode=eyedrop_bg at (2173,415)
2026-08-14 23:30:11,116 left click mode=eyedrop_bg at (2215,426)
2026-08-14 23:30:13,861 left click mode=eyedrop_bg at (2087,971)
2026-08-14 23:30:15,770 left click mode=eyedrop_bg at (1080,1556)
2026-08-14 23:30:18,355 left click mode=eyedrop_bg at (760,1551)
2026-08-14 23:30:18,895 left click mode=eyedrop_bg at (760,1551)
2026-08-14 23:30:20,876 left click mode=eyedrop_bg at (838,1552)
2026-08-14 23:30:21,760 left click mode=eyedrop_bg at (1701,1300)
